hd,jcd,rno,lane,racer_id,racer_name,decision4,course_first_rate,course_3rd_rate,course_avg_st,tenji_st,tenji_sec,tenji_rank,st_rank,motor_rate2,motor_rate3,boat_rate2,boat_rate3,wind_speed_m,wave_height_cm,kimarite_makuri,kimarite_sashi,kimarite_makuri_sashi,kimarite_nuki,power_lane,power_inner,power_outer,outer_over_inner,dash_attack_flag,is_strong_wind,is_crosswind
20240318,2,1,1,3960,菊地 孝平,NIGE,79.3,92.0,0.11,0.0009,6.92,4,3,39.51,56.17,27.69,48.46,9.0,8.0,0.0,0.0,0.0,1.0,16.756999999999998,14.463,15.816999999999998,1.3539999999999992,0,1,1
20240318,2,1,2,4586,磯部 誠,NIGE,25.0,57.5,0.13,0.0008,6.88,2,2,28.8,47.2,38.85,52.52,9.0,8.0,4.0,6.0,0.0,0.0,13.224,14.463,15.816999999999998,1.3539999999999992,0,1,1
20240318,2,1,3,4856,豊田 健士郎,NIGE,23.2,66.0,0.14,0.0004,6.89,3,1,30.08,51.13,34.93,49.32,9.0,8.0,6.0,0.0,7.0,0.0,13.408,14.463,15.816999999999998,1.3539999999999992,0,1,1
20240318,2,1,4,4546,浜田 亜理沙,NIGE,25.0,72.9,0.13,0.08,6.88,2,5,44.94,63.92,30.56,49.07,9.0,8.0,3.0,2.0,5.0,1.0,17.802,14.463,15.816999999999998,1.3539999999999992,0,1,1
20240318,2,1,5,5121,定松 勇樹,NIGE,20.5,61.5,0.15,0.0009,6.87,1,3,31.21,41.13,49.59,64.23,9.0,8.0,4.0,0.0,1.0,3.0,13.948999999999998,14.463,15.816999999999998,1.3539999999999992,0,1,1
20240318,2,1,6,4682,大上 卓人,NIGE,6.0,45.4,0.16,0.001,6.93,5,4,38.36,62.89,30.56,46.53,9.0,8.0,1.0,0.0,1.0,0.0,15.699999999999998,14.463,15.816999999999998,1.3539999999999992,0,1,1
20240318,2,2,1,4013,中島 孝平,SASHI,75.3,90.7,0.13,0.0004,7.22,5,2,41.13,51.06,30.82,53.42,9.0,8.0,0.0,0.0,0.0,2.0,16.803,143165592.066,15.095333333333334,-143165576.97066668,0,1,1
20240318,2,2,2,3590,濱野谷 憲吾,SASHI,15.5,73.3,0.15,0.02,7.03,1,6,41.78,62.33,36.17,54.61,9.0,8.0,2.0,4.0,0.0,0.0,429496746.498,143165592.066,15.095333333333334,-143165576.97066668,0,1,1
20240318,2,2,3,4168,石野 貴之,SASHI,27.2,78.7,0.12,0.01,7.29,6,5,28.91,45.31,33.33,45.65,9.0,8.0,5.0,0.0,4.0,0.0,12.897,143165592.066,15.095333333333334,-143165576.97066668,0,1,1
20240318,2,2,4,4787,椎名 豊,SASHI,20.0,50.0,0.12,0.0005,7.18,4,3,30.22,53.96,40.3,55.97,9.0,8.0,8.0,0.0,0.0,0.0,13.681999999999999,143165592.066,15.095333333333334,-143165576.97066668,0,1,1
20240318,2,2,5,4685,島村 隆幸,SASHI,22.5,57.5,0.14,0.0006,7.09,3,4,35.85,49.06,36.69,56.12,9.0,8.0,4.0,0.0,5.0,0.0,15.037,143165592.066,15.095333333333334,-143165576.97066668,0,1,1
20240318,2,2,6,4933,板橋 侑我,SASHI,2.8,34.2,0.18,0.0002,7.04,2,1,39.13,55.28,29.53,50.34,9.0,8.0,0.0,0.0,0.0,1.0,16.567,143165592.066,15.095333333333334,-143165576.97066668,0,1,1
20240318,2,3,1,4760,山崎 郡,NIGE,68.6,88.0,0.13,0.0002,6.95,2,1,43.4,61.01,31.91,46.81,9.0,8.0,0.0,0.0,0.0,0.0,17.476,15.197333333333331,143165591.39800003,143165576.2006667,0,1,1
20240318,2,3,2,4262,馬場 貴也,NIGE,24.4,68.8,0.11,0.02,7.0,3,3,34.48,54.48,38.3,55.32,9.0,8.0,2.0,6.0,0.0,3.0,15.025999999999998,15.197333333333331,143165591.39800003,143165576.2006667,0,1,1
20240318,2,3,3,4445,宮地 元輝,NIGE,13.3,57.7,0.12,0.04,6.94,1,4,29.8,50.99,38.3,52.48,9.0,8.0,3.0,0.0,3.0,0.0,13.089999999999998,15.197333333333331,143165591.39800003,143165576.2006667,0,1,1
20240318,2,3,4,4166,吉田 拡郎,NIGE,23.8,76.1,0.11,0.07,7.06,6,5,33.33,46.0,29.79,49.65,9.0,8.0,6.0,0.0,1.0,3.0,14.090999999999998,15.197333333333331,143165591.39800003,143165576.2006667,0,1,1
20240318,2,3,5,4024,井口 佳典,NIGE,16.2,53.4,0.15,0.08,7.05,5,6,45.29,57.65,46.27,66.42,9.0,8.0,0.0,0.0,4.0,3.0,429496747.461,15.197333333333331,143165591.39800003,143165576.2006667,0,1,1
20240318,2,3,6,4544,松田 大志郎,NIGE,13.6,61.3,0.17,0.0004,7.03,4,2,27.14,42.14,32.37,48.92,9.0,8.0,0.0,0.0,5.0,0.0,12.642,15.197333333333331,143165591.39800003,143165576.2006667,0,1,1
20240318,2,4,1,3942,寺田 祥,SASHI,58.3,76.6,0.16,0.0003,7.11,2,1,34.0,55.33,27.97,43.36,11.0,10.0,0.0,0.0,0.0,2.0,14.926,14.604666666666665,14.228,-0.37666666666666515,0,1,1
20240318,2,4,2,4459,片岡 雅裕,SASHI,8.5,70.2,0.15,0.0003,7.15,4,1,33.83,45.11,35.71,51.43,11.0,10.0,0.0,3.0,0.0,1.0,14.604999999999999,14.604666666666665,14.228,-0.37666666666666515,0,1,1
20240318,2,4,3,3415,松井 繁,SASHI,11.6,63.3,0.17,0.0006,7.11,2,2,32.19,52.74,35.86,52.41,11.0,10.0,1.0,0.0,4.0,2.0,14.282999999999998,14.604666666666665,14.228,-0.37666666666666515,0,1,1
20240318,2,4,4,3946,赤岩 善生,SASHI,3.7,59.2,0.16,0.0015,7.08,1,3,29.01,45.68,33.55,57.89,11.0,10.0,0.0,0.0,1.0,0.0,13.180999999999997,14.604666666666665,14.228,-0.37666666666666515,0,1,1
20240318,2,4,5,4190,長嶋 万記,SASHI,17.6,70.5,0.13,0.05,7.11,2,4,36.36,53.25,46.04,62.59,11.0,10.0,2.0,1.0,3.0,0.0,14.709999999999999,14.604666666666665,14.228,-0.37666666666666515,0,1,1
20240318,2,4,6,4362,土屋 智則,SASHI,6.6,20.0,0.15,0.24,7.12,3,5,36.43,50.71,42.03,58.7,11.0,10.0,0.0,1.0,0.0,0.0,14.793,14.604666666666665,14.228,-0.37666666666666515,0,1,1
20240318,2,6,1,3897,白井 英治,NIGE,85.3,94.3,0.14,0.33,7.39,6,6,27.81,44.37,37.5,50.69,14.0,13.0,0.0,0.0,0.0,3.0,429496742.577,143165591.41233334,17.384999999999998,-143165574.02733335,0,1,1
20240318,2,6,2,4266,長田 頼宗,NIGE,22.7,63.6,0.13,0.16,7.29,3,5,32.62,48.23,37.23,56.2,14.0,13.0,4.0,4.0,0.0,2.0,13.758,143165591.41233334,17.384999999999998,-143165574.02733335,0,1,1
20240318,2,6,3,4546,浜田 亜理沙,NIGE,21.9,73.1,0.16,0.11,7.31,4,4,44.94,63.92,30.56,49.07,14.0,13.0,1.0,5.0,2.0,0.0,17.902,143165591.41233334,17.384999999999998,-143165574.02733335,0,1,1
20240318,2,6,4,4013,中島 孝平,NIGE,22.5,57.5,0.13,0.0003,7.36,5,1,41.13,51.06,30.82,53.42,14.0,13.0,3.0,1.0,3.0,2.0,16.903,143165591.41233334,17.384999999999998,-143165574.02733335,1,1,1
20240318,2,6,5,4320,峰 竜太,NIGE,26.9,69.2,0.11,0.01,7.08,1,2,42.68,56.69,34.01,47.62,14.0,13.0,0.0,0.0,5.0,2.0,18.138,143165591.41233334,17.384999999999998,-143165574.02733335,0,1,1
20240318,2,6,6,3874,山本 寛久,NIGE,4.8,39.0,0.18,0.08,7.17,2,3,42.86,61.22,38.3,53.19,14.0,13.0,0.0,0.0,0.0,2.0,17.113999999999997,143165591.41233334,17.384999999999998,-143165574.02733335,0,1,1
20240318,8,10,1,4269,杉山 裕也,NIGE,76.5,92.1,0.15,0.1,6.7,4,3,32.31,50.77,42.2,60.69,5.0,4.0,0.0,0.0,0.0,2.0,14.302999999999997,143165590.48266667,15.301666666666664,-143165575.181,0,0,0
20240318,8,10,2,4866,橋本 英一,NIGE,2.7,51.3,0.14,0.22,6.76,6,5,37.04,53.7,32.0,48.57,5.0,4.0,0.0,1.0,0.0,0.0,13.836,143165590.48266667,15.301666666666664,-143165575.181,0,0,0
20240318,8,10,3,3543,福田 雅一,NIGE,11.7,58.8,0.15,0.32,6.64,1,6,34.33,46.27,34.3,54.07,5.0,4.0,2.0,0.0,1.0,1.0,429496743.309,143165590.48266667,15.301666666666664,-143165575.181,0,0,0
20240318,8,10,4,4329,小松 卓司,NIGE,2.6,50.0,0.16,0.09,6.69,3,2,50.91,65.45,37.18,51.92,5.0,4.0,0.0,1.0,0.0,0.0,18.093,143165590.48266667,15.301666666666664,-143165575.181,1,0,0
20240318,8,10,5,5074,大澤 誠也,NIGE,0.0,13.3,0.15,0.01,6.67,2,1,37.29,54.24,34.13,49.1,5.0,4.0,0.0,0.0,0.0,0.0,13.956999999999999,143165590.48266667,15.301666666666664,-143165575.181,0,0,0
20240318,8,10,6,3412,鈴木 博,NIGE,2.2,18.1,0.15,0.11,6.72,5,4,33.33,50.0,30.3,44.24,5.0,4.0,1.0,0.0,0.0,0.0,13.854999999999999,143165590.48266667,15.301666666666664,-143165575.181,0,0,0
20240318,8,11,1,4294,古賀 繁輝,MAKURI_SASHI,60.4,91.6,0.15,0.27,6.69,2,5,43.28,62.69,30.82,45.28,6.0,5.0,0.0,0.0,0.0,1.0,17.502,143165591.50333333,13.216,-143165578.28733334,0,1,0
20240318,8,11,2,3929,杢野 誓良,MAKURI_SASHI,11.1,58.3,0.12,0.64,6.68,1,6,34.43,49.18,27.95,47.83,6.0,5.0,2.0,2.0,0.0,0.0,429496742.913,143165591.50333333,13.216,-143165578.28733334,0,1,0
20240318,8,11,3,3401,上田 隆章,MAKURI_SASHI,0.0,35.2,0.17,0.11,6.72,4,4,37.31,53.73,32.6,49.72,6.0,5.0,0.0,0.0,0.0,0.0,14.094999999999999,143165591.50333333,13.216,-143165578.28733334,0,1,0
20240318,8,11,4,4369,丹下 将,MAKURI_SASHI,9.6,51.9,0.15,0.0002,6.72,4,2,36.36,54.55,36.93,51.7,6.0,5.0,0.0,0.0,4.0,1.0,14.526,143165591.50333333,13.216,-143165578.28733334,1,1,0
20240318,8,11,5,3902,蜷川 哲平,MAKURI_SASHI,2.6,28.9,0.22,0.0001,6.73,5,1,25.76,42.42,41.86,61.63,6.0,5.0,0.0,0.0,1.0,0.0,11.578,143165591.50333333,13.216,-143165578.28733334,0,1,0
20240318,8,11,6,4925,森 悠稀,MAKURI_SASHI,7.3,24.3,0.14,0.0011,6.71,3,3,34.38,43.75,31.68,44.72,6.0,5.0,2.0,0.0,1.0,0.0,13.543999999999999,143165591.50333333,13.216,-143165578.28733334,0,1,0
20240318,8,2,1,3726,桂林 寛,NIGE,51.7,82.7,0.16,0.05,6.73,1,3,34.33,53.73,33.71,53.71,5.0,4.0,0.0,0.0,0.0,1.0,13.378999999999998,143165589.02,15.746333333333332,-143165573.27366668,0,0,0
20240318,8,2,2,4653,小野 達哉,NIGE,21.7,76.0,0.14,0.11,6.74,2,6,28.57,50.0,32.35,47.06,5.0,4.0,2.0,8.0,0.0,0.0,429496742.103,143165589.02,15.746333333333332,-143165573.27366668,0,0,0
20240318,8,2,3,3902,蜷川 哲平,NIGE,13.3,66.6,0.19,0.02,6.8,3,1,25.76,42.42,41.86,61.63,5.0,4.0,3.0,0.0,1.0,0.0,11.578,143165589.02,15.746333333333332,-143165573.27366668,0,0,0
20240318,8,2,4,3730,塩崎 優司,NIGE,8.1,27.0,0.16,0.03,6.82,4,2,48.61,58.33,42.94,59.32,5.0,4.0,1.0,2.0,0.0,0.0,17.727,143165589.02,15.746333333333332,-143165573.27366668,0,0,0
20240318,8,2,5,3834,細川 明人,NIGE,3.1,25.0,0.18,0.07,6.88,5,4,41.54,60.0,35.39,51.69,5.0,4.0,0.0,0.0,1.0,0.0,15.094,143165589.02,15.746333333333332,-143165573.27366668,0,0,0
20240318,8,2,6,4604,岩瀬 裕亮,NIGE,0.0,43.9,0.16,0.08,6.74,2,5,35.0,56.67,37.2,55.49,5.0,4.0,0.0,0.0,0.0,0.0,14.418,143165589.02,15.746333333333332,-143165573.27366668,0,0,0
20240318,8,3,1,4866,橋本 英一,MAKURI_SASHI,42.8,71.4,0.14,0.0002,6.81,3,1,37.04,53.7,32.0,48.57,5.0,4.0,0.0,0.0,0.0,0.0,14.236,15.666666666666666,15.375333333333332,-0.2913333333333341,0,0,0
20240318,8,3,2,4365,盛本 真輔,MAKURI_SASHI,18.3,51.0,0.18,0.0002,6.77,2,1,53.45,70.69,33.91,55.75,5.0,4.0,3.0,6.0,0.0,0.0,19.465,15.666666666666666,15.375333333333332,-0.2913333333333341,0,0,0
20240318,8,3,3,4983,前田 篤哉,MAKURI_SASHI,18.7,70.8,0.16,0.0004,6.74,1,2,28.99,42.03,37.2,51.22,5.0,4.0,4.0,0.0,5.0,0.0,13.299,15.666666666666666,15.375333333333332,-0.2913333333333341,0,0,0
20240318,8,3,4,4834,浜本 裕己,MAKURI_SASHI,3.1,43.7,0.16,0.05,6.81,3,3,30.51,42.37,26.32,50.66,5.0,4.0,1.0,0.0,0.0,0.0,11.735,15.666666666666666,15.375333333333332,-0.2913333333333341,0,0,0
20240318,8,3,5,5098,大江 純,MAKURI_SASHI,0.0,35.4,0.15,0.0002,6.74,1,1,50.77,66.15,42.61,56.82,5.0,4.0,0.0,0.0,0.0,0.0,18.331,15.666666666666666,15.375333333333332,-0.2913333333333341,0,0,0
20240318,8,3,6,3623,深川 真二,MAKURI_SASHI,0.0,0.0,0.0,0.06,6.81,3,4,39.44,50.7,32.39,50.57,5.0,4.0,0.0,0.0,0.0,0.0,16.06,15.666666666666666,15.375333333333332,-0.2913333333333341,0,0,0
20240318,8,4,1,4369,丹下 将,NIGE,71.1,88.1,0.13,0.0005,6.82,5,1,36.36,54.55,36.93,51.7,5.0,4.0,0.0,0.0,0.0,2.0,14.626,16.846666666666664,143165592.14666668,143165575.3,0,0,0
20240318,8,4,2,4329,小松 卓司,NIGE,10.8,64.8,0.17,0.0011,6.8,3,4,50.91,65.45,37.18,51.92,5.0,4.0,0.0,4.0,0.0,0.0,17.893,16.846666666666664,143165592.14666668,143165575.3,0,0,0
20240318,8,4,3,5039,倉田 茂将,NIGE,6.8,45.4,0.14,0.0012,6.77,1,5,49.23,63.08,32.89,48.99,5.0,4.0,1.0,0.0,1.0,0.0,18.020999999999997,16.846666666666664,143165592.14666668,143165575.3,0,0,0
20240318,8,4,4,4159,向後 龍一,NIGE,6.8,52.2,0.18,0.06,6.77,1,6,40.0,58.33,28.13,46.88,5.0,4.0,1.0,0.0,2.0,0.0,429496745.118,16.846666666666664,143165592.14666668,143165575.3,0,0,0
20240318,8,4,5,4075,中野 次郎,NIGE,4.8,36.5,0.14,0.0007000000000000001,6.78,2,2,48.39,62.9,28.48,42.42,5.0,4.0,0.0,0.0,2.0,0.0,18.693,16.846666666666664,143165592.14666668,143165575.3,0,0,0
20240318,8,4,6,4903,吉田 凌太朗,NIGE,3.2,38.7,0.2,0.0008,6.81,4,3,28.13,42.19,45.51,64.61,5.0,4.0,0.0,0.0,1.0,0.0,12.629,16.846666666666664,143165592.14666668,143165575.3,0,0,0
20240318,8,6,1,3987,後藤 正宗,NIGE,62.7,90.2,0.15,0.03,6.82,2,5,29.85,43.28,31.82,45.45,5.0,4.0,0.0,0.0,0.0,0.0,12.531,13.028666666666666,13.108666666666664,0.0799999999999983,0,0,0
20240318,8,6,2,4925,森 悠稀,NIGE,13.1,36.8,0.15,0.0,6.84,4,1,34.38,43.75,31.68,44.72,5.0,4.0,0.0,4.0,0.0,1.0,13.744,13.028666666666666,13.108666666666664,0.0799999999999983,0,0,0
20240318,8,6,3,3905,天野 友和,NIGE,4.3,60.8,0.14,0.02,6.83,3,4,30.65,56.45,26.28,52.56,5.0,4.0,0.0,0.0,1.0,1.0,12.810999999999998,13.028666666666666,13.108666666666664,0.0799999999999983,0,0,0
20240318,8,6,4,4119,泥谷 一毅,NIGE,10.2,44.9,0.14,0.0001,6.86,5,2,22.41,44.83,42.94,61.96,5.0,4.0,3.0,1.0,1.0,0.0,9.759,13.028666666666666,13.108666666666664,0.0799999999999983,0,0,0
20240318,8,6,5,4269,杉山 裕也,NIGE,9.8,62.7,0.16,0.0001,6.75,1,2,32.31,50.77,42.2,60.69,5.0,4.0,0.0,0.0,3.0,2.0,14.402999999999999,13.028666666666666,13.108666666666664,0.0799999999999983,0,0,0
20240318,8,6,6,4091,荒田 泰明,NIGE,3.7,18.5,0.2,0.0007000000000000001,6.82,2,3,40.68,57.63,34.36,52.15,5.0,4.0,0.0,0.0,0.0,0.0,15.163999999999998,13.028666666666666,13.108666666666664,0.0799999999999983,0,0,0
20240318,8,7,1,3434,松尾 宣邦,MAKURI_SASHI,52.0,84.0,0.17,0.13,6.96,5,6,28.57,52.38,37.99,53.07,5.0,4.0,0.0,0.0,0.0,1.0,429496740.885,143165589.67133334,15.43,-143165574.24133334,0,0,0
20240318,8,7,2,5047,國分 将太郎,MAKURI_SASHI,18.1,72.7,0.16,0.01,6.81,1,2,28.57,51.79,30.71,43.31,5.0,4.0,2.0,1.0,0.0,1.0,12.069,143165589.67133334,15.43,-143165574.24133334,0,0,0
20240318,8,7,3,3623,深川 真二,MAKURI_SASHI,5.6,58.4,0.13,0.08,6.81,1,4,39.44,50.7,32.39,50.57,5.0,4.0,0.0,0.0,1.0,2.0,16.06,143165589.67133334,15.43,-143165574.24133334,0,0,0
20240318,8,7,4,3696,白井 友晴,MAKURI_SASHI,5.0,35.0,0.18,0.07,6.84,3,3,34.33,47.76,32.73,48.48,5.0,4.0,1.0,0.0,1.0,0.0,13.565,143165589.67133334,15.43,-143165574.24133334,0,0,0
20240318,8,7,5,3713,伊藤 誠二,MAKURI_SASHI,6.5,32.6,0.12,0.09,6.82,2,5,37.68,56.52,29.7,41.82,5.0,4.0,1.0,0.0,2.0,0.0,14.898,143165589.67133334,15.43,-143165574.24133334,0,0,0
20240318,8,7,6,3730,塩崎 優司,MAKURI_SASHI,0.0,0.0,0.19,0.0001,6.9,4,1,48.61,58.33,42.94,59.32,5.0,4.0,0.0,0.0,0.0,0.0,17.826999999999998,143165589.67133334,15.43,-143165574.24133334,0,0,0
20240318,8,8,1,4538,笠置 博之,SASHI,50.0,73.0,0.15,0.22,6.79,4,4,28.99,47.83,31.76,50.59,5.0,4.0,0.0,0.0,0.0,1.0,11.880999999999998,12.711333333333334,143165591.972,143165579.26066667,0,0,0
20240318,8,8,2,4604,岩瀬 裕亮,SASHI,17.7,82.2,0.13,0.23,6.77,3,5,35.0,56.67,37.2,55.49,5.0,4.0,1.0,6.0,0.0,0.0,14.418,12.711333333333334,143165591.972,143165579.26066667,0,0,0
20240318,8,8,3,4834,浜本 裕己,SASHI,14.6,46.3,0.16,0.09,6.77,3,2,30.51,42.37,26.32,50.66,5.0,4.0,0.0,2.0,4.0,0.0,11.835,12.711333333333334,143165591.972,143165579.26066667,0,0,0
20240318,8,8,4,5170,佐藤 太亮,SASHI,8.1,43.2,0.12,0.03,6.77,3,1,46.88,60.94,33.12,46.5,5.0,4.0,2.0,0.0,1.0,0.0,17.296,12.711333333333334,143165591.972,143165579.26066667,1,0,0
20240318,8,8,5,4748,渡邉 雄朗,SASHI,4.0,59.1,0.16,0.1,6.7,1,3,23.33,31.67,37.99,54.19,5.0,4.0,0.0,0.0,2.0,0.0,11.098999999999998,12.711333333333334,143165591.972,143165579.26066667,0,0,0
20240318,8,8,6,5039,倉田 茂将,SASHI,0.0,55.5,0.16,0.24,6.75,2,6,49.23,63.08,32.89,48.99,5.0,4.0,0.0,0.0,0.0,0.0,429496747.521,12.711333333333334,143165591.972,143165579.26066667,0,0,0
20240318,8,9,1,4365,盛本 真輔,MAKURI_SASHI,58.3,83.3,0.16,0.07,6.75,2,2,53.45,70.69,33.91,55.75,5.0,4.0,0.0,0.0,0.0,0.0,19.365000000000002,16.393,143165590.08133334,143165573.68833333,0,0,0
20240318,8,9,2,4494,河合 佑樹,MAKURI_SASHI,25.5,74.4,0.15,0.09,6.74,1,3,31.34,46.27,37.95,54.22,5.0,4.0,0.0,10.0,0.0,1.0,14.095999999999998,16.393,143165590.08133334,143165573.68833333,0,0,0
20240318,8,9,3,4159,向後 龍一,MAKURI_SASHI,23.8,76.1,0.17,0.12,6.77,3,4,40.0,58.33,28.13,46.88,5.0,4.0,5.0,1.0,0.0,4.0,15.718,16.393,143165590.08133334,143165573.68833333,0,0,0
20240318,8,9,4,4202,浮田 圭浩,MAKURI_SASHI,2.6,39.4,0.21,0.19,6.77,3,6,44.3,62.03,26.53,42.18,5.0,4.0,0.0,0.0,1.0,0.0,429496745.31,16.393,143165590.08133334,143165573.68833333,0,0,0
20240318,8,9,5,4653,小野 達哉,MAKURI_SASHI,6.3,42.5,0.14,0.04,6.74,1,1,28.57,50.0,32.35,47.06,5.0,4.0,0.0,0.0,1.0,2.0,13.003,16.393,143165590.08133334,143165573.68833333,0,0,0
20240318,8,9,6,4457,神田 達也,MAKURI_SASHI,3.3,20.0,0.25,0.17,6.82,4,5,29.31,51.72,28.95,46.05,5.0,4.0,0.0,1.0,0.0,0.0,11.931,16.393,143165590.08133334,143165573.68833333,0,0,0
20240318,11,1,1,5157,市川 健太,SASHI,15.3,46.1,0.21,0.08,6.73,1,3,33.94,52.29,46.51,58.6,4.0,10.0,0.0,0.0,0.0,0.0,12.733999999999998,14.603333333333332,143165590.28199998,143165575.67866665,0,0,1
20240318,11,1,2,3471,赤峰 和也,SASHI,2.2,40.0,0.2,0.05,6.92,5,1,42.5,56.0,26.14,38.64,4.0,10.0,0.0,0.0,0.0,1.0,15.442,14.603333333333332,143165590.28199998,143165575.67866665,0,0,1
20240318,11,1,3,3435,寺田 千恵,SASHI,10.0,68.0,0.15,0.09,6.91,4,4,38.58,57.09,27.27,36.93,4.0,10.0,1.0,0.0,3.0,1.0,15.633999999999999,14.603333333333332,143165590.28199998,143165575.67866665,0,0,1
20240318,11,1,4,4094,中島 真二,SASHI,8.1,40.5,0.17,0.17,6.95,6,5,46.54,62.31,35.89,54.07,4.0,10.0,1.0,0.0,1.0,1.0,16.926,14.603333333333332,143165590.28199998,143165575.67866665,0,0,1
20240318,11,1,5,3305,小野 信樹,SASHI,3.3,13.3,0.16,0.07,6.86,3,2,29.83,45.86,36.5,56.0,4.0,10.0,0.0,0.0,1.0,0.0,11.571000000000002,14.603333333333332,143165590.28199998,143165575.67866665,0,0,1
20240318,11,1,6,5194,大久保 佑香,SASHI,4.0,28.0,0.15,0.2,6.79,2,6,33.85,47.4,25.16,43.87,4.0,10.0,0.0,0.0,0.0,1.0,429496742.349,14.603333333333332,143165590.28199998,143165575.67866665,0,0,1
20240318,11,2,1,3502,渡邉 英児,MAKURI,61.5,88.4,0.18,0.02,7.13,3,2,35.61,50.24,39.53,56.28,6.0,11.0,0.0,0.0,0.0,0.0,14.145,13.601999999999999,143165590.50333333,143165576.90133333,0,1,0
20240318,11,2,2,4847,佐藤 隆太郎,MAKURI,33.3,79.4,0.14,0.0003,7.12,2,1,32.84,51.47,38.61,54.46,6.0,11.0,1.0,11.0,0.0,0.0,14.302000000000001,13.601999999999999,143165590.50333333,143165576.90133333,0,1,0
20240318,11,2,3,3642,大塚 浩二,MAKURI,6.4,38.7,0.16,0.04,7.28,4,3,33.33,46.15,31.66,49.25,6.0,11.0,1.0,0.0,0.0,1.0,12.358999999999998,13.601999999999999,143165590.50333333,143165576.90133333,0,1,0
20240318,11,2,4,5115,香川 颯太,MAKURI,13.1,57.8,0.15,0.18,7.29,5,5,39.08,53.78,26.01,42.2,6.0,11.0,3.0,0.0,1.0,1.0,15.089999999999998,13.601999999999999,143165590.50333333,143165576.90133333,0,1,0
20240318,11,2,5,4891,寺島 美里,MAKURI,0.0,48.2,0.15,0.15,7.41,6,4,36.53,50.23,34.98,51.23,6.0,11.0,0.0,0.0,0.0,0.0,14.077,13.601999999999999,143165590.50333333,143165576.90133333,0,1,0
20240318,11,2,6,5208,屋良 龍紀,MAKURI,0.0,3.5,0.19,0.21,7.11,1,6,37.37,52.02,33.15,48.91,6.0,11.0,0.0,0.0,0.0,0.0,429496742.343,13.601999999999999,143165590.50333333,143165576.90133333,0,1,0
20240318,11,3,1,4555,富永 大一,MAKURI,41.9,77.4,0.18,0.0022,7.0,1,3,29.25,49.66,26.35,45.51,4.0,9.0,0.0,0.0,0.0,0.0,12.100999999999999,13.327,13.212666666666665,-0.11433333333333451,0,0,1
20240318,11,3,2,3837,秋山 広一,MAKURI,27.0,81.2,0.15,0.0006,7.12,3,2,35.65,49.54,36.06,53.37,4.0,9.0,1.0,12.0,0.0,0.0,14.469,13.327,13.212666666666665,-0.11433333333333451,0,0,1
20240318,11,3,3,4911,片岡 大地,MAKURI,4.7,33.3,0.14,0.04,7.35,6,4,35.21,53.05,30.48,48.13,4.0,9.0,2.0,0.0,0.0,0.0,13.411,13.327,13.212666666666665,-0.11433333333333451,0,0,1
20240318,11,3,4,4440,萩原 知哉,MAKURI,9.3,31.2,0.17,0.04,7.26,5,4,32.54,48.8,38.94,51.92,4.0,9.0,2.0,0.0,1.0,0.0,12.195999999999998,13.327,13.212666666666665,-0.11433333333333451,0,0,1
20240318,11,3,5,3439,大平 誉史明,MAKURI,10.0,38.0,0.16,0.0002,7.09,2,1,37.56,60.56,31.41,47.12,4.0,9.0,3.0,0.0,2.0,0.0,15.016,13.327,13.212666666666665,-0.11433333333333451,0,0,1
20240318,11,3,6,3339,泉 具巳,MAKURI,9.0,40.9,0.14,0.18,7.17,4,5,31.88,50.72,29.9,43.3,4.0,9.0,1.0,0.0,1.0,0.0,12.426,13.327,13.212666666666665,-0.11433333333333451,0,0,1
20240318,11,4,1,3617,竹田 広樹,SASHI,40.9,63.6,0.18,0.09,7.03,3,2,33.14,49.14,33.33,50.51,7.0,11.0,0.0,0.0,0.0,1.0,12.546000000000001,13.009333333333332,143165590.654,143165577.64466667,0,1,1
20240318,11,4,2,3868,尾形 栄治,SASHI,15.0,62.5,0.18,0.16,7.1,4,5,39.58,61.67,28.49,40.78,7.0,11.0,1.0,5.0,0.0,0.0,14.657999999999998,13.009333333333332,143165590.654,143165577.64466667,0,1,1
20240318,11,4,3,5243,三馬 崇史,SASHI,0.0,0.0,0.0,0.12,6.91,1,4,32.98,46.28,32.65,50.0,7.0,11.0,0.0,0.0,0.0,0.0,11.823999999999998,13.009333333333332,143165590.654,143165577.64466667,0,1,1
20240318,11,4,4,4772,石丸 海渡,SASHI,21.0,63.1,0.11,0.05,7.3,6,1,36.51,53.97,40.48,58.57,7.0,11.0,5.0,2.0,1.0,0.0,15.487,13.009333333333332,143165590.654,143165577.64466667,1,1,1
20240318,11,4,5,4715,村上 遼,SASHI,10.7,46.4,0.14,0.11,7.14,5,3,35.75,53.37,34.02,53.61,7.0,11.0,0.0,0.0,1.0,2.0,15.178999999999998,13.009333333333332,143165590.654,143165577.64466667,0,1,1
20240318,11,4,6,5171,清水 未唯,SASHI,0.0,13.3,0.18,0.24,7.01,2,6,32.02,52.22,33.0,46.31,7.0,11.0,0.0,0.0,0.0,0.0,429496741.296,13.009333333333332,143165590.654,143165577.64466667,0,1,1
20240318,11,5,1,3054,北川 幸典,NIGE,75.0,87.5,0.16,,,1,1,29.95,45.99,38.43,57.87,6.0,10.0,0.0,0.0,0.0,1.0,12.781,15.204,13.692,-1.5120000000000005,0,1,1
20240318,11,5,2,4278,藤岡 俊介,NIGE,22.5,72.5,0.14,,,1,1,40.67,55.02,38.0,56.5,6.0,10.0,2.0,6.0,0.0,0.0,16.645,15.204,13.692,-1.5120000000000005,0,1,1
20240318,11,5,3,5044,渡邉 健,NIGE,13.1,44.7,0.15,,,1,1,43.38,60.73,30.93,46.91,6.0,10.0,3.0,0.0,2.0,0.0,16.186,15.204,13.692,-1.5120000000000005,0,1,1
20240318,11,5,4,4942,柴田 朋哉,NIGE,7.6,50.0,0.22,,,1,1,32.46,54.45,35.15,50.5,6.0,10.0,1.0,0.0,1.0,0.0,13.108,15.204,13.692,-1.5120000000000005,,1,1
20240318,11,5,5,3471,赤峰 和也,NIGE,0.0,12.0,0.2,,,1,1,42.5,56.0,26.14,38.64,6.0,10.0,0.0,0.0,0.0,0.0,15.442,15.204,13.692,-1.5120000000000005,0,1,1
20240318,11,5,6,4938,小芦 るり華,NIGE,0.0,24.1,0.18,,,1,1,29.86,46.92,34.63,50.24,6.0,10.0,0.0,0.0,0.0,0.0,12.526000000000002,15.204,13.692,-1.5120000000000005,0,1,1
20240318,11,6,1,3933,山地 正樹,MAKURI_SASHI,42.8,79.3,0.18,0.0006,7.37,5,1,36.0,52.5,33.33,57.81,6.0,11.0,0.0,0.0,0.0,1.0,14.427999999999999,13.758333333333333,12.792333333333332,-0.9660000000000011,0,1,0
20240318,11,6,2,5194,大久保 佑香,MAKURI_SASHI,9.0,39.3,0.18,0.01,7.51,6,4,33.85,47.4,25.16,43.87,6.0,11.0,2.0,1.0,0.0,0.0,12.949,13.758333333333333,12.792333333333332,-0.9660000000000011,0,1,0
20240318,11,6,3,3963,原田 秀弥,MAKURI_SASHI,18.1,59.0,0.18,0.0008,7.32,4,3,33.5,47.0,24.32,35.68,6.0,11.0,2.0,0.0,5.0,1.0,13.897999999999998,13.758333333333333,12.792333333333332,-0.9660000000000011,0,1,0
20240318,11,6,4,4896,花本 剛,MAKURI_SASHI,10.0,30.0,0.15,0.01,7.22,2,4,32.81,51.56,37.77,60.11,6.0,11.0,1.0,0.0,0.0,1.0,12.402999999999999,13.758333333333333,12.792333333333332,-0.9660000000000011,0,1,0
20240318,11,6,5,5295,田上 凜,MAKURI_SASHI,0.0,0.0,0.2,0.29,7.18,1,5,34.57,47.87,32.82,50.26,6.0,11.0,0.0,0.0,0.0,0.0,11.163,13.758333333333333,12.792333333333332,-0.9660000000000011,0,1,0
20240318,11,6,6,4686,丸野 一樹,MAKURI_SASHI,0.0,38.8,0.17,0.0007000000000000001,7.25,3,2,33.51,50.27,42.4,58.06,6.0,11.0,0.0,0.0,0.0,0.0,14.811,13.758333333333333,12.792333333333332,-0.9660000000000011,0,1,0
20240318,12,10,1,3915,繁野谷 圭介,NIGE,68.9,93.1,0.16,0.02,6.96,3,4,0.0,0.0,0.0,0.0,3.0,1.0,0.0,0.0,0.0,1.0,3.814,3.724,143165579.83333334,143165576.10933334,0,0,0
20240318,12,10,2,4123,細川 裕子,NIGE,26.8,90.2,0.17,0.01,6.95,2,3,0.0,0.0,0.0,0.0,3.0,1.0,4.0,4.0,0.0,2.0,4.232,3.724,143165579.83333334,143165576.10933334,0,0,0
20240318,12,10,3,3976,内田 圭,NIGE,7.3,46.3,0.16,0.0006,7.03,5,2,0.0,0.0,0.0,0.0,3.0,1.0,1.0,0.0,2.0,0.0,3.1260000000000003,3.724,143165579.83333334,143165576.10933334,0,0,0
20240318,12,10,4,3333,丸尾 義孝,NIGE,18.1,63.6,0.13,0.0005,6.99,4,1,0.0,0.0,0.0,0.0,3.0,1.0,6.0,0.0,1.0,1.0,4.084,3.724,143165579.83333334,143165576.10933334,0,0,0
20240318,12,10,5,4900,中田 夕貴,NIGE,0.0,30.0,0.19,0.04,6.91,1,5,0.0,0.0,0.0,0.0,3.0,1.0,0.0,0.0,0.0,0.0,3.102,3.724,143165579.83333334,143165576.10933334,0,0,0
20240318,12,10,6,4085,荻野 裕介,NIGE,0.0,34.2,0.25,0.08,6.96,3,6,0.0,0.0,0.0,0.0,3.0,1.0,0.0,0.0,0.0,0.0,429496732.314,3.724,143165579.83333334,143165576.10933334,0,0,0
20240318,12,11,1,4503,上野 真之介,NIGE,78.4,93.8,0.11,0.02,6.91,1,1,0.0,0.0,0.0,0.0,4.0,2.0,0.0,0.0,0.0,5.0,5.314,4.408666666666667,143165579.92466667,143165575.516,0,0,0
20240318,12,11,2,4084,杉山 正樹,NIGE,28.8,73.3,0.16,0.1,6.97,4,4,0.0,0.0,0.0,0.0,4.0,2.0,5.0,5.0,0.0,3.0,4.012,4.408666666666667,143165579.92466667,143165575.516,0,0,0
20240318,12,11,3,4189,川上 剛,NIGE,15.8,68.2,0.16,0.18,6.94,2,5,0.0,0.0,0.0,0.0,4.0,2.0,9.0,0.0,1.0,0.0,3.9,4.408666666666667,143165579.92466667,143165575.516,0,0,0
20240318,12,11,4,3999,大瀧 明日香,NIGE,5.7,61.5,0.17,0.32,6.99,5,6,0.0,0.0,0.0,0.0,4.0,2.0,1.0,2.0,0.0,0.0,429496733.244,4.408666666666667,143165579.92466667,143165575.516,0,0,0
20240318,12,11,5,4966,田川 大貴,NIGE,7.8,57.8,0.14,0.09,7.01,6,3,0.0,0.0,0.0,0.0,4.0,2.0,0.0,0.0,1.0,2.0,3.854,4.408666666666667,143165579.92466667,143165575.516,0,0,0
20240318,12,11,6,4724,吉田 祐貴,NIGE,0.0,5.7,0.16,0.03,6.95,3,2,0.0,0.0,0.0,0.0,4.0,2.0,0.0,0.0,0.0,0.0,2.676,4.408666666666667,143165579.92466667,143165575.516,0,0,0
20240318,12,12,1,4757,山田 祐也,NIGE,83.0,94.3,0.14,0.0,6.91,1,1,0.0,0.0,0.0,0.0,4.0,2.0,0.0,0.0,0.0,1.0,4.51,143165580.55733335,2.682,-143165577.87533334,0,0,1
20240318,12,12,2,4732,堀本 和也,NIGE,19.6,72.5,0.13,0.0001,6.95,3,2,0.0,0.0,0.0,0.0,4.0,2.0,0.0,10.0,0.0,0.0,3.8999999999999995,143165580.55733335,2.682,-143165577.87533334,0,0,1
20240318,12,12,3,3984,坂口 周,NIGE,20.0,71.1,0.18,,,4,6,0.0,0.0,0.0,0.0,4.0,2.0,7.0,0.0,1.0,1.0,429496733.262,143165580.55733335,2.682,-143165577.87533334,0,0,1
20240318,12,12,4,5281,井上 遥妃,NIGE,0.0,37.5,0.2,0.14,6.91,1,5,0.0,0.0,0.0,0.0,4.0,2.0,0.0,0.0,0.0,0.0,2.016,143165580.55733335,2.682,-143165577.87533334,0,0,1
20240318,12,12,5,4046,谷村 啓司,NIGE,5.2,18.4,0.19,0.01,6.93,2,3,0.0,0.0,0.0,0.0,4.0,2.0,2.0,0.0,0.0,0.0,2.786,143165580.55733335,2.682,-143165577.87533334,0,0,1
20240318,12,12,6,4904,松本 一毅,NIGE,0.0,23.2,0.19,0.02,6.91,1,4,0.0,0.0,0.0,0.0,4.0,2.0,0.0,0.0,0.0,0.0,3.244,143165580.55733335,2.682,-143165577.87533334,0,0,1
20240318,12,1,1,3709,田中 浩之,SASHI,27.2,59.0,0.15,0.0015,7.22,4,2,0.0,0.0,0.0,0.0,4.0,2.0,0.0,0.0,0.0,1.0,2.25,2.996,143165578.59533334,143165575.59933335,0,0,0
20240318,12,1,2,4389,伊藤 喜智,SASHI,5.0,47.5,0.18,0.0005,7.16,3,1,0.0,0.0,0.0,0.0,4.0,2.0,0.0,2.0,0.0,0.0,3.694,2.996,143165578.59533334,143165575.59933335,0,0,0
20240318,12,1,3,4382,高山 智至,SASHI,2.2,35.5,0.16,0.03,7.22,4,3,0.0,0.0,0.0,0.0,4.0,2.0,0.0,0.0,1.0,0.0,3.044,2.996,143165578.59533334,143165575.59933335,0,0,0
20240318,12,1,4,3370,坪内 実,SASHI,0.0,9.5,0.16,0.07,7.12,1,4,0.0,0.0,0.0,0.0,4.0,2.0,0.0,0.0,0.0,0.0,2.596,2.996,143165578.59533334,143165575.59933335,0,0,0
20240318,12,1,5,3392,小森 信雄,SASHI,0.0,18.4,0.2,0.1,7.25,5,5,0.0,0.0,0.0,0.0,4.0,2.0,0.0,0.0,0.0,0.0,2.598,2.996,143165578.59533334,143165575.59933335,0,0,0
20240318,12,1,6,5283,植木 美帆,SASHI,0.0,0.0,0.21,0.12,7.14,2,6,0.0,0.0,0.0,0.0,4.0,2.0,0.0,0.0,0.0,0.0,429496730.592,2.996,143165578.59533334,143165575.59933335,0,0,0
20240318,12,2,1,4046,谷村 啓司,MAKURI,24.0,52.0,0.16,,,1,1,0.0,0.0,0.0,0.0,5.0,2.0,0.0,0.0,0.0,0.0,2.9859999999999998,3.5199999999999996,3.28,-0.23999999999999977,0,0,0
20240318,12,2,2,5036,福田 翔吾,MAKURI,10.2,61.5,0.17,,,1,1,0.0,0.0,0.0,0.0,5.0,2.0,0.0,4.0,0.0,0.0,3.4299999999999997,3.5199999999999996,3.28,-0.23999999999999977,0,0,0
20240318,12,2,3,3999,大瀧 明日香,MAKURI,18.8,67.9,0.16,,,1,1,0.0,0.0,0.0,0.0,5.0,2.0,5.0,3.0,2.0,0.0,4.144,3.5199999999999996,3.28,-0.23999999999999977,0,0,0
20240318,12,2,4,2878,富山 弘幸,MAKURI,12.2,63.4,0.18,,,1,1,0.0,0.0,0.0,0.0,5.0,2.0,2.0,1.0,2.0,0.0,3.8979999999999997,3.5199999999999996,3.28,-0.23999999999999977,,0,0
20240318,12,2,5,5202,宮崎 つぐみ,MAKURI,0.0,19.4,0.16,,,1,1,0.0,0.0,0.0,0.0,5.0,2.0,0.0,0.0,0.0,0.0,2.7159999999999997,3.5199999999999996,3.28,-0.23999999999999977,0,0,0
20240318,12,2,6,3976,内田 圭,MAKURI,0.0,11.5,0.22,,,1,1,0.0,0.0,0.0,0.0,5.0,2.0,0.0,0.0,0.0,0.0,3.226,3.5199999999999996,3.28,-0.23999999999999977,0,0,0
20240318,12,3,1,4156,浜野 孝志,NIGE,58.0,90.0,0.15,0.01,7.19,2,4,0.0,0.0,0.0,0.0,4.0,2.0,0.0,0.0,0.0,1.0,3.562,3.8666666666666667,3.132,-0.7346666666666666,0,0,1
20240318,12,3,2,3333,丸尾 義孝,NIGE,15.3,61.5,0.14,0.0016,7.2,3,2,0.0,0.0,0.0,0.0,4.0,2.0,1.0,6.0,0.0,1.0,3.984,3.8666666666666667,3.132,-0.7346666666666666,0,0,1
20240318,12,3,3,4966,田川 大貴,NIGE,29.2,73.1,0.13,0.0002,7.25,4,1,0.0,0.0,0.0,0.0,4.0,2.0,2.0,0.0,8.0,2.0,4.054,3.8666666666666667,3.132,-0.7346666666666666,0,0,1
20240318,12,3,4,5055,眞鳥 章太,NIGE,6.5,41.3,0.16,0.03,7.17,1,5,0.0,0.0,0.0,0.0,4.0,2.0,0.0,1.0,0.0,2.0,3.126,3.8666666666666667,3.132,-0.7346666666666666,0,0,1
20240318,12,3,5,4904,松本 一毅,NIGE,5.4,37.8,0.15,0.002,7.2,3,3,0.0,0.0,0.0,0.0,4.0,2.0,1.0,0.0,1.0,0.0,3.3440000000000003,3.8666666666666667,3.132,-0.7346666666666666,0,0,1
20240318,12,3,6,4461,安田 吉宏,NIGE,0.0,20.0,0.18,0.0002,7.19,2,1,0.0,0.0,0.0,0.0,4.0,2.0,0.0,0.0,0.0,0.0,2.9259999999999997,3.8666666666666667,3.132,-0.7346666666666666,0,0,1
20240318,12,4,1,4092,岡部 大輔,MAKURI,61.1,88.8,0.11,0.0006,7.09,3,1,0.0,0.0,0.0,0.0,4.0,2.0,0.0,0.0,0.0,0.0,3.904,143165580.40733334,2.818,-143165577.58933336,0,0,0
20240318,12,4,2,4391,松田 祐季,MAKURI,23.8,76.1,0.16,0.13,7.08,2,6,0.0,0.0,0.0,0.0,4.0,2.0,2.0,8.0,0.0,0.0,429496733.286,143165580.40733334,2.818,-143165577.58933336,0,0,0
20240318,12,4,3,4123,細川 裕子,MAKURI,25.0,77.5,0.18,0.1,7.14,5,5,0.0,0.0,0.0,0.0,4.0,2.0,1.0,2.0,7.0,0.0,4.032,143165580.40733334,2.818,-143165577.58933336,0,0,0
20240318,12,4,4,4724,吉田 祐貴,MAKURI,0.0,32.5,0.17,0.0007000000000000001,7.05,1,2,0.0,0.0,0.0,0.0,4.0,2.0,0.0,0.0,0.0,0.0,2.676,143165580.40733334,2.818,-143165577.58933336,1,0,0
20240318,12,4,5,3161,古場 輝義,MAKURI,6.4,41.9,0.17,0.07,7.13,4,3,0.0,0.0,0.0,0.0,4.0,2.0,0.0,0.0,1.0,1.0,3.662,143165580.40733334,2.818,-143165577.58933336,0,0,0
20240318,12,4,6,5281,井上 遥妃,MAKURI,0.0,13.9,0.17,0.08,7.08,2,4,0.0,0.0,0.0,0.0,4.0,2.0,0.0,0.0,0.0,0.0,2.116,143165580.40733334,2.818,-143165577.58933336,0,0,0
20240318,12,5,1,4084,杉山 正樹,NIGE,71.8,90.6,0.16,0.0004,7.07,2,2,0.0,0.0,0.0,0.0,3.0,1.0,0.0,0.0,0.0,5.0,4.212,3.7739999999999996,2.9773333333333336,-0.796666666666666,0,0,0
20240318,12,5,2,3548,室田 泰史,NIGE,13.9,48.8,0.11,0.0004,7.12,3,2,0.0,0.0,0.0,0.0,3.0,1.0,6.0,0.0,0.0,0.0,3.516,3.7739999999999996,2.9773333333333336,-0.796666666666666,0,0,0
20240318,12,5,3,4389,伊藤 喜智,NIGE,13.8,55.5,0.17,0.0004,7.06,1,2,0.0,0.0,0.0,0.0,3.0,1.0,3.0,0.0,1.0,1.0,3.5940000000000003,3.7739999999999996,2.9773333333333336,-0.796666666666666,0,0,0
20240318,12,5,4,3974,深山 祐二,NIGE,10.7,50.0,0.15,0.09,7.16,6,3,0.0,0.0,0.0,0.0,3.0,1.0,3.0,0.0,0.0,0.0,2.5940000000000003,3.7739999999999996,2.9773333333333336,-0.796666666666666,0,0,0
20240318,12,5,5,4339,平瀬 城啓,NIGE,0.0,12.9,0.2,0.0001,7.13,4,1,0.0,0.0,0.0,0.0,3.0,1.0,0.0,0.0,0.0,0.0,2.524,3.7739999999999996,2.9773333333333336,-0.796666666666666,0,0,0
20240318,12,5,6,3915,繁野谷 圭介,NIGE,0.0,40.6,0.19,0.13,7.15,5,4,0.0,0.0,0.0,0.0,3.0,1.0,0.0,0.0,0.0,0.0,3.814,3.7739999999999996,2.9773333333333336,-0.796666666666666,0,0,0
20240318,12,6,1,4189,川上 剛,NIGE,75.9,91.1,0.15,0.08,7.02,1,4,0.0,0.0,0.0,0.0,5.0,2.0,0.0,0.0,0.0,2.0,4.0,3.702666666666666,2.782,-0.9206666666666661,0,0,0
20240318,12,6,2,4757,山田 祐也,NIGE,17.0,60.9,0.16,0.16,7.05,3,5,0.0,0.0,0.0,0.0,5.0,2.0,1.0,5.0,0.0,1.0,4.109999999999999,3.702666666666666,2.782,-0.9206666666666661,0,0,0
20240318,12,6,3,3392,小森 信雄,NIGE,9.0,45.4,0.15,0.0002,7.08,4,1,0.0,0.0,0.0,0.0,5.0,2.0,1.0,1.0,2.0,0.0,2.9979999999999998,3.702666666666666,2.782,-0.9206666666666661,0,0,0
20240318,12,6,4,4900,中田 夕貴,NIGE,11.5,50.0,0.21,0.08,7.03,2,4,0.0,0.0,0.0,0.0,5.0,2.0,1.0,1.0,1.0,0.0,3.202,3.702666666666666,2.782,-0.9206666666666661,0,0,0
20240318,12,6,5,4056,小西 英輝,NIGE,5.8,17.6,0.15,0.0004,7.09,5,2,0.0,0.0,0.0,0.0,5.0,2.0,0.0,0.0,2.0,0.0,2.628,3.702666666666666,2.782,-0.9206666666666661,0,0,0
20240318,12,6,6,5202,宮崎 つぐみ,NIGE,0.0,0.0,0.19,0.0008,7.08,4,3,0.0,0.0,0.0,0.0,5.0,2.0,0.0,0.0,0.0,0.0,2.516,3.702666666666666,2.782,-0.9206666666666661,0,0,0
20240318,12,7,1,3896,上田 洋平,NIGE,44.8,86.2,0.14,0.0006,7.06,2,1,0.0,0.0,0.0,0.0,2.0,1.0,0.0,0.0,0.0,0.0,3.82,3.3639999999999994,143165580.44733334,143165577.08333334,0,0,0
20240318,12,7,2,4382,高山 智至,NIGE,5.4,45.9,0.16,0.0009,7.14,4,3,0.0,0.0,0.0,0.0,2.0,1.0,0.0,1.0,0.0,1.0,3.044,3.3639999999999994,143165580.44733334,143165577.08333334,0,0,0
20240318,12,7,3,5057,上田 紗奈,NIGE,13.7,37.9,0.16,0.0008,6.97,1,2,0.0,0.0,0.0,0.0,2.0,1.0,1.0,1.0,1.0,1.0,3.2279999999999998,3.3639999999999994,143165580.44733334,143165577.08333334,0,0,0
20240318,12,7,4,4503,上野 真之介,NIGE,29.7,72.3,0.13,0.0012,7.07,3,4,0.0,0.0,0.0,0.0,2.0,1.0,6.0,2.0,5.0,1.0,5.013999999999999,3.3639999999999994,143165580.44733334,143165577.08333334,0,0,0
20240318,12,7,5,3885,久田 武,NIGE,0.0,25.5,0.19,0.18,7.2,5,6,0.0,0.0,0.0,0.0,2.0,1.0,0.0,0.0,0.0,0.0,429496732.728,3.3639999999999994,143165580.44733334,143165577.08333334,0,0,0
20240318,12,7,6,4732,堀本 和也,NIGE,0.0,33.3,0.11,0.06,7.14,4,5,0.0,0.0,0.0,0.0,2.0,1.0,0.0,0.0,0.0,0.0,3.5999999999999996,3.3639999999999994,143165580.44733334,143165577.08333334,0,0,0
20240318,12,8,1,3161,古場 輝義,SASHI,45.9,88.5,0.15,0.0009,7.02,2,3,0.0,0.0,0.0,0.0,3.0,1.0,0.0,0.0,0.0,1.0,3.662,3.5666666666666664,2.9226666666666667,-0.6439999999999997,0,0,0
20240318,12,8,2,3977,山本 兼士,SASHI,2.4,56.1,0.15,0.0004,7.01,1,2,0.0,0.0,0.0,0.0,3.0,1.0,0.0,0.0,0.0,0.0,3.5759999999999996,3.5666666666666664,2.9226666666666667,-0.6439999999999997,0,0,0
20240318,12,8,3,4156,浜野 孝志,SASHI,10.0,62.0,0.13,0.05,7.08,5,5,0.0,0.0,0.0,0.0,3.0,1.0,3.0,0.0,0.0,2.0,3.4619999999999997,3.5666666666666664,2.9226666666666667,-0.6439999999999997,0,0,0
20240318,12,8,4,3984,坂口 周,SASHI,19.1,65.9,0.15,0.0001,7.04,4,1,0.0,0.0,0.0,0.0,3.0,1.0,3.0,1.0,3.0,2.0,4.162,3.5666666666666664,2.9226666666666667,-0.6439999999999997,1,0,0
20240318,12,8,5,5283,植木 美帆,SASHI,0.0,0.0,0.24,0.03,7.03,3,4,0.0,0.0,0.0,0.0,3.0,1.0,0.0,0.0,0.0,0.0,1.1920000000000002,3.5666666666666664,2.9226666666666667,-0.6439999999999997,0,0,0
20240318,12,8,6,4889,後藤 盛也,SASHI,3.4,31.0,0.18,0.05,7.01,1,5,0.0,0.0,0.0,0.0,3.0,1.0,0.0,1.0,0.0,0.0,3.414,3.5666666666666664,2.9226666666666667,-0.6439999999999997,0,0,0
20240318,12,9,1,2878,富山 弘幸,NIGE,46.0,88.0,0.16,,,1,1,0.0,0.0,0.0,0.0,3.0,1.0,0.0,0.0,0.0,5.0,3.8979999999999997,3.2399999999999998,3.9739999999999998,0.734,0,0,0
20240318,12,9,2,3370,坪内 実,NIGE,3.8,50.0,0.17,,,1,1,0.0,0.0,0.0,0.0,3.0,1.0,0.0,0.0,0.0,1.0,2.896,3.2399999999999998,3.9739999999999998,0.734,0,0,0
20240318,12,9,3,4461,安田 吉宏,NIGE,0.0,40.7,0.13,,,1,1,0.0,0.0,0.0,0.0,3.0,1.0,0.0,0.0,0.0,0.0,2.9259999999999997,3.2399999999999998,3.9739999999999998,0.734,0,0,0
20240318,12,9,4,3684,清水 攻二,NIGE,5.2,65.7,0.18,,,1,1,0.0,0.0,0.0,0.0,3.0,1.0,0.0,1.0,0.0,1.0,3.7779999999999996,3.2399999999999998,3.9739999999999998,0.734,,0,0
20240318,12,9,5,4402,乙藤 智史,NIGE,4.4,53.3,0.15,,,1,1,0.0,0.0,0.0,0.0,3.0,1.0,0.0,0.0,2.0,0.0,3.9579999999999997,3.2399999999999998,3.9739999999999998,0.734,0,0,0
20240318,12,9,6,4391,松田 祐季,NIGE,0.0,34.1,0.19,,,1,1,0.0,0.0,0.0,0.0,3.0,1.0,0.0,0.0,0.0,0.0,4.186,3.2399999999999998,3.9739999999999998,0.734,0,0,0
20240318,15,10,1,4627,藤原 菜希,NIGE,69.0,94.5,0.11,,,1,1,43.66,63.38,43.42,57.89,4.0,4.0,0.0,0.0,0.0,1.0,17.235999999999997,15.171999999999997,14.143,-1.0289999999999964,0,0,0
20240318,15,10,2,4450,平高 奈菜,NIGE,21.4,53.5,0.18,,,1,1,36.36,56.64,33.77,54.55,4.0,4.0,1.0,3.0,0.0,2.0,14.943999999999999,15.171999999999997,14.143,-1.0289999999999964,0,0,0
20240318,15,10,3,3674,岸 恵子,NIGE,17.8,57.1,0.17,,,1,1,33.1,49.66,36.84,57.89,4.0,4.0,4.0,0.0,0.0,1.0,13.336,15.171999999999997,14.143,-1.0289999999999964,0,0,0
20240318,15,10,4,3302,谷川 里江,NIGE,16.2,51.3,0.17,,,1,1,34.85,45.45,31.13,45.7,4.0,4.0,5.0,0.0,1.0,0.0,14.071,15.171999999999997,14.143,-1.0289999999999964,,0,0
20240318,15,10,5,3932,池田 浩美,NIGE,3.0,39.3,0.17,,,1,1,33.57,50.35,30.0,49.29,4.0,4.0,0.0,0.0,1.0,0.0,12.961,15.171999999999997,14.143,-1.0289999999999964,0,0,0
20240318,15,10,6,3357,福島 陽子,NIGE,0.0,16.0,0.23,,,1,1,41.61,58.39,36.6,52.29,4.0,4.0,0.0,0.0,0.0,0.0,15.397,15.171999999999997,14.143,-1.0289999999999964,0,0,0
20240318,15,11,1,4961,西橋 奈未,MAKURI_SASHI,70.0,88.0,0.13,0.02,6.65,2,4,39.46,57.14,30.67,40.67,3.0,3.0,0.0,0.0,0.0,1.0,16.132,14.756,14.663333333333332,-0.09266666666666801,0,0,0
20240318,15,11,2,4443,津田 裕絵,MAKURI_SASHI,25.0,75.0,0.18,0.03,6.74,6,5,31.97,50.34,30.2,53.69,3.0,3.0,1.0,9.0,0.0,0.0,12.981,14.756,14.663333333333332,-0.09266666666666801,0,0,0
20240318,15,11,3,4569,中澤 宏奈,MAKURI_SASHI,9.4,45.2,0.19,0.0007000000000000001,6.7,4,3,39.53,53.49,28.57,49.66,3.0,3.0,2.0,1.0,1.0,1.0,15.155,14.756,14.663333333333332,-0.09266666666666801,0,0,0
20240318,15,11,4,4208,三浦 永理,MAKURI_SASHI,17.5,77.5,0.16,0.0002,6.66,3,1,42.66,59.44,30.92,47.37,3.0,3.0,3.0,2.0,1.0,1.0,17.427999999999997,14.756,14.663333333333332,-0.09266666666666801,0,0,0
20240318,15,11,5,3994,小野 桜,MAKURI_SASHI,3.0,24.2,0.19,0.0005,6.63,1,2,32.37,53.96,39.35,58.06,3.0,3.0,0.0,0.0,1.0,0.0,12.831,14.756,14.663333333333332,-0.09266666666666801,0,0,0
20240318,15,11,6,4399,松本 晶恵,MAKURI_SASHI,0.0,33.3,0.18,0.0005,6.71,5,2,33.11,44.59,28.08,49.32,3.0,3.0,0.0,0.0,0.0,0.0,13.731,14.756,14.663333333333332,-0.09266666666666801,0,0,0
20240318,15,12,1,4482,守屋 美穂,NIGE,80.3,96.7,0.12,0.09,6.62,1,6,39.44,49.3,39.61,55.19,2.0,2.0,0.0,0.0,0.0,0.0,429496745.604,143165591.5233333,14.194,-143165577.3293333,0,0,1
20240318,15,12,2,4738,清埜 翔子,NIGE,32.6,69.5,0.16,0.08,6.75,5,5,32.67,49.33,33.33,51.28,2.0,2.0,4.0,11.0,0.0,0.0,13.275,143165591.5233333,14.194,-143165577.3293333,0,0,1
20240318,15,12,3,4117,廣中 智紗衣,NIGE,14.7,64.7,0.16,0.07,6.73,3,4,38.97,53.68,24.49,40.14,2.0,2.0,1.0,1.0,0.0,2.0,15.690999999999999,143165591.5233333,14.194,-143165577.3293333,0,0,1
20240318,15,12,4,3845,中谷 朋子,NIGE,25.0,70.4,0.21,0.06,6.72,2,3,33.82,50.74,31.58,46.05,2.0,2.0,3.0,2.0,3.0,1.0,13.879999999999999,143165591.5233333,14.194,-143165577.3293333,0,0,1
20240318,15,12,5,4464,山下 友貴,NIGE,4.7,33.3,0.17,0.05,6.75,5,2,37.59,57.14,37.01,48.7,2.0,2.0,0.0,0.0,2.0,0.0,14.541000000000002,143165591.5233333,14.194,-143165577.3293333,0,0,1
20240318,15,12,6,3232,山川 美由紀,NIGE,0.0,37.5,0.16,0.0003,6.74,4,1,34.67,48.67,37.66,49.35,2.0,2.0,0.0,0.0,0.0,0.0,14.161,143165591.5233333,14.194,-143165577.3293333,0,0,1
20240318,15,1,1,3509,池 千夏,NIGE,17.3,60.8,0.14,0.14,6.64,2,5,38.3,53.9,34.44,52.98,2.0,2.0,0.0,0.0,0.0,0.0,13.847999999999999,14.308,15.475666666666664,1.1676666666666637,0,0,0
20240318,15,1,2,3357,福島 陽子,NIGE,18.1,47.7,0.21,0.11,6.75,4,4,41.61,58.39,36.6,52.29,2.0,2.0,3.0,5.0,0.0,0.0,15.097,14.308,15.475666666666664,1.1676666666666637,0,0,0
20240318,15,1,3,3175,渡辺 千草,NIGE,9.3,46.8,0.17,0.04,6.76,5,3,36.03,50.0,31.37,45.1,2.0,2.0,0.0,2.0,1.0,0.0,13.979,14.308,15.475666666666664,1.1676666666666637,0,0,0
20240318,15,1,4,5173,谷口 佳蓮,NIGE,6.6,30.0,0.16,0.0001,6.7,3,1,46.62,64.66,37.91,53.59,2.0,2.0,2.0,0.0,0.0,0.0,16.407999999999998,14.308,15.475666666666664,1.1676666666666637,1,0,0
20240318,15,1,5,5334,樫葉 新心,NIGE,0.0,0.0,0.37,0.03,6.77,6,2,42.65,52.94,32.24,51.32,2.0,2.0,0.0,0.0,0.0,0.0,13.887,14.308,15.475666666666664,1.1676666666666637,0,0,0
20240318,15,1,6,4534,坂 咲友理,NIGE,0.0,15.0,0.2,0.0001,6.53,1,1,44.12,62.5,27.21,42.18,2.0,2.0,0.0,0.0,0.0,0.0,16.131999999999998,14.308,15.475666666666664,1.1676666666666637,0,0,0
20240318,15,2,1,3289,高橋 淳美,SASHI,41.9,77.4,0.17,0.04,6.68,2,1,34.65,48.82,24.48,46.15,1.0,1.0,0.0,0.0,0.0,0.0,13.813,13.026333333333334,12.39,-0.636333333333333,0,0,0
20240318,15,2,2,5153,佐藤 ほのか,SASHI,2.9,17.6,0.17,0.08,6.74,5,2,29.37,46.15,40.0,54.84,1.0,1.0,0.0,1.0,0.0,0.0,11.205,13.026333333333334,12.39,-0.636333333333333,0,0,0
20240318,15,2,3,3232,山川 美由紀,SASHI,13.3,53.3,0.15,0.08,6.71,4,2,34.67,48.67,37.66,49.35,1.0,1.0,3.0,1.0,0.0,0.0,14.061,13.026333333333334,12.39,-0.636333333333333,0,0,0
20240318,15,2,4,4399,松本 晶恵,SASHI,0.0,61.2,0.18,0.12,6.74,5,3,33.11,44.59,28.08,49.32,1.0,1.0,0.0,0.0,0.0,0.0,13.630999999999998,13.026333333333334,12.39,-0.636333333333333,0,0,0
20240318,15,2,5,3674,岸 恵子,SASHI,12.1,33.3,0.14,0.13,6.66,1,4,33.1,49.66,36.84,57.89,1.0,1.0,1.0,0.0,3.0,0.0,13.036,13.026333333333334,12.39,-0.636333333333333,0,0,0
20240318,15,2,6,5326,三嶌 さらら,SASHI,0.0,0.0,0.22,0.15,6.69,3,5,31.85,45.93,30.2,48.99,1.0,1.0,0.0,0.0,0.0,0.0,10.503,13.026333333333334,12.39,-0.636333333333333,0,0,0
20240318,15,3,1,3693,栢場 優子,MAKURI,18.7,65.6,0.18,,,1,1,30.0,42.14,34.87,49.34,2.0,2.0,0.0,0.0,0.0,0.0,12.148,12.713000000000001,14.463999999999999,1.7509999999999977,0,0,0
20240318,15,3,2,3302,谷川 里江,MAKURI,15.3,53.8,0.2,,,1,1,34.85,45.45,31.13,45.7,2.0,2.0,5.0,1.0,0.0,0.0,14.071,12.713000000000001,14.463999999999999,1.7509999999999977,0,0,0
20240318,15,3,3,5241,門田 栞,MAKURI,50.0,50.0,0.23,,,1,1,32.12,48.18,31.29,48.98,2.0,2.0,0.0,0.0,1.0,0.0,11.92,12.713000000000001,14.463999999999999,1.7509999999999977,0,0,0
20240318,15,3,4,5200,筒井 美琴,MAKURI,0.0,16.6,0.21,,,1,1,35.42,56.25,32.89,46.05,2.0,2.0,0.0,0.0,0.0,0.0,11.95,12.713000000000001,14.463999999999999,1.7509999999999977,,0,0
20240318,15,3,5,4208,三浦 永理,MAKURI,12.5,60.0,0.17,,,1,1,42.66,59.44,30.92,47.37,2.0,2.0,1.0,1.0,1.0,2.0,17.427999999999997,12.713000000000001,14.463999999999999,1.7509999999999977,0,0,0
20240318,15,3,6,5056,西岡 成美,MAKURI,0.0,11.7,0.14,,,1,1,32.86,47.86,34.84,52.9,2.0,2.0,0.0,0.0,0.0,0.0,14.014,12.713000000000001,14.463999999999999,1.7509999999999977,0,0,0
20240318,15,4,1,5162,松尾 怜実,MAKURI_SASHI,20.0,40.0,0.18,0.05,6.67,2,3,38.46,53.85,32.9,49.03,1.0,1.0,0.0,0.0,0.0,1.0,14.258,15.073999999999998,143165590.04633334,143165574.97233334,0,0,1
20240318,15,4,2,3871,池田 紫乃,MAKURI_SASHI,8.3,58.3,0.16,0.04,6.68,3,2,42.22,57.78,34.42,50.0,1.0,1.0,1.0,2.0,0.0,0.0,16.02,15.073999999999998,143165590.04633334,143165574.97233334,0,0,1
20240318,15,4,3,4450,平高 奈菜,MAKURI_SASHI,7.6,61.5,0.18,0.03,6.65,1,1,36.36,56.64,33.77,54.55,1.0,1.0,0.0,0.0,2.0,0.0,14.943999999999999,15.073999999999998,143165590.04633334,143165574.97233334,0,0,1
20240318,15,4,4,4569,中澤 宏奈,MAKURI_SASHI,7.6,46.1,0.17,0.28,6.74,5,6,39.53,53.49,28.57,49.66,1.0,1.0,2.0,0.0,1.0,0.0,429496744.455,15.073999999999998,143165590.04633334,143165574.97233334,0,0,1
20240318,15,4,5,5265,大廣 咲季,MAKURI_SASHI,0.0,14.2,0.23,0.11,6.79,6,4,36.3,53.42,36.54,57.05,1.0,1.0,0.0,0.0,0.0,0.0,12.003999999999998,15.073999999999998,143165590.04633334,143165574.97233334,0,0,1
20240318,15,4,6,3845,中谷 朋子,MAKURI_SASHI,10.0,30.0,0.2,0.15,6.69,4,5,33.82,50.74,31.58,46.05,1.0,1.0,0.0,0.0,0.0,1.0,13.68,15.073999999999998,143165590.04633334,143165574.97233334,0,0,1
20240318,15,5,1,3993,永井 聖美,SASHI,47.8,78.2,0.17,0.13,6.61,1,3,46.27,64.18,25.33,41.33,2.0,2.0,0.0,0.0,0.0,0.0,16.505,14.752,143165589.79033333,143165575.03833333,0,0,0
20240318,15,5,2,4961,西橋 奈未,SASHI,34.3,65.6,0.15,0.16,6.69,2,4,39.46,57.14,30.67,40.67,2.0,2.0,5.0,5.0,0.0,1.0,16.132,14.752,143165589.79033333,143165575.03833333,0,0,0
20240318,15,5,3,3334,角 ひとみ,SASHI,12.1,57.5,0.21,0.18,6.77,5,5,29.63,51.85,35.53,48.68,2.0,2.0,1.0,1.0,2.0,0.0,11.619,14.752,143165589.79033333,143165575.03833333,0,0,0
20240318,15,5,4,4464,山下 友貴,SASHI,2.6,28.9,0.18,0.09,6.73,4,2,37.59,57.14,37.01,48.7,2.0,2.0,0.0,1.0,0.0,0.0,14.541000000000002,14.752,143165589.79033333,143165575.03833333,1,0,0
20240318,15,5,5,5118,野田 なづき,SASHI,0.0,34.7,0.19,0.05,6.7,3,1,27.89,52.38,31.58,42.11,2.0,2.0,0.0,0.0,0.0,0.0,11.743,14.752,143165589.79033333,143165575.03833333,0,0,0
20240318,15,5,6,5334,樫葉 新心,SASHI,0.0,0.0,0.26,0.28,6.73,4,6,42.65,52.94,32.24,51.32,2.0,2.0,0.0,0.0,0.0,0.0,429496743.087,14.752,143165589.79033333,143165575.03833333,0,0,0
20240318,15,6,1,3932,池田 浩美,SASHI,48.6,78.3,0.16,0.28,6.73,2,5,33.57,50.35,30.0,49.29,2.0,2.0,0.0,0.0,0.0,0.0,12.561,13.340333333333334,143165588.98599997,143165575.64566663,0,0,0
20240318,15,6,2,3175,渡辺 千草,SASHI,6.2,59.3,0.19,0.03,6.77,3,2,36.03,50.0,31.37,45.1,2.0,2.0,0.0,2.0,0.0,0.0,14.079,13.340333333333334,143165588.98599997,143165575.64566663,0,0,0
20240318,15,6,3,4443,津田 裕絵,SASHI,9.7,63.4,0.16,0.0002,6.83,6,1,31.97,50.34,30.2,53.69,2.0,2.0,1.0,0.0,2.0,1.0,13.381,13.340333333333334,143165588.98599997,143165575.64566663,0,0,0
20240318,15,6,4,4738,清埜 翔子,SASHI,15.2,67.3,0.16,0.07,6.78,4,3,32.67,49.33,33.33,51.28,2.0,2.0,5.0,1.0,0.0,1.0,13.475,13.340333333333334,143165588.98599997,143165575.64566663,0,0,0
20240318,15,6,5,4224,大橋 栄里佳,SASHI,3.0,30.3,0.2,0.11,6.68,1,4,32.43,52.03,32.47,46.75,2.0,2.0,0.0,0.0,1.0,0.0,12.703,13.340333333333334,143165588.98599997,143165575.64566663,0,0,0
20240318,15,6,6,5314,中曽 瑠華,SASHI,0.0,0.0,0.23,0.34,6.82,5,6,35.38,60.0,33.33,57.52,2.0,2.0,0.0,0.0,0.0,0.0,429496740.78,13.340333333333334,143165588.98599997,143165575.64566663,0,0,0
20240318,15,7,1,3994,小野 桜,SASHI,20.6,65.5,0.23,0.05,6.63,2,1,32.37,53.96,39.35,58.06,2.0,2.0,0.0,0.0,0.0,0.0,12.931,143165591.51433334,13.347999999999999,-143165578.16633335,0,0,1
20240318,15,7,2,5173,谷口 佳蓮,SASHI,13.7,37.9,0.19,0.27,6.69,4,6,46.62,64.66,37.91,53.59,2.0,2.0,2.0,2.0,0.0,0.0,429496745.508,143165591.51433334,13.347999999999999,-143165578.16633335,0,0,1
20240318,15,7,3,4482,守屋 美穂,SASHI,15.2,56.5,0.15,0.24,6.66,3,5,39.44,49.3,39.61,55.19,2.0,2.0,2.0,2.0,3.0,0.0,16.104,143165591.51433334,13.347999999999999,-143165578.16633335,0,0,1
20240318,15,7,4,4929,梅内 夕貴奈,SASHI,6.6,6.6,0.18,0.06,6.59,1,2,46.21,64.39,37.82,53.21,2.0,2.0,0.0,1.0,0.0,0.0,15.855,143165591.51433334,13.347999999999999,-143165578.16633335,1,0,1
20240318,15,7,5,5200,筒井 美琴,SASHI,0.0,4.7,0.22,0.14,6.71,6,4,35.42,56.25,32.89,46.05,2.0,2.0,0.0,0.0,0.0,0.0,11.649999999999999,143165591.51433334,13.347999999999999,-143165578.16633335,0,0,1
20240318,15,7,6,4720,西澤 日花里,SASHI,0.0,16.6,0.19,0.08,6.7,5,3,32.21,48.32,40.26,53.9,2.0,2.0,0.0,0.0,0.0,0.0,12.539,143165591.51433334,13.347999999999999,-143165578.16633335,0,0,1
20240318,15,8,1,4117,廣中 智紗衣,NIGE,42.5,80.8,0.18,0.08,6.76,4,6,38.97,53.68,24.49,40.14,2.0,2.0,0.0,0.0,0.0,1.0,429496745.091,143165590.84733334,14.301999999999998,-143165576.54533336,0,0,1
20240318,15,8,2,5056,西岡 成美,NIGE,19.4,66.6,0.15,0.01,6.71,2,2,32.86,47.86,34.84,52.9,2.0,2.0,2.0,5.0,0.0,0.0,13.914,143165590.84733334,14.301999999999998,-143165576.54533336,0,0,1
20240318,15,8,3,4853,前原 哉,NIGE,12.5,25.0,0.24,0.03,6.78,5,4,36.99,52.05,30.26,41.45,2.0,2.0,0.0,0.0,0.0,1.0,13.536999999999999,143165590.84733334,14.301999999999998,-143165576.54533336,0,0,1
20240318,15,8,4,4240,今井 裕梨,NIGE,21.0,36.8,0.13,0.02,6.73,3,3,37.32,51.41,32.24,50.0,2.0,2.0,1.0,0.0,6.0,0.0,14.87,143165590.84733334,14.301999999999998,-143165576.54533336,0,0,1
20240318,15,8,5,4534,坂 咲友理,NIGE,0.0,16.0,0.2,0.0002,6.69,1,1,44.12,62.5,27.21,42.18,2.0,2.0,0.0,0.0,0.0,0.0,16.131999999999998,143165590.84733334,14.301999999999998,-143165576.54533336,0,0,1
20240318,15,8,6,5265,大廣 咲季,NIGE,0.7,5.6,0.18,0.07,6.81,6,5,36.3,53.42,36.54,57.05,2.0,2.0,0.0,1.0,0.0,0.0,11.903999999999998,143165590.84733334,14.301999999999998,-143165576.54533336,0,0,1
20240318,15,9,1,3579,中里 優子,NIGE,51.0,83.6,0.16,0.13,6.7,2,3,35.33,53.33,28.86,42.28,3.0,3.0,0.0,0.0,0.0,1.0,13.900999999999998,13.789000000000001,12.814999999999998,-0.9740000000000038,0,0,0
20240318,15,9,2,4414,大澤 真菜,NIGE,8.3,50.0,0.19,0.05,6.76,5,2,34.31,53.28,36.6,53.59,3.0,3.0,1.0,1.0,0.0,0.0,13.059000000000001,13.789000000000001,12.814999999999998,-0.9740000000000038,0,0,0
20240318,15,9,3,4387,平山 智加,NIGE,25.6,69.2,0.15,0.01,6.74,4,1,32.61,49.28,34.42,53.25,3.0,3.0,4.0,3.0,2.0,0.0,14.407,13.789000000000001,12.814999999999998,-0.9740000000000038,0,0,0
20240318,15,9,4,5153,佐藤 ほのか,NIGE,2.7,21.6,0.15,0.14,6.72,3,4,29.37,46.15,40.0,54.84,3.0,3.0,0.0,0.0,0.0,1.0,11.004999999999999,13.789000000000001,12.814999999999998,-0.9740000000000038,0,0,0
20240318,15,9,5,5241,門田 栞,NIGE,0.0,18.9,0.19,0.13,6.68,1,3,32.12,48.18,31.29,48.98,3.0,3.0,0.0,0.0,0.0,0.0,11.719999999999999,13.789000000000001,12.814999999999998,-0.9740000000000038,0,0,0
20240318,15,9,6,3871,池田 紫乃,NIGE,0.0,0.0,0.2,0.17,6.79,6,5,42.22,57.78,34.42,50.0,3.0,3.0,0.0,0.0,0.0,0.0,15.719999999999999,13.789000000000001,12.814999999999998,-0.9740000000000038,0,0,0
20240318,17,10,1,4442,松竹 大輔,NIGE,70.7,90.2,0.16,,,1,1,22.45,54.08,38.66,48.74,2.0,2.0,0.0,0.0,0.0,1.0,10.386999999999999,11.423,14.047999999999996,2.6249999999999964,0,0,0
20240318,17,10,2,4395,下河 雅史,NIGE,5.4,43.2,0.14,,,1,1,20.65,32.61,19.67,31.15,2.0,2.0,1.0,1.0,0.0,0.0,9.559,11.423,14.047999999999996,2.6249999999999964,0,0,0
20240318,17,10,3,4788,小池 哲也,NIGE,15.2,63.0,0.15,,,1,1,33.33,41.44,30.23,50.39,2.0,2.0,3.0,3.0,1.0,0.0,14.322999999999999,11.423,14.047999999999996,2.6249999999999964,0,0,0
20240318,17,10,4,3805,高橋 英之,NIGE,23.0,69.2,0.12,,,1,1,33.33,50.0,31.03,44.83,2.0,2.0,6.0,1.0,2.0,0.0,14.028999999999998,11.423,14.047999999999996,2.6249999999999964,,0,0
20240318,17,10,5,4057,松井 賢治,NIGE,2.8,40.0,0.15,,,1,1,25.44,41.23,22.89,42.17,2.0,2.0,0.0,1.0,0.0,0.0,11.716,11.423,14.047999999999996,2.6249999999999964,0,0,0
20240318,17,10,6,3788,一宮 稔弘,NIGE,11.1,29.6,0.13,,,1,1,41.23,58.77,25.0,40.28,2.0,2.0,0.0,0.0,3.0,0.0,16.398999999999997,11.423,14.047999999999996,2.6249999999999964,0,0,0
20240318,17,11,1,4535,北山 康介,NIGE,84.7,93.4,0.15,0.08,6.72,1,1,27.08,38.54,27.27,43.64,2.0,2.0,0.0,0.0,0.0,4.0,12.339999999999998,13.004666666666665,143165591.8166667,143165578.81200004,0,0,0
20240318,17,11,2,4000,松本 博昭,NIGE,22.4,79.5,0.17,0.24,6.73,2,4,34.78,53.04,33.88,46.28,2.0,2.0,3.0,8.0,0.0,0.0,13.995999999999999,13.004666666666665,143165591.8166667,143165578.81200004,0,0,0
20240318,17,11,3,3955,眞田 英二,NIGE,13.1,55.2,0.17,0.16,6.72,1,2,30.56,50.0,34.62,49.04,2.0,2.0,5.0,0.0,0.0,0.0,12.677999999999999,13.004666666666665,143165591.8166667,143165578.81200004,0,0,0
20240318,17,11,4,4122,安東 幸治,NIGE,17.0,58.5,0.16,0.19,6.77,4,3,39.52,63.71,30.58,47.11,2.0,2.0,1.0,3.0,2.0,0.0,15.62,13.004666666666665,143165591.8166667,143165578.81200004,0,0,0
20240318,17,11,5,3304,烏野 賢太,NIGE,4.8,36.5,0.17,0.29,6.76,3,6,37.07,50.0,42.16,66.67,2.0,2.0,0.0,0.0,2.0,0.0,429496744.401,13.004666666666665,143165591.8166667,143165578.81200004,0,0,0
20240318,17,11,6,4260,中越 博紀,NIGE,3.2,41.9,0.2,0.27,6.77,4,5,39.29,50.89,37.72,56.14,2.0,2.0,0.0,0.0,1.0,0.0,15.428999999999998,13.004666666666665,143165591.8166667,143165578.81200004,0,0,0
20240318,17,12,1,4448,青木 玄太,MAKURI,84.9,100.0,0.13,0.0003,6.7,1,1,27.0,45.0,43.2,60.0,2.0,2.0,0.0,0.0,0.0,1.0,12.868,14.055666666666667,14.374,0.31833333333333336,0,0,0
20240318,17,12,2,3966,作間 章,MAKURI,17.6,66.6,0.19,0.0008,6.86,6,4,41.74,60.0,38.26,59.13,2.0,2.0,1.0,8.0,0.0,0.0,16.264000000000003,14.055666666666667,14.374,0.31833333333333336,0,0,0
20240318,17,12,3,4227,安達 裕樹,MAKURI,21.7,54.3,0.15,0.0005,6.79,3,2,29.57,44.35,38.71,59.68,2.0,2.0,5.0,1.0,3.0,0.0,13.035,14.055666666666667,14.374,0.31833333333333336,0,0,0
20240318,17,12,4,4364,池永 太,MAKURI,21.2,70.2,0.14,0.0009,6.76,2,5,44.07,66.95,32.04,45.63,2.0,2.0,5.0,1.0,3.0,1.0,17.535,14.055666666666667,14.374,0.31833333333333336,0,0,0
20240318,17,12,5,4739,中村 晃朋,MAKURI,0.0,45.4,0.16,0.0008,6.81,4,4,18.82,31.76,29.01,44.27,2.0,2.0,0.0,0.0,0.0,0.0,9.741999999999999,14.055666666666667,14.374,0.31833333333333336,0,0,0
20240318,17,12,6,4808,松尾 拓,MAKURI,5.4,45.9,0.16,0.0006,6.82,5,3,40.37,61.47,35.4,52.21,2.0,2.0,1.0,1.0,0.0,0.0,15.844999999999999,14.055666666666667,14.374,0.31833333333333336,0,0,0
20240318,17,1,1,4788,小池 哲也,MAKURI,54.1,91.6,0.16,0.19,6.78,4,6,33.33,41.44,30.23,50.39,3.0,3.0,0.0,0.0,0.0,2.0,429496743.423,143165590.28533334,14.342999999999998,-143165575.94233334,0,0,1
20240318,17,1,2,4406,幸野 史明,MAKURI,4.8,56.1,0.18,0.15,6.78,4,5,41.0,57.0,37.37,51.52,3.0,3.0,1.0,0.0,0.0,1.0,14.807999999999998,143165590.28533334,14.342999999999998,-143165575.94233334,0,0,1
20240318,17,1,3,5222,津田 陸翔,MAKURI,11.1,70.3,0.14,0.14,6.75,3,4,30.63,41.44,34.51,52.21,3.0,3.0,1.0,0.0,2.0,0.0,12.625,143165590.28533334,14.342999999999998,-143165575.94233334,0,0,1
20240318,17,1,4,4034,西原 明生,MAKURI,0.0,33.3,0.19,0.01,6.84,5,2,40.83,59.17,40.32,62.1,3.0,3.0,0.0,0.0,0.0,0.0,15.237,143165590.28533334,14.342999999999998,-143165575.94233334,1,0,1
20240318,17,1,5,3614,谷 勝幸,MAKURI,2.1,28.2,0.18,0.0001,6.74,2,1,41.94,62.1,31.3,49.57,3.0,3.0,1.0,0.0,0.0,0.0,15.796,143165590.28533334,14.342999999999998,-143165575.94233334,0,0,1
20240318,17,1,6,4204,柴田 大輔,MAKURI,2.3,21.4,0.22,0.03,6.7,1,3,31.4,55.37,31.31,49.49,3.0,3.0,1.0,0.0,0.0,0.0,11.995999999999999,143165590.28533334,14.342999999999998,-143165575.94233334,0,0,1
20240318,17,4,1,4873,蒲原 健太,MAKURI,33.3,66.6,0.18,0.1,6.81,3,4,30.1,50.49,25.27,36.26,6.0,5.0,0.0,0.0,0.0,0.0,11.655999999999999,11.708999999999998,143165588.6643333,143165576.95533332,0,1,1
20240318,17,4,2,4739,中村 晃朋,MAKURI,26.0,73.9,0.17,0.16,6.89,5,5,18.82,31.76,29.01,44.27,6.0,5.0,1.0,11.0,0.0,0.0,9.642,11.708999999999998,143165588.6643333,143165576.95533332,0,1,1
20240318,17,4,3,3805,高橋 英之,MAKURI,20.0,62.5,0.13,0.07,6.79,2,3,33.33,50.0,31.03,44.83,6.0,5.0,1.0,0.0,5.0,2.0,13.828999999999997,11.708999999999998,143165588.6643333,143165576.95533332,0,1,1
20240318,17,4,4,4684,楠原 翔太,MAKURI,12.2,34.1,0.15,0.19,6.81,3,6,22.47,33.71,44.72,55.28,6.0,5.0,4.0,1.0,0.0,0.0,429496739.739,11.708999999999998,143165588.6643333,143165576.95533332,0,1,1
20240318,17,4,5,3955,眞田 英二,MAKURI,3.4,37.9,0.21,0.0008,6.88,4,2,30.56,50.0,34.62,49.04,6.0,5.0,0.0,0.0,1.0,0.0,12.677999999999999,11.708999999999998,143165588.6643333,143165576.95533332,0,1,1
20240318,17,4,6,5134,大原 祥昌,MAKURI,2.1,19.5,0.15,0.0005,6.77,1,1,34.78,55.65,21.88,34.38,6.0,5.0,0.0,0.0,1.0,0.0,13.575999999999999,11.708999999999998,143165588.6643333,143165576.95533332,0,1,1
20240318,17,5,1,4364,池永 太,NIGE,68.1,92.7,0.14,0.15,6.8,1,2,44.07,66.95,32.04,45.63,5.0,5.0,0.0,0.0,0.0,0.0,17.835,14.421666666666667,12.610999999999999,-1.810666666666668,0,0,1
20240318,17,5,2,4449,中嶋 達也,NIGE,9.7,41.4,0.18,0.22,6.8,1,3,28.04,43.93,39.67,50.41,5.0,5.0,2.0,2.0,0.0,0.0,11.233999999999998,14.421666666666667,12.610999999999999,-1.810666666666668,0,0,1
20240318,17,5,3,4000,松本 博昭,NIGE,17.7,62.2,0.18,0.15,6.8,1,2,34.78,53.04,33.88,46.28,5.0,5.0,5.0,1.0,1.0,1.0,14.196,14.421666666666667,12.610999999999999,-1.810666666666668,0,0,1
20240318,17,5,4,4053,芦澤 望,NIGE,10.0,40.0,0.16,0.22,6.84,2,3,28.57,47.62,31.73,50.0,5.0,5.0,2.0,0.0,2.0,0.0,12.209,14.421666666666667,12.610999999999999,-1.810666666666668,0,0,1
20240318,17,5,5,4442,松竹 大輔,NIGE,3.1,59.3,0.17,0.15,6.85,3,2,22.45,54.08,38.66,48.74,5.0,5.0,0.0,0.0,1.0,0.0,10.286999999999999,14.421666666666667,12.610999999999999,-1.810666666666668,0,0,1
20240318,17,5,6,4034,西原 明生,NIGE,7.4,22.2,0.22,0.02,6.86,4,1,40.83,59.17,40.32,62.1,5.0,5.0,2.0,0.0,0.0,0.0,15.337,14.421666666666667,12.610999999999999,-1.810666666666668,0,0,1
20240318,17,6,1,3912,川原 正明,NIGE,54.8,77.4,0.16,0.08,6.81,3,4,17.86,35.71,32.11,54.13,4.0,4.0,0.0,0.0,0.0,0.0,8.77,11.202333333333334,143165590.81800002,143165579.6156667,0,0,1
20240318,17,6,2,4227,安達 裕樹,NIGE,25.6,74.3,0.14,0.0,6.79,1,1,29.57,44.35,38.71,59.68,4.0,4.0,4.0,5.0,0.0,0.0,13.135,11.202333333333334,143165590.81800002,143165579.6156667,0,0,1
20240318,17,6,3,4951,新田 洋一,NIGE,22.7,68.1,0.12,0.0009,6.8,2,3,28.7,42.61,45.63,59.22,4.0,4.0,3.0,1.0,1.0,0.0,11.701999999999998,11.202333333333334,143165590.81800002,143165579.6156667,0,0,1
20240318,17,6,4,3788,一宮 稔弘,NIGE,18.3,59.1,0.13,0.0002,6.85,4,2,41.23,58.77,25.0,40.28,4.0,4.0,5.0,0.0,4.0,0.0,16.299,11.202333333333334,143165590.81800002,143165579.6156667,0,0,1
20240318,17,6,5,4429,豊田 泰洋,NIGE,0.0,11.9,0.2,0.13,6.85,4,6,29.73,43.24,27.37,47.37,4.0,4.0,0.0,0.0,0.0,0.0,429496740.735,11.202333333333334,143165590.81800002,143165579.6156667,0,0,1
20240318,17,6,6,4122,安東 幸治,NIGE,4.5,27.2,0.18,0.12,6.87,5,5,39.52,63.71,30.58,47.11,4.0,4.0,1.0,0.0,1.0,0.0,15.42,11.202333333333334,143165590.81800002,143165579.6156667,0,0,1
20240318,17,7,1,3542,清水 紀克,MAKURI,17.6,55.8,0.15,0.001,6.86,3,1,29.46,45.54,29.66,47.46,4.0,4.0,0.0,0.0,0.0,0.0,11.998,143165588.166,11.097333333333333,-143165577.06866667,0,0,0
20240318,17,7,2,4448,青木 玄太,MAKURI,23.3,83.3,0.16,0.22,6.79,2,6,27.0,45.0,43.2,60.0,4.0,4.0,1.0,5.0,0.0,1.0,429496741.968,143165588.166,11.097333333333333,-143165577.06866667,0,0,0
20240318,17,7,3,4359,横川 聖志,MAKURI,13.5,51.3,0.12,0.04,6.96,5,3,23.96,37.5,20.27,39.19,4.0,4.0,1.0,0.0,3.0,1.0,10.532,143165588.166,11.097333333333333,-143165577.06866667,0,0,0
20240318,17,7,4,4204,柴田 大輔,MAKURI,12.9,35.4,0.22,0.03,6.77,1,2,31.4,55.37,31.31,49.49,4.0,4.0,0.0,1.0,3.0,0.0,12.096,143165588.166,11.097333333333333,-143165577.06866667,0,0,0
20240318,17,7,5,4531,武富 智亮,MAKURI,4.0,46.0,0.16,0.06,6.89,4,4,23.26,37.21,31.86,50.44,4.0,4.0,0.0,0.0,2.0,0.0,10.462,143165588.166,11.097333333333333,-143165577.06866667,0,0,0
20240318,17,7,6,3327,野長瀬 正孝,MAKURI,0.0,35.2,0.27,0.21,6.89,4,5,24.14,44.83,35.71,49.21,4.0,4.0,0.0,0.0,0.0,0.0,10.734,143165588.166,11.097333333333333,-143165577.06866667,0,0,0
20240318,17,9,1,3951,石川 吉鎬,MAKURI_SASHI,48.8,86.0,0.17,0.04,6.9,5,5,18.75,32.5,36.36,59.5,3.0,3.0,0.0,0.0,0.0,1.0,9.267,143165585.75333336,12.659999999999998,-143165573.09333336,0,0,0
20240318,17,9,2,3338,出本 正博,MAKURI_SASHI,0.0,44.4,0.17,0.0009,6.88,4,4,21.78,47.52,36.7,57.8,3.0,3.0,0.0,0.0,0.0,0.0,8.254,143165585.75333336,12.659999999999998,-143165573.09333336,0,0,0
20240318,17,9,3,4684,楠原 翔太,MAKURI_SASHI,18.8,60.3,0.14,0.15,6.82,1,6,22.47,33.71,44.72,55.28,3.0,3.0,3.0,0.0,7.0,0.0,429496739.739,143165585.75333336,12.659999999999998,-143165573.09333336,0,0,0
20240318,17,9,4,4323,山田 佑樹,MAKURI_SASHI,20.6,68.9,0.14,0.0001,6.83,2,2,31.86,43.36,28.83,43.24,3.0,3.0,4.0,1.0,0.0,1.0,13.014,143165585.75333336,12.659999999999998,-143165573.09333336,1,0,0
20240318,17,9,5,4406,幸野 史明,MAKURI_SASHI,4.1,27.0,0.17,0.0007000000000000001,6.86,3,3,41.0,57.0,37.37,51.52,3.0,3.0,0.0,0.0,2.0,0.0,15.007999999999997,143165585.75333336,12.659999999999998,-143165573.09333336,0,0,0
20240318,17,9,6,5236,小宮 涼雅,MAKURI_SASHI,0.6,3.7,0.2,0.0,6.86,3,1,27.78,45.37,24.18,37.36,3.0,3.0,0.0,0.0,0.0,1.0,9.958,143165585.75333336,12.659999999999998,-143165573.09333336,0,0,0
20240318,22,10,1,5087,佐藤 航,NIGE,64.0,76.0,0.15,0.17,6.89,1,5,28.57,28.57,29.41,52.94,3.0,3.0,0.0,0.0,0.0,1.0,11.732999999999999,143165586.37533334,11.871,-143165574.50433335,0,0,0
20240318,22,10,2,5242,高山 弘斗,NIGE,0.0,0.0,0.0,0.37,6.97,5,6,11.76,41.18,84.21,94.74,3.0,3.0,0.0,0.0,0.0,0.0,429496734.042,143165586.37533334,11.871,-143165574.50433335,0,0,0
20240318,22,10,3,4711,前出 達吉,NIGE,6.0,75.7,0.14,0.0004,6.93,2,1,33.33,44.44,31.58,42.11,3.0,3.0,2.0,0.0,0.0,0.0,13.350999999999999,143165586.37533334,11.871,-143165574.50433335,0,0,0
20240318,22,10,4,3381,滝沢 芳行,NIGE,18.6,51.1,0.14,0.16,6.95,4,4,17.65,23.53,47.37,73.68,3.0,3.0,6.0,0.0,2.0,0.0,8.478999999999997,143165586.37533334,11.871,-143165574.50433335,0,0,0
20240318,22,10,5,4570,前田 聖文,NIGE,13.6,54.5,0.14,0.12,6.94,3,2,23.53,47.06,29.41,70.59,3.0,3.0,1.0,1.0,4.0,0.0,11.373000000000001,143165586.37533334,11.871,-143165574.50433335,0,0,0
20240318,22,10,6,4734,安河内 将,NIGE,0.0,20.6,0.18,0.14,6.89,1,3,38.89,50.0,52.63,63.16,3.0,3.0,0.0,0.0,0.0,0.0,15.761,143165586.37533334,11.871,-143165574.50433335,0,0,0
20240318,22,11,1,5015,高橋 竜矢,NIGE,81.6,90.0,0.12,,,1,1,16.67,55.56,33.33,33.33,3.0,3.0,0.0,0.0,0.0,0.0,9.343000000000002,8.845,19.501999999999995,10.656999999999995,0,0,0
20240318,22,11,2,4828,松山 将吾,NIGE,13.9,74.4,0.13,,,1,1,0.0,30.0,0.0,50.0,3.0,3.0,1.0,4.0,0.0,1.0,4.132,8.845,19.501999999999995,10.656999999999995,0,0,0
20240318,22,11,3,4131,原 豊土,NIGE,22.2,86.1,0.14,,,1,1,30.0,60.0,0.0,23.53,3.0,3.0,3.0,1.0,3.0,1.0,13.06,8.845,19.501999999999995,10.656999999999995,0,0,0
20240318,22,11,4,4877,鈴谷 一平,NIGE,18.4,65.7,0.14,,,1,1,41.18,52.94,66.67,88.89,3.0,3.0,6.0,0.0,1.0,0.0,16.618,8.845,19.501999999999995,10.656999999999995,,0,0
20240318,22,11,5,4638,小林 遼太,NIGE,4.6,32.5,0.19,,,1,1,63.16,89.47,29.41,35.29,3.0,3.0,0.0,0.0,1.0,1.0,22.293999999999997,8.845,19.501999999999995,10.656999999999995,0,0,0
20240318,22,11,6,5029,中 亮太,NIGE,0.0,17.7,0.15,,,1,1,50.0,72.22,26.32,36.84,3.0,3.0,0.0,0.0,0.0,0.0,19.593999999999998,8.845,19.501999999999995,10.656999999999995,0,0,0
20240318,22,12,1,3257,田頭 実,NIGE,68.2,87.8,0.13,,,1,1,33.33,50.0,35.71,50.0,2.0,2.0,0.0,0.0,0.0,0.0,14.286999999999999,17.468,10.572,-6.896000000000001,0,0,0
20240318,22,12,2,3721,守田 俊介,NIGE,28.5,77.1,0.15,,,1,1,38.89,55.56,0.0,0.0,2.0,2.0,4.0,6.0,0.0,0.0,16.807,17.468,10.572,-6.896000000000001,0,0,0
20240318,22,12,3,4371,西山 貴浩,NIGE,9.2,66.6,0.13,,,1,1,55.56,88.89,15.79,42.11,2.0,2.0,2.0,0.0,2.0,1.0,21.31,17.468,10.572,-6.896000000000001,0,0,0
20240318,22,12,4,3716,石渡 鉄兵,NIGE,24.4,64.4,0.1,,,1,1,5.88,11.76,47.37,68.42,2.0,2.0,8.0,0.0,3.0,0.0,6.37,17.468,10.572,-6.896000000000001,,0,0
20240318,22,12,5,4205,山口 剛,NIGE,18.7,68.7,0.11,,,1,1,11.76,35.29,50.0,83.33,2.0,2.0,0.0,0.0,2.0,1.0,8.626,17.468,10.572,-6.896000000000001,0,0,0
20240318,22,12,6,4500,山田 康二,NIGE,0.0,23.5,0.16,,,1,1,40.0,50.0,0.0,0.0,2.0,2.0,0.0,0.0,0.0,0.0,16.72,17.468,10.572,-6.896000000000001,0,0,0
20240318,22,1,1,4877,鈴谷 一平,NIGE,75.0,88.6,0.13,0.06,6.85,3,2,41.18,52.94,66.67,88.89,3.0,3.0,0.0,0.0,0.0,0.0,16.518,12.986666666666666,13.851666666666667,0.8650000000000002,0,0,0
20240318,22,1,2,4936,戸敷 晃美,NIGE,23.0,46.1,0.15,0.2,6.84,2,5,33.33,46.67,44.44,66.67,3.0,3.0,3.0,3.0,0.0,0.0,13.119,12.986666666666666,13.851666666666667,0.8650000000000002,0,0,0
20240318,22,1,3,3882,新田 智彰,NIGE,14.2,50.0,0.17,0.11,6.86,4,3,21.05,47.37,33.33,50.0,3.0,3.0,1.0,0.0,3.0,1.0,9.323,12.986666666666666,13.851666666666667,0.8650000000000002,0,0,0
20240318,22,1,4,5242,高山 弘斗,NIGE,13.3,13.3,0.12,0.19,6.88,5,4,11.76,41.18,84.21,94.74,3.0,3.0,1.0,0.0,0.0,1.0,4.6419999999999995,12.986666666666666,13.851666666666667,0.8650000000000002,0,0,0
20240318,22,1,5,4138,中井 俊祐,NIGE,5.7,37.1,0.16,0.06,6.82,1,2,52.63,63.16,27.78,44.44,3.0,3.0,0.0,1.0,1.0,0.0,18.765,12.986666666666666,13.851666666666667,0.8650000000000002,0,0,0
20240318,22,1,6,5085,中村 栄治,NIGE,0.0,13.7,0.19,0.04,6.82,1,1,50.0,61.11,27.78,38.89,3.0,3.0,0.0,0.0,0.0,0.0,18.148,12.986666666666666,13.851666666666667,0.8650000000000002,0,0,0
20240318,22,3,1,4638,小林 遼太,NIGE,54.8,74.1,0.16,0.08,6.86,2,2,63.16,89.47,29.41,35.29,4.0,4.0,0.0,0.0,0.0,1.0,22.194,17.930999999999997,14.333,-3.597999999999997,0,0,0
20240318,22,3,2,3537,田山 和広,NIGE,0.0,31.8,0.18,0.11,6.93,5,3,42.11,57.89,37.5,37.5,4.0,4.0,0.0,0.0,0.0,0.0,14.878999999999998,17.930999999999997,14.333,-3.597999999999997,0,0,0
20240318,22,3,3,4500,山田 康二,NIGE,26.0,68.0,0.14,0.01,6.92,4,1,40.0,50.0,0.0,0.0,4.0,4.0,3.0,0.0,6.0,3.0,16.72,17.930999999999997,14.333,-3.597999999999997,0,0,0
20240318,22,3,4,4893,渡邉 真奈美,NIGE,14.2,42.8,0.13,0.28,6.9,3,5,57.89,57.89,62.5,62.5,4.0,4.0,3.0,0.0,1.0,0.0,20.409000000000002,17.930999999999997,14.333,-3.597999999999997,0,0,0
20240318,22,3,5,3752,宇土 泰就,NIGE,2.6,31.5,0.19,0.11,6.84,1,3,55.56,77.78,27.78,38.89,4.0,4.0,0.0,0.0,1.0,0.0,19.508,17.930999999999997,14.333,-3.597999999999997,0,0,0
20240318,22,3,6,4744,伊藤 玲奈,NIGE,0.0,27.2,0.19,0.12,6.92,4,4,0.0,7.69,58.82,76.47,4.0,4.0,0.0,0.0,0.0,0.0,3.082,17.930999999999997,14.333,-3.597999999999997,0,0,0
20240318,22,4,1,3286,坂東 満,MAKURI,38.4,92.3,0.14,0.46,6.86,2,4,52.63,68.42,11.76,47.06,4.0,4.0,0.0,0.0,0.0,1.0,18.553,19.06,12.694333333333333,-6.365666666666666,0,0,0
20240318,22,4,2,5060,数原 魁,MAKURI,13.5,62.1,0.17,0.43,6.86,2,3,47.37,57.89,31.58,63.16,4.0,4.0,1.0,3.0,0.0,1.0,17.488999999999997,19.06,12.694333333333333,-6.365666666666666,0,0,0
20240318,22,4,3,5079,大石 真央,MAKURI,8.5,31.4,0.18,0.52,6.93,4,5,63.16,68.42,26.32,36.84,4.0,4.0,2.0,1.0,0.0,0.0,21.137999999999998,19.06,12.694333333333333,-6.365666666666666,0,0,0
20240318,22,4,4,5015,高橋 竜矢,MAKURI,22.0,62.0,0.13,0.18,6.92,3,1,16.67,55.56,33.33,33.33,4.0,4.0,8.0,2.0,0.0,1.0,9.343000000000002,19.06,12.694333333333333,-6.365666666666666,0,0,0
20240318,22,4,5,5087,佐藤 航,MAKURI,16.6,53.3,0.18,0.19,6.83,1,2,28.57,28.57,29.41,52.94,4.0,4.0,2.0,0.0,2.0,1.0,12.033,19.06,12.694333333333333,-6.365666666666666,0,0,0
20240318,22,4,6,3721,守田 俊介,MAKURI,0.0,33.3,0.15,0.19,6.97,5,2,38.89,55.56,0.0,0.0,4.0,4.0,0.0,0.0,0.0,0.0,16.707,19.06,12.694333333333333,-6.365666666666666,0,0,0
20240318,22,5,1,3882,新田 智彰,MAKURI,45.2,80.9,0.17,0.09,6.93,4,4,21.05,47.37,33.33,50.0,4.0,4.0,0.0,0.0,0.0,0.0,9.223,11.911333333333333,11.667,-0.2443333333333335,0,0,0
20240318,22,5,2,4145,小澤 学,MAKURI,7.5,42.5,0.27,0.06,6.98,6,3,26.32,26.32,40.0,55.0,4.0,4.0,0.0,3.0,0.0,0.0,10.549999999999999,11.911333333333333,11.667,-0.2443333333333335,0,0,0
20240318,22,5,3,4734,安河内 将,MAKURI,29.7,74.4,0.15,0.02,6.87,2,1,38.89,50.0,52.63,63.16,4.0,4.0,4.0,1.0,9.0,0.0,15.961,11.911333333333333,11.667,-0.2443333333333335,0,0,0
20240318,22,5,4,5117,冨名腰 桃奈,MAKURI,8.0,44.0,0.18,0.05,6.86,1,2,47.06,58.82,22.22,55.56,4.0,4.0,1.0,0.0,1.0,0.0,17.082,11.911333333333333,11.667,-0.2443333333333335,0,0,0
20240318,22,5,5,3257,田頭 実,MAKURI,0.0,0.0,0.2,0.05,6.88,3,2,33.33,50.0,35.71,50.0,4.0,4.0,0.0,0.0,0.0,0.0,14.187,11.911333333333333,11.667,-0.2443333333333335,0,0,0
20240318,22,5,6,4828,松山 将吾,MAKURI,2.4,31.7,0.18,0.11,6.97,5,5,0.0,30.0,0.0,50.0,4.0,4.0,0.0,1.0,0.0,0.0,3.7319999999999998,11.911333333333333,11.667,-0.2443333333333335,0,0,0
20240318,22,6,1,3615,横田 茂,NIGE,54.0,94.5,0.12,0.09,6.88,2,2,35.29,47.06,55.56,66.67,4.0,4.0,0.0,0.0,0.0,2.0,13.725000000000001,13.966,17.492,3.5260000000000016,0,0,0
20240318,22,6,2,3381,滝沢 芳行,NIGE,15.5,64.4,0.13,0.09,6.92,5,2,17.65,23.53,47.37,73.68,4.0,4.0,5.0,1.0,0.0,1.0,8.678999999999998,13.966,17.492,3.5260000000000016,0,0,0
20240318,22,6,3,5029,中 亮太,NIGE,22.8,70.1,0.13,0.09,6.87,1,2,50.0,72.22,26.32,36.84,4.0,4.0,5.0,0.0,7.0,1.0,19.494,13.966,17.492,3.5260000000000016,0,0,0
20240318,22,6,4,4371,西山 貴浩,NIGE,16.0,53.5,0.14,0.41,6.93,6,3,55.56,88.89,15.79,42.11,4.0,4.0,4.0,1.0,2.0,2.0,21.11,13.966,17.492,3.5260000000000016,0,0,0
20240318,22,6,5,4383,竹田 吉行,NIGE,3.1,31.2,0.21,0.09,6.91,4,2,31.58,52.63,42.11,57.89,4.0,4.0,0.0,1.0,0.0,0.0,13.152,13.966,17.492,3.5260000000000016,0,0,0
20240318,22,6,6,4436,渋谷 明憲,NIGE,4.7,38.1,0.18,0.01,6.89,3,1,47.06,64.71,66.67,83.33,4.0,4.0,0.0,0.0,2.0,0.0,18.214,13.966,17.492,3.5260000000000016,0,0,0
20240318,22,7,1,4205,山口 剛,NIGE,79.6,92.1,0.12,0.0007000000000000001,6.83,1,3,11.76,35.29,50.0,83.33,3.0,3.0,0.0,0.0,0.0,0.0,8.425999999999998,143165589.68466666,14.113666666666665,-143165575.571,0,0,0
20240318,22,7,2,4076,杉田 篤光,NIGE,11.3,54.5,0.18,0.0004,6.9,2,2,58.82,64.71,47.37,57.89,3.0,3.0,2.0,2.0,0.0,1.0,21.228,143165589.68466666,14.113666666666665,-143165575.571,0,0,0
20240318,22,7,3,3945,橋口 真樹,NIGE,6.6,46.6,0.2,0.17,6.98,5,6,23.08,30.77,13.33,13.33,3.0,3.0,1.0,0.0,0.0,1.0,429496739.4,143165589.68466666,14.113666666666665,-143165575.571,0,0,0
20240318,22,7,4,4327,加藤 翔,NIGE,5.7,34.2,0.19,0.0003,6.9,2,1,26.32,57.89,38.1,61.9,3.0,3.0,0.0,1.0,1.0,0.0,10.702,143165589.68466666,14.113666666666665,-143165575.571,1,0,0
20240318,22,7,5,3072,西田 靖,NIGE,0.0,0.0,0.0,0.0008,6.92,4,4,23.53,52.94,55.0,75.0,3.0,3.0,0.0,0.0,0.0,0.0,10.405,143165589.68466666,14.113666666666665,-143165575.571,0,0,0
20240318,22,7,6,4116,川田 正人,NIGE,3.2,32.2,0.19,0.04,6.91,3,5,60.0,85.0,18.18,45.45,3.0,3.0,0.0,1.0,0.0,0.0,21.233999999999998,143165589.68466666,14.113666666666665,-143165575.571,0,0,0
20240318,22,8,1,3444,香月 大介,SASHI,20.0,60.0,0.13,,,1,1,26.32,47.37,31.58,47.37,3.0,3.0,0.0,0.0,0.0,0.0,10.792,10.747,13.027000000000001,2.280000000000001,0,0,0
20240318,22,8,2,3716,石渡 鉄兵,SASHI,30.0,72.0,0.13,,,1,1,5.88,11.76,47.37,68.42,3.0,3.0,1.0,11.0,0.0,3.0,6.37,10.747,13.027000000000001,2.280000000000001,0,0,0
20240318,22,8,3,3537,田山 和広,SASHI,0.0,23.8,0.17,,,1,1,42.11,57.89,37.5,37.5,3.0,3.0,0.0,0.0,0.0,0.0,15.078999999999999,10.747,13.027000000000001,2.280000000000001,0,0,0
20240318,22,8,4,5060,数原 魁,SASHI,9.0,48.4,0.16,,,1,1,47.37,57.89,31.58,63.16,3.0,3.0,2.0,0.0,0.0,1.0,17.688999999999997,10.747,13.027000000000001,2.280000000000001,,0,0
20240318,22,8,5,5212,西川 拓利,SASHI,0.0,18.0,0.16,,,1,1,41.67,58.33,37.5,56.25,3.0,3.0,0.0,0.0,0.0,0.0,15.055,10.747,13.027000000000001,2.280000000000001,0,0,0
20240318,22,8,6,4818,伏見 俊介,SASHI,3.0,30.3,0.15,,,1,1,8.33,8.33,33.33,44.44,3.0,3.0,1.0,0.0,0.0,0.0,6.337000000000001,10.747,13.027000000000001,2.280000000000001,0,0,0
20240318,23,10,1,5142,常住 蓮,SASHI,58.3,87.5,0.17,0.19,6.61,1,6,33.8,52.82,0.0,0.0,6.0,6.0,0.0,0.0,0.0,2.0,429496743.564,143165590.178,12.171333333333335,-143165578.00666666,0,1,1
20240318,23,10,2,3898,平田 忠則,SASHI,15.1,57.5,0.16,0.09,6.75,2,3,37.9,57.26,0.0,0.0,6.0,6.0,0.0,3.0,0.0,2.0,15.637999999999998,143165590.178,12.171333333333335,-143165578.00666666,0,1,1
20240318,23,10,3,4839,四宮 与寛,SASHI,20.0,57.1,0.14,0.1,6.84,5,4,25.6,44.8,0.0,0.0,6.0,6.0,1.0,1.0,5.0,0.0,11.331999999999999,143165590.178,12.171333333333335,-143165578.00666666,0,1,1
20240318,23,10,4,4377,濱本 優一,SASHI,15.3,79.4,0.16,0.16,6.86,6,5,25.64,42.74,0.0,0.0,6.0,6.0,1.0,2.0,3.0,0.0,10.896,143165590.178,12.171333333333335,-143165578.00666666,0,1,1
20240318,23,10,5,4111,奥田 誠,SASHI,2.6,39.4,0.22,0.07,6.79,3,1,34.59,52.63,0.0,0.0,6.0,6.0,0.0,0.0,0.0,1.0,13.669,143165590.178,12.171333333333335,-143165578.00666666,0,1,1
20240318,23,10,6,4346,前田 健太郎,SASHI,0.0,14.7,0.16,0.08,6.81,4,2,30.71,40.16,0.0,0.0,6.0,6.0,0.0,0.0,0.0,0.0,11.949,143165590.178,12.171333333333335,-143165578.00666666,0,1,1
20240318,23,11,1,4384,鶴本 崇文,NIGE,73.0,90.4,0.15,0.0001,6.82,4,1,30.47,51.56,0.0,0.0,6.0,6.0,0.0,0.0,0.0,5.0,12.979000000000001,14.287666666666667,12.969666666666667,-1.3179999999999996,0,1,1
20240318,23,11,2,4236,松村 敏,NIGE,23.0,76.9,0.11,0.1,6.76,1,4,36.8,49.6,0.0,0.0,6.0,6.0,2.0,7.0,0.0,0.0,15.345999999999998,14.287666666666667,12.969666666666667,-1.3179999999999996,0,1,1
20240318,23,11,3,4214,林 祐介,NIGE,11.1,57.4,0.16,0.13,6.8,3,5,36.8,59.2,0.0,0.0,6.0,6.0,0.0,2.0,3.0,1.0,14.537999999999998,14.287666666666667,12.969666666666667,-1.3179999999999996,0,1,1
20240318,23,11,4,4121,富永 修一,NIGE,2.9,38.2,0.15,0.0005,6.76,1,3,36.89,56.56,0.0,0.0,6.0,6.0,0.0,0.0,0.0,1.0,15.082999999999998,14.287666666666667,12.969666666666667,-1.3179999999999996,1,1,1
20240318,23,11,5,4425,大井 清貴,NIGE,2.7,38.8,0.2,0.0003,6.78,2,2,35.77,52.03,0.0,0.0,6.0,6.0,0.0,0.0,1.0,0.0,13.971,14.287666666666667,12.969666666666667,-1.3179999999999996,0,1,1
20240318,23,11,6,4348,宮崎 奨,NIGE,0.0,25.8,0.18,0.0003,6.82,4,2,19.17,41.67,0.0,0.0,6.0,6.0,0.0,0.0,0.0,0.0,9.855,14.287666666666667,12.969666666666667,-1.3179999999999996,0,1,1
20240318,23,12,1,4069,山本 修一,SASHI,59.5,91.4,0.14,0.0009,6.82,4,4,36.64,50.38,0.0,0.0,6.0,6.0,0.0,0.0,0.0,1.0,15.033999999999999,143165591.53933334,12.633000000000001,-143165578.90633336,0,1,1
20240318,23,12,2,4218,吉川 喜継,SASHI,18.8,75.4,0.17,0.11,6.9,6,6,33.63,46.02,0.0,0.0,6.0,6.0,5.0,3.0,0.0,2.0,429496743.549,143165591.53933334,12.633000000000001,-143165578.90633336,0,1,1
20240318,23,12,3,4064,原田 篤志,SASHI,14.5,68.7,0.16,0.0006,6.79,2,2,39.55,59.7,0.0,0.0,6.0,6.0,2.0,1.0,0.0,4.0,16.035,143165591.53933334,12.633000000000001,-143165578.90633336,0,1,1
20240318,23,12,4,4600,井内 将太郎,SASHI,14.0,64.0,0.14,0.04,6.83,5,5,24.6,42.06,0.0,0.0,6.0,6.0,2.0,0.0,3.0,1.0,11.052,143165591.53933334,12.633000000000001,-143165578.90633336,0,1,1
20240318,23,12,5,4330,奈須 啓太,SASHI,8.8,44.1,0.13,0.0008,6.81,3,3,24.17,35.83,0.0,0.0,6.0,6.0,0.0,1.0,2.0,0.0,10.828999999999999,143165591.53933334,12.633000000000001,-143165578.90633336,0,1,1
20240318,23,12,6,3747,國崎 良春,SASHI,4.4,33.3,0.16,0.0003,6.73,1,1,40.0,63.2,0.0,0.0,6.0,6.0,1.0,1.0,0.0,0.0,16.018,143165591.53933334,12.633000000000001,-143165578.90633336,0,1,1
20240318,23,1,1,4839,四宮 与寛,MAKURI,54.2,80.0,0.16,0.16,6.79,4,2,25.6,44.8,0.0,0.0,5.0,5.0,0.0,0.0,0.0,1.0,11.532,10.771333333333331,14.236333333333333,3.4650000000000016,0,0,0
20240318,23,1,2,3591,後藤 孝義,MAKURI,0.0,41.6,0.18,0.15,6.72,1,1,33.86,49.61,0.0,0.0,5.0,5.0,0.0,0.0,0.0,0.0,12.838,10.771333333333331,14.236333333333333,3.4650000000000016,0,0,0
20240318,23,1,3,5244,黒田 剛,MAKURI,25.0,75.0,0.16,0.41,6.73,2,5,22.22,33.33,0.0,0.0,5.0,5.0,0.0,0.0,1.0,0.0,7.943999999999999,10.771333333333331,14.236333333333333,3.4650000000000016,0,0,0
20240318,23,1,4,4981,牧山 敦也,MAKURI,5.1,51.2,0.17,0.17,6.77,3,3,30.71,51.97,0.0,0.0,5.0,5.0,1.0,0.0,1.0,0.0,12.646999999999998,10.771333333333331,14.236333333333333,3.4650000000000016,0,0,0
20240318,23,1,5,4753,森 照夫,MAKURI,3.2,25.8,0.19,0.15,6.8,5,1,41.48,58.52,0.0,0.0,5.0,5.0,0.0,1.0,0.0,0.0,15.597999999999999,10.771333333333331,14.236333333333333,3.4650000000000016,0,0,0
20240318,23,1,6,3212,亀本 勇樹,MAKURI,0.0,25.0,0.24,0.2,6.85,6,4,37.96,60.58,0.0,0.0,5.0,5.0,0.0,0.0,0.0,0.0,14.464,10.771333333333331,14.236333333333333,3.4650000000000016,0,0,0
20240318,23,3,1,4377,濱本 優一,NIGE,66.6,87.5,0.13,,,1,1,25.64,42.74,0.0,0.0,6.0,6.0,0.0,0.0,0.0,3.0,11.296000000000001,14.607999999999999,11.360999999999999,-3.247,0,1,1
20240318,23,3,2,5124,上瀧 絢也,NIGE,6.6,43.3,0.17,,,1,1,45.38,62.31,0.0,0.0,6.0,6.0,0.0,2.0,0.0,0.0,16.509999999999998,14.607999999999999,11.360999999999999,-3.247,0,1,1
20240318,23,3,3,3747,國崎 良春,NIGE,20.5,64.1,0.16,,,1,1,40.0,63.2,0.0,0.0,6.0,6.0,4.0,0.0,4.0,0.0,16.018,14.607999999999999,11.360999999999999,-3.247,0,1,1
20240318,23,3,4,5199,垂水 悠,NIGE,13.7,41.3,0.12,,,1,1,33.85,46.92,0.0,0.0,6.0,6.0,4.0,0.0,0.0,0.0,13.399,14.607999999999999,11.360999999999999,-3.247,,1,1
20240318,23,3,5,3211,北川 敏弘,NIGE,0.0,26.6,0.17,,,1,1,25.0,42.5,0.0,0.0,6.0,6.0,0.0,0.0,0.0,0.0,10.624,14.607999999999999,11.360999999999999,-3.247,0,1,1
20240318,23,3,6,4880,澤崎 雄哉,NIGE,3.1,34.3,0.16,,,1,1,22.12,40.71,0.0,0.0,6.0,6.0,1.0,0.0,0.0,0.0,10.06,14.607999999999999,11.360999999999999,-3.247,0,1,1
20240318,23,4,1,4331,三好 勇人,MAKURI_SASHI,47.0,85.2,0.12,0.001,6.82,5,3,40.3,54.48,0.0,0.0,6.0,6.0,0.0,0.0,0.0,1.0,15.943999999999997,13.656999999999998,143165588.77533334,143165575.11833334,0,1,1
20240318,23,4,2,4355,小川 広大,MAKURI_SASHI,0.0,40.0,0.18,0.0009,6.8,4,2,32.52,48.78,0.0,0.0,6.0,6.0,0.0,0.0,0.0,0.0,12.348,13.656999999999998,143165588.77533334,143165575.11833334,0,1,1
20240318,23,4,3,4384,鶴本 崇文,MAKURI_SASHI,17.3,65.2,0.16,0.0015,6.77,3,4,30.47,51.56,0.0,0.0,6.0,6.0,1.0,0.0,6.0,1.0,12.679,13.656999999999998,143165588.77533334,143165575.11833334,0,1,1
20240318,23,4,4,5307,富永 夏哉人,MAKURI_SASHI,0.0,0.0,0.12,0.0016,6.75,2,5,34.31,50.36,0.0,0.0,6.0,6.0,0.0,0.0,0.0,0.0,11.583,13.656999999999998,143165588.77533334,143165575.11833334,0,1,1
20240318,23,4,5,5142,常住 蓮,MAKURI_SASHI,4.6,44.1,0.15,0.04,6.66,1,6,33.8,52.82,0.0,0.0,6.0,6.0,0.0,0.0,2.0,0.0,429496743.564,13.656999999999998,143165588.77533334,143165575.11833334,0,1,1
20240318,23,4,6,4301,関 裕也,MAKURI_SASHI,0.0,0.0,0.15,0.0008,6.89,6,1,26.83,43.9,0.0,0.0,6.0,6.0,0.0,0.0,0.0,0.0,11.179,13.656999999999998,143165588.77533334,143165575.11833334,0,1,1
20240318,23,5,1,4111,奥田 誠,NIGE,50.0,83.3,0.17,0.01,6.79,2,2,34.59,52.63,0.0,0.0,5.0,5.0,0.0,0.0,0.0,2.0,13.569,143165589.331,13.452333333333334,-143165575.87866667,0,0,1
20240318,23,5,2,4376,藤田 靖弘,NIGE,16.0,66.0,0.15,0.09,6.86,5,5,33.86,54.33,0.0,0.0,5.0,5.0,1.0,7.0,0.0,0.0,13.95,143165589.331,13.452333333333334,-143165575.87866667,0,0,1
20240318,23,5,3,4557,松尾 光広,NIGE,5.8,38.2,0.16,0.19,6.77,1,6,27.94,44.85,0.0,0.0,5.0,5.0,0.0,0.0,2.0,0.0,429496740.474,143165589.331,13.452333333333334,-143165575.87866667,0,0,1
20240318,23,5,4,4776,竹田 和哉,NIGE,14.2,68.5,0.16,0.05,6.83,4,3,35.11,50.38,0.0,0.0,5.0,5.0,3.0,0.0,1.0,1.0,14.716999999999999,143165589.331,13.452333333333334,-143165575.87866667,1,0,1
20240318,23,5,5,4218,吉川 喜継,NIGE,2.5,48.7,0.17,0.08,6.86,5,4,33.63,46.02,0.0,0.0,5.0,5.0,0.0,0.0,1.0,0.0,14.149,143165589.331,13.452333333333334,-143165575.87866667,0,0,1
20240318,23,5,6,4899,占部 一真,NIGE,15.3,23.0,0.15,0.0004,6.81,3,1,30.23,45.74,0.0,0.0,5.0,5.0,1.0,0.0,1.0,0.0,11.491,143165589.331,13.452333333333334,-143165575.87866667,0,0,1
20240318,23,7,1,3461,渡邊 哲也,MAKURI,24.2,69.7,0.14,,,1,1,30.3,50.76,0.0,0.0,6.0,6.0,0.0,0.0,0.0,0.0,12.106,10.895000000000001,11.296999999999999,0.40199999999999747,0,1,1
20240318,23,7,2,4348,宮崎 奨,MAKURI,14.2,57.1,0.17,,,1,1,19.17,41.67,0.0,0.0,6.0,6.0,2.0,3.0,0.0,0.0,9.955,10.895000000000001,11.296999999999999,0.40199999999999747,0,1,1
20240318,23,7,3,3211,北川 敏弘,MAKURI,2.7,36.1,0.16,,,1,1,25.0,42.5,0.0,0.0,6.0,6.0,1.0,0.0,0.0,0.0,10.624,10.895000000000001,11.296999999999999,0.40199999999999747,0,1,1
20240318,23,7,4,3792,田中 豪,MAKURI,7.5,65.0,0.17,,,1,1,33.33,46.83,0.0,0.0,6.0,6.0,2.0,1.0,0.0,0.0,14.094999999999999,10.895000000000001,11.296999999999999,0.40199999999999747,,1,1
20240318,23,7,5,4600,井内 将太郎,MAKURI,4.7,33.3,0.14,,,1,1,24.6,42.06,0.0,0.0,6.0,6.0,1.0,0.0,1.0,0.0,11.452,10.895000000000001,11.296999999999999,0.40199999999999747,0,1,1
20240318,23,7,6,5244,黒田 剛,MAKURI,0.0,3.2,0.16,,,1,1,22.22,33.33,0.0,0.0,6.0,6.0,0.0,0.0,0.0,0.0,8.344,10.895000000000001,11.296999999999999,0.40199999999999747,0,1,1
20240318,23,9,1,4981,牧山 敦也,MAKURI_SASHI,51.6,80.6,0.14,0.09,6.82,4,5,30.71,51.97,0.0,0.0,6.0,6.0,0.0,0.0,0.0,0.0,12.447,143165590.08633333,14.693999999999997,-143165575.39233333,0,1,1
20240318,23,9,2,3661,柳瀬 興志,MAKURI_SASHI,6.0,50.0,0.19,0.0001,6.77,2,1,34.62,50.0,0.0,0.0,6.0,6.0,1.0,0.0,0.0,1.0,14.074,143165590.08633333,14.693999999999997,-143165575.39233333,0,1,1
20240318,23,9,3,3587,武田 信一,MAKURI_SASHI,3.7,29.6,0.16,0.31,6.81,3,6,39.84,53.91,0.0,0.0,6.0,6.0,1.0,0.0,0.0,0.0,429496743.738,143165590.08633333,14.693999999999997,-143165575.39233333,0,1,1
20240318,23,9,4,4063,市橋 卓士,MAKURI_SASHI,13.6,63.6,0.13,0.0009,6.76,1,3,32.56,52.71,0.0,0.0,6.0,6.0,0.0,0.0,5.0,0.0,13.988,143165590.08633333,14.693999999999997,-143165575.39233333,1,1,1
20240318,23,9,5,4331,三好 勇人,MAKURI_SASHI,4.5,29.5,0.17,0.0005,6.76,1,2,40.3,54.48,0.0,0.0,6.0,6.0,0.0,0.0,2.0,0.0,16.043999999999997,143165590.08633333,14.693999999999997,-143165575.39233333,0,1,1
20240318,23,9,6,4376,藤田 靖弘,MAKURI_SASHI,0.0,21.9,0.2,0.02,6.92,5,4,33.86,54.33,0.0,0.0,6.0,6.0,0.0,0.0,0.0,0.0,14.049999999999999,143165590.08633333,14.693999999999997,-143165575.39233333,0,1,1
20240318,24,10,1,4276,鈴木 勝博,NIGE,69.8,84.9,0.15,0.04,6.83,1,6,41.99,60.77,34.62,51.1,0.0,1.0,0.0,0.0,0.0,3.0,429496745.985,143165590.683,14.546333333333335,-143165576.13666666,0,0,0
20240318,24,10,2,4150,山田 雄太,NIGE,19.4,66.6,0.13,0.0002,6.96,6,1,34.62,54.4,35.16,53.3,0.0,1.0,0.0,7.0,0.0,0.0,15.094,143165590.683,14.546333333333335,-143165576.13666666,0,0,0
20240318,24,10,3,4259,真庭 明志,NIGE,10.8,50.0,0.15,0.0007000000000000001,6.92,4,3,24.0,37.71,21.59,34.09,0.0,1.0,2.0,1.0,1.0,1.0,10.969999999999999,143165590.683,14.546333333333335,-143165576.13666666,0,0,0
20240318,24,10,4,4077,品田 直樹,NIGE,8.1,37.8,0.18,0.0004,6.87,2,2,32.02,47.19,31.84,50.84,0.0,1.0,2.0,1.0,0.0,0.0,12.552,143165590.683,14.546333333333335,-143165576.13666666,0,0,0
20240318,24,10,5,4191,赤羽 克也,NIGE,10.5,50.0,0.16,0.0024,6.94,5,4,42.7,57.87,32.79,51.91,0.0,1.0,0.0,1.0,3.0,0.0,16.708000000000002,143165590.683,14.546333333333335,-143165576.13666666,0,0,0
20240318,24,10,6,4700,金子 和之,NIGE,3.1,34.3,0.19,0.0028000000000000004,6.89,3,5,35.87,52.72,27.47,41.76,0.0,1.0,0.0,0.0,0.0,1.0,14.379,143165590.683,14.546333333333335,-143165576.13666666,0,0,0
20240318,24,11,1,4437,中田 元泰,NIGE,65.9,84.0,0.15,0.27,6.88,3,6,23.94,39.89,41.44,60.77,1.0,1.0,0.0,0.0,0.0,0.0,429496740.432,143165589.76033333,16.733,-143165573.02733332,0,0,0
20240318,24,11,2,4594,谷川 祐一,NIGE,14.5,58.3,0.15,0.03,6.86,2,1,43.82,58.99,30.77,41.76,1.0,1.0,4.0,3.0,0.0,0.0,17.307999999999996,143165589.76033333,16.733,-143165573.02733332,0,0,0
20240318,24,11,3,4174,赤坂 俊輔,NIGE,11.5,67.3,0.15,0.14,6.9,4,5,24.31,43.09,31.21,50.29,1.0,1.0,4.0,1.0,1.0,0.0,11.541,143165589.76033333,16.733,-143165573.02733332,0,0,0
20240318,24,11,4,4887,富澤 祐作,NIGE,19.0,47.6,0.13,0.13,6.88,3,4,44.75,61.33,32.04,53.04,1.0,1.0,5.0,1.0,1.0,1.0,16.729,143165589.76033333,16.733,-143165573.02733332,0,0,0
20240318,24,11,5,3849,中岡 正彦,NIGE,7.6,34.6,0.13,0.07,6.92,5,3,37.5,55.68,35.16,59.89,1.0,1.0,0.0,0.0,2.0,0.0,15.254,143165589.76033333,16.733,-143165573.02733332,0,0,0
20240318,24,11,6,3841,佐々木 和伸,NIGE,0.0,30.7,0.19,0.04,6.81,1,2,48.6,68.72,35.91,50.28,1.0,1.0,0.0,0.0,0.0,0.0,18.216,143165589.76033333,16.733,-143165573.02733332,0,0,0
20240318,24,12,1,4566,塩田 北斗,NIGE,76.7,90.4,0.14,0.03,6.89,3,2,26.7,43.18,31.11,43.33,2.0,1.0,0.0,0.0,0.0,0.0,12.780000000000001,15.153,143165590.47933334,143165575.32633334,0,0,0
20240318,24,12,2,4335,若林 将,NIGE,18.1,78.7,0.12,0.06,6.85,1,4,44.38,57.87,28.14,46.71,2.0,1.0,0.0,4.0,0.0,2.0,17.122,15.153,143165590.47933334,143165575.32633334,0,0,0
20240318,24,12,3,4016,西川 新太郎,NIGE,14.2,45.7,0.15,0.04,6.85,1,3,40.11,55.37,31.49,46.41,2.0,1.0,1.0,1.0,3.0,0.0,15.556999999999999,15.153,143165590.47933334,143165575.32633334,0,0,0
20240318,24,12,4,4136,江夏 満,NIGE,2.5,62.5,0.14,0.12,6.87,2,6,36.22,51.89,34.46,54.8,2.0,1.0,0.0,1.0,0.0,0.0,429496744.146,15.153,143165590.47933334,143165575.32633334,0,0,0
20240318,24,12,5,4624,高田 明,NIGE,12.7,46.8,0.16,0.01,6.87,2,1,37.3,53.51,31.67,51.67,2.0,1.0,1.0,0.0,5.0,0.0,15.418,15.153,143165590.47933334,143165575.32633334,0,0,0
20240318,24,12,6,4438,森作 雄大,NIGE,0.0,29.4,0.17,0.07,6.9,4,5,28.96,45.36,33.33,51.91,2.0,1.0,0.0,0.0,0.0,0.0,11.874,15.153,143165590.47933334,143165575.32633334,0,0,0
20240318,24,1,1,3501,川上 昇平,NIGE,55.8,79.4,0.16,0.09,6.83,3,2,32.24,48.63,28.57,48.9,4.0,3.0,0.0,0.0,0.0,0.0,12.864,12.743,143165588.26933333,143165575.52633333,0,0,0
20240318,24,1,2,3773,津留 浩一郎,NIGE,5.0,35.0,0.19,0.03,6.84,4,1,31.64,46.33,30.94,51.38,4.0,3.0,1.0,1.0,0.0,0.0,12.898,12.743,143165588.26933333,143165575.52633333,0,0,0
20240318,24,1,3,3664,鈴木 賢一,NIGE,10.8,43.2,0.16,0.13,6.86,6,3,30.73,49.72,37.29,59.89,4.0,3.0,3.0,0.0,1.0,0.0,12.466999999999999,12.743,143165588.26933333,143165575.52633333,0,0,0
20240318,24,1,4,4129,宇野 博之,NIGE,6.2,31.2,0.18,0.16,6.81,2,4,29.12,51.1,39.01,58.24,4.0,3.0,0.0,1.0,1.0,0.0,11.626,12.743,143165588.26933333,143165575.52633333,0,0,0
20240318,24,1,5,3953,志道 吉和,NIGE,0.0,9.3,0.17,0.24,6.8,1,5,36.76,54.05,43.02,59.78,4.0,3.0,0.0,0.0,0.0,0.0,13.367999999999999,12.743,143165588.26933333,143165575.52633333,0,0,0
20240318,24,1,6,4803,飯田 庄吾,NIGE,0.0,20.0,0.22,0.29,6.85,5,6,25.14,46.45,39.11,50.84,4.0,3.0,0.0,0.0,0.0,0.0,429496739.814,12.743,143165588.26933333,143165575.52633333,0,0,0
20240318,24,2,1,5065,伊久間 陽優,MAKURI_SASHI,40.7,70.3,0.13,0.12,6.79,3,3,39.66,55.31,31.49,51.38,3.0,2.0,0.0,0.0,0.0,0.0,14.989999999999997,15.515666666666666,143165590.44666666,143165574.931,0,0,0
20240318,24,2,2,3718,伊達 正利,MAKURI_SASHI,6.2,50.0,0.19,0.17,6.82,4,5,36.41,53.8,36.07,52.46,3.0,2.0,1.0,1.0,0.0,0.0,13.340999999999998,15.515666666666666,143165590.44666666,143165574.931,0,0,0
20240318,24,2,3,3841,佐々木 和伸,MAKURI_SASHI,20.4,65.9,0.16,0.08,6.78,2,2,48.6,68.72,35.91,50.28,3.0,2.0,4.0,2.0,2.0,1.0,18.216,15.515666666666666,143165590.44666666,143165574.931,0,0,0
20240318,24,2,4,4410,井上 大輔,MAKURI_SASHI,17.5,55.0,0.14,0.04,6.82,4,1,35.87,53.26,32.04,44.2,3.0,2.0,4.0,0.0,2.0,1.0,14.491,15.515666666666666,143165590.44666666,143165574.931,1,0,0
20240318,24,2,5,5268,山本 幸也,MAKURI_SASHI,0.0,20.0,0.16,0.27,6.77,1,6,51.41,65.54,29.51,46.45,3.0,2.0,0.0,0.0,0.0,0.0,429496745.979,15.515666666666666,143165590.44666666,143165574.931,0,0,0
20240318,24,2,6,4259,真庭 明志,MAKURI_SASHI,2.7,22.2,0.15,0.16,6.86,5,4,24.0,37.71,21.59,34.09,3.0,2.0,0.0,1.0,0.0,0.0,10.87,15.515666666666666,143165590.44666666,143165574.931,0,0,0
20240318,24,3,1,4817,渡邉 翼,NIGE,57.5,87.5,0.14,,,1,1,33.33,50.85,38.46,58.24,3.0,2.0,0.0,0.0,0.0,0.0,13.848999999999998,13.379,11.245,-2.1340000000000003,0,0,0
20240318,24,3,2,4438,森作 雄大,NIGE,11.1,62.2,0.14,,,1,1,28.96,45.36,33.33,51.91,3.0,2.0,4.0,1.0,0.0,0.0,12.274000000000001,13.379,11.245,-2.1340000000000003,0,0,0
20240318,24,3,3,4241,大串 重幸,NIGE,7.6,56.4,0.16,,,1,1,36.02,47.85,36.07,51.37,3.0,2.0,1.0,0.0,1.0,1.0,14.014000000000001,13.379,11.245,-2.1340000000000003,0,0,0
20240318,24,3,4,4740,齋藤 達希,NIGE,3.2,25.8,0.18,,,1,1,31.46,45.51,25.68,48.63,3.0,2.0,0.0,1.0,0.0,0.0,12.586,13.379,11.245,-2.1340000000000003,,0,0
20240318,24,3,5,4437,中田 元泰,NIGE,8.8,60.0,0.15,,,1,1,23.94,39.89,41.44,60.77,3.0,2.0,2.0,1.0,1.0,0.0,11.332,13.379,11.245,-2.1340000000000003,0,0,0
20240318,24,3,6,5328,井上 慧人,NIGE,0.0,0.0,0.22,,,1,1,28.57,43.43,34.08,54.75,3.0,2.0,0.0,0.0,0.0,0.0,9.817,13.379,11.245,-2.1340000000000003,0,0,0
20240318,24,4,1,3860,松本 浩貴,NIGE,22.2,74.0,0.19,0.11,6.89,1,3,25.14,42.46,36.07,55.19,3.0,2.0,0.0,0.0,0.0,0.0,10.291999999999998,12.065999999999997,13.379333333333335,1.313333333333338,0,0,0
20240318,24,4,2,3505,山田 竜一,NIGE,7.3,68.2,0.18,0.26,6.94,4,5,25.14,44.13,30.86,51.43,3.0,2.0,1.0,2.0,0.0,0.0,10.788,12.065999999999997,13.379333333333335,1.313333333333338,0,0,0
20240318,24,4,3,4624,高田 明,NIGE,25.0,62.5,0.15,0.17,6.89,1,4,37.3,53.51,31.67,51.67,3.0,2.0,5.0,0.0,6.0,1.0,15.117999999999999,12.065999999999997,13.379333333333335,1.313333333333338,0,0,0
20240318,24,4,4,4752,西尾 亮輔,NIGE,0.0,35.0,0.14,0.0001,6.9,2,2,32.53,50.0,35.36,48.62,3.0,2.0,0.0,0.0,0.0,0.0,12.699000000000002,12.065999999999997,13.379333333333335,1.313333333333338,1,0,0
20240318,24,4,5,4174,赤坂 俊輔,NIGE,2.5,52.5,0.16,0.0,6.92,3,1,24.31,43.09,31.21,50.29,3.0,2.0,1.0,0.0,0.0,0.0,11.941,12.065999999999997,13.379333333333335,1.313333333333338,0,0,0
20240318,24,4,6,3950,石川 哲秀,NIGE,0.0,16.0,0.17,0.0001,6.94,4,2,42.94,62.71,32.24,52.46,3.0,2.0,0.0,0.0,0.0,0.0,15.498000000000001,12.065999999999997,13.379333333333335,1.313333333333338,0,0,0
20240318,24,5,1,4691,水原 慎,NIGE,44.1,73.5,0.12,,,1,1,34.95,49.46,42.22,57.22,3.0,2.0,0.0,0.0,0.0,0.0,13.549000000000001,14.121,14.148000000000001,0.027000000000001023,0,0,0
20240318,24,5,2,3953,志道 吉和,NIGE,3.0,27.2,0.2,,,1,1,36.76,54.05,43.02,59.78,3.0,2.0,0.0,1.0,0.0,0.0,13.767999999999999,14.121,14.148000000000001,0.027000000000001023,0,0,0
20240318,24,5,3,4136,江夏 満,NIGE,18.4,68.4,0.13,,,1,1,36.22,51.89,34.46,54.8,3.0,2.0,1.0,2.0,4.0,0.0,15.046,14.121,14.148000000000001,0.027000000000001023,0,0,0
20240318,24,5,4,3849,中岡 正彦,NIGE,27.5,67.5,0.11,,,1,1,37.5,55.68,35.16,59.89,3.0,2.0,7.0,2.0,1.0,0.0,15.454,14.121,14.148000000000001,0.027000000000001023,,0,0
20240318,24,5,5,5048,眞鳥 康太,NIGE,2.7,38.8,0.2,,,1,1,36.52,55.62,33.52,47.8,3.0,2.0,0.0,1.0,0.0,0.0,14.338000000000001,14.121,14.148000000000001,0.027000000000001023,0,0,0
20240318,24,5,6,4077,品田 直樹,NIGE,0.0,34.3,0.2,,,1,1,32.02,47.19,31.84,50.84,3.0,2.0,0.0,0.0,0.0,0.0,12.652,14.121,14.148000000000001,0.027000000000001023,0,0,0
20240318,24,6,1,4919,吉田 翔悟,NIGE,58.3,87.5,0.14,0.01,6.85,1,3,27.72,46.74,36.67,47.22,3.0,2.0,0.0,0.0,0.0,0.0,11.623999999999999,143165591.618,14.411333333333332,-143165577.20666668,0,0,0
20240318,24,6,2,4191,赤羽 克也,NIGE,26.0,76.0,0.14,0.08,6.9,3,4,42.7,57.87,32.79,51.91,3.0,2.0,7.0,4.0,0.0,1.0,16.708000000000002,143165591.618,14.411333333333332,-143165577.20666668,0,0,0
20240318,24,6,3,4335,若林 将,NIGE,13.8,66.6,0.11,0.12,6.86,2,6,44.38,57.87,28.14,46.71,3.0,2.0,1.0,0.0,3.0,1.0,429496746.522,143165591.618,14.411333333333332,-143165577.20666668,0,0,0
20240318,24,6,4,3501,川上 昇平,NIGE,6.9,62.0,0.15,0.09,6.92,4,5,32.24,48.63,28.57,48.9,3.0,2.0,1.0,0.0,0.0,0.0,12.564,143165591.618,14.411333333333332,-143165577.20666668,1,0,0
20240318,24,6,5,4887,富澤 祐作,NIGE,14.6,53.6,0.12,0.0012,6.93,5,2,44.75,61.33,32.04,53.04,3.0,2.0,1.0,0.0,5.0,0.0,16.929,143165591.618,14.411333333333332,-143165577.20666668,0,0,0
20240318,24,6,6,3718,伊達 正利,NIGE,0.0,15.6,0.21,0.0008,6.9,3,1,36.41,53.8,36.07,52.46,3.0,2.0,0.0,0.0,0.0,0.0,13.740999999999998,143165591.618,14.411333333333332,-143165577.20666668,0,0,0
20240318,24,7,1,3664,鈴木 賢一,MAKURI_SASHI,59.4,81.0,0.14,,,1,1,30.73,49.72,37.29,59.89,3.0,2.0,0.0,0.0,0.0,1.0,12.667,15.137,14.591,-0.5460000000000012,0,0,0
20240318,24,7,2,3922,菅沼 佳昭,MAKURI_SASHI,8.1,35.1,0.17,,,1,1,42.7,53.37,37.02,55.8,3.0,2.0,0.0,3.0,0.0,0.0,15.436000000000002,15.137,14.591,-0.5460000000000012,0,0,0
20240318,24,7,3,4594,谷川 祐一,MAKURI_SASHI,11.3,56.6,0.15,,,1,1,43.82,58.99,30.77,41.76,3.0,2.0,1.0,2.0,3.0,0.0,17.307999999999996,15.137,14.591,-0.5460000000000012,0,0,0
20240318,24,7,4,4566,塩田 北斗,MAKURI_SASHI,15.2,63.0,0.14,,,1,1,26.7,43.18,31.11,43.33,3.0,2.0,3.0,1.0,3.0,0.0,12.88,15.137,14.591,-0.5460000000000012,,0,0
20240318,24,7,5,4241,大串 重幸,MAKURI_SASHI,0.0,28.5,0.17,,,1,1,36.02,47.85,36.07,51.37,3.0,2.0,0.0,0.0,0.0,0.0,14.014000000000001,15.137,14.591,-0.5460000000000012,0,0,0
20240318,24,7,6,5268,山本 幸也,MAKURI_SASHI,0.0,2.4,0.2,,,1,1,51.41,65.54,29.51,46.45,3.0,2.0,0.0,0.0,0.0,0.0,16.878999999999998,15.137,14.591,-0.5460000000000012,0,0,0
20240318,24,8,1,4016,西川 新太郎,MAKURI,47.0,85.2,0.15,0.11,6.81,1,6,40.11,55.37,31.49,46.41,2.0,1.0,0.0,0.0,0.0,0.0,429496744.857,143165591.36433333,11.632999999999997,-143165579.73133335,0,0,0
20240318,24,8,2,4410,井上 大輔,MAKURI,20.6,51.7,0.18,0.0002,6.84,4,2,35.87,53.26,32.04,44.2,2.0,1.0,3.0,3.0,0.0,0.0,14.391,143165591.36433333,11.632999999999997,-143165579.73133335,0,0,0
20240318,24,8,3,4452,松尾 祭,MAKURI,13.6,75.0,0.15,0.0006,6.85,5,4,36.07,52.46,20.22,39.33,2.0,1.0,5.0,0.0,1.0,0.0,14.844999999999999,143165591.36433333,11.632999999999997,-143165579.73133335,0,0,0
20240318,24,8,4,4254,川島 圭司,MAKURI,0.0,60.4,0.13,0.0004,6.82,2,3,25.54,44.57,28.18,41.44,2.0,1.0,0.0,0.0,0.0,0.0,11.113999999999997,143165591.36433333,11.632999999999997,-143165579.73133335,0,0,0
20240318,24,8,5,3790,佐口 達也,MAKURI,8.8,35.2,0.18,0.0001,6.88,6,1,23.76,37.57,36.46,52.49,2.0,1.0,0.0,0.0,3.0,0.0,10.540000000000001,143165591.36433333,11.632999999999997,-143165579.73133335,0,0,0
20240318,24,8,6,4949,横田 貴満,MAKURI,0.0,30.7,0.2,0.01,6.83,3,5,32.97,46.7,26.9,45.61,2.0,1.0,0.0,0.0,0.0,0.0,13.245,143165591.36433333,11.632999999999997,-143165579.73133335,0,0,0
20240318,24,9,1,4553,坪口 竜也,NIGE,58.8,91.1,0.16,0.0006,6.8,1,2,31.69,49.18,32.78,46.67,1.0,1.0,0.0,0.0,0.0,0.0,13.155000000000001,13.134333333333336,12.196333333333333,-0.9380000000000024,0,0,0
20240318,24,9,2,4740,齋藤 達希,NIGE,3.5,53.5,0.16,0.14,6.87,4,4,31.46,45.51,25.68,48.63,1.0,1.0,1.0,0.0,0.0,0.0,12.286,13.134333333333336,12.196333333333333,-0.9380000000000024,0,0,0
20240318,24,9,3,4832,権藤 俊光,NIGE,17.7,66.6,0.16,0.0006,6.87,4,2,31.72,52.69,46.7,60.44,1.0,1.0,3.0,0.0,4.0,1.0,13.962,13.134333333333336,12.196333333333333,-0.9380000000000024,0,0,0
20240318,24,9,4,3746,岡瀬 正人,NIGE,3.8,59.6,0.18,0.0001,6.82,2,1,30.05,48.09,31.84,48.6,1.0,1.0,1.0,0.0,0.0,1.0,12.649000000000001,13.134333333333336,12.196333333333333,-0.9380000000000024,0,0,0
20240318,24,9,5,3860,松本 浩貴,NIGE,2.8,20.0,0.21,0.14,6.91,5,4,25.14,42.46,36.07,55.19,1.0,1.0,0.0,1.0,0.0,0.0,10.191999999999998,13.134333333333336,12.196333333333333,-0.9380000000000024,0,0,0
20240318,24,9,6,4593,小坂 宗司,NIGE,3.4,20.6,0.16,0.13,6.85,3,3,33.7,54.7,43.89,61.11,1.0,1.0,1.0,0.0,0.0,0.0,13.748000000000001,13.134333333333336,12.196333333333333,-0.9380000000000024,0,0,0
