hd,jcd,rno,lane,regno,st_sec,st_is_f,st_is_late,st_penalized,st_observed,tenji_st_sec,tenji_is_f,tenji_f_over_sec,tenji_rank,st_rank,course_avg_st,course_first_rate,course_3rd_rate
20240309,1,10,1,3659,,0,0,0,0,0.04,0,,2,2,0.15,62.5,93.7
20240309,1,10,2,4772,,0,0,0,0,0.17,0,,3,3,0.12,26.3,71.0
20240309,1,10,3,3686,,0,0,0,0,0.03,0,,1,1,0.16,2.5,65.0
20240309,1,10,4,4218,,0,0,0,0,0.19,0,,4,4,0.18,15.2,57.6
20240309,1,10,5,5141,,0,0,0,0,0.17,0,,3,3,0.11,2.2,43.1
20240309,1,10,6,3297,,0,0,0,0,0.38,0,,5,5,0.22,0.0,33.3
20240309,1,11,1,4238,,0,0,0,0,,,,1,1,0.1,84.4,93.1
20240309,1,11,2,4376,,0,0,0,0,,,,1,1,0.15,16.0,66.0
20240309,1,11,3,4121,,0,0,0,0,,,,1,1,0.13,11.6,51.1
20240309,1,11,4,3905,,0,0,0,0,,,,1,1,0.15,13.0,63.0
20240309,1,11,5,3790,,0,0,0,0,,,,1,1,0.18,8.8,35.2
20240309,1,11,6,3538,,0,0,0,0,,,,1,1,0.2,0.0,37.5
20240309,1,12,1,3918,,0,0,0,0,,1,0.07,5,2,0.16,58.9,83.9
20240309,1,12,2,5074,,0,0,0,0,,1,0.02,5,1,0.16,6.9,34.8
20240309,1,12,3,4452,,0,0,0,0,0.01,0,,1,3,0.15,13.6,75.0
20240309,1,12,4,3869,,0,0,0,0,0.33,0,,4,6,0.21,7.4,29.6
20240309,1,12,5,3922,,0,0,0,0,0.13,0,,2,4,0.19,2.5,15.3
20240309,1,12,6,5212,,0,0,0,0,0.2,0,,3,5,0.18,0.0,10.2
20240309,1,1,1,4944,,0,0,0,0,0.11,0,,3,3,0.18,24.1,55.1
20240309,1,1,2,3567,,0,0,0,0,0.04,0,,1,1,0.16,0.0,30.4
20240309,1,1,3,3614,,0,0,0,0,0.04,0,,1,1,0.17,11.6,32.5
20240309,1,1,4,4495,,0,0,0,0,0.17,0,,5,5,0.15,10.0,40.0
20240309,1,1,5,5304,,0,0,0,0,0.13,0,,4,4,,,
20240309,1,1,6,4046,,0,0,0,0,0.06,0,,2,2,0.19,0.0,9.5
20240309,1,2,1,5212,,0,0,0,0,0.05,0,,1,1,0.16,12.5,25.0
20240309,1,2,2,3445,,0,0,0,0,0.11,0,,2,2,0.16,9.6,51.6
20240309,1,2,3,5234,,0,0,0,0,0.12,0,,3,3,0.2,0.0,50.0
20240309,1,2,4,4376,,0,0,0,0,0.38,0,,6,6,0.16,20.7,50.9
20240309,1,2,5,4012,,0,0,0,0,0.21,0,,5,5,0.16,9.6,35.4
20240309,1,2,6,3659,,0,0,0,0,0.13,0,,4,4,0.18,0.0,20.0
20240309,1,3,1,3538,,0,0,0,0,,,,1,1,0.15,43.4,80.4
20240309,1,3,2,4203,,0,0,0,0,,,,1,1,0.18,5.4,51.3
20240309,1,3,3,3922,,0,0,0,0,,,,1,1,0.19,7.8,31.5
20240309,1,3,4,3686,,0,0,0,0,,,,1,1,0.13,8.8,52.9
20240309,1,3,5,4772,,0,0,0,0,,,,1,1,0.12,13.5,56.7
20240309,1,3,6,4191,,0,0,0,0,,,,1,1,0.18,0.0,40.0
20240309,1,4,1,4218,,0,0,0,0,0.01,0,,1,2,0.15,67.6,97.0
20240309,1,4,2,4637,,0,0,0,0,0.01,0,,1,2,0.18,3.0,60.6
20240309,1,4,3,3790,,0,0,0,0,0.07,0,,2,3,0.15,12.2,60.9
20240309,1,4,4,5087,,0,0,0,0,0.12,0,,4,5,0.17,14.2,60.7
20240309,1,4,5,3918,,0,0,0,0,,1,0.03,5,1,0.19,9.0,50.0
20240309,1,4,6,4382,,0,0,0,0,0.1,0,,3,4,0.19,4.1,29.1
20240309,1,5,1,3297,,0,0,0,0,0.0011,0,,1,6,0.17,28.5,77.5
20240309,1,5,2,3800,,0,0,0,0,,1,0.06,2,4,0.18,13.6,59.0
20240309,1,5,3,4779,,0,0,0,0,,1,0.04,2,2,0.14,14.2,42.8
20240309,1,5,4,4238,,0,0,0,0,,1,0.09,2,5,0.12,20.4,54.5
20240309,1,5,5,4452,,0,0,0,0,,1,0.05,2,3,0.18,7.3,31.7
20240309,1,5,6,3885,,0,0,0,0,,1,0.01,2,1,0.22,0.0,23.8
20240309,1,6,1,5141,,0,0,0,0,,,,1,1,0.13,71.9,87.7
20240309,1,6,2,3869,,0,0,0,0,,,,1,1,0.19,6.6,43.3
20240309,1,6,3,3652,,0,0,0,0,,,,1,1,0.18,0.0,25.0
20240309,1,6,4,4046,,0,0,0,0,,,,1,1,0.21,0.0,20.8
20240309,1,6,5,3967,,0,0,0,0,,,,1,1,0.21,0.0,22.2
20240309,1,6,6,3567,,0,0,0,0,,,,1,1,0.18,0.0,11.7
20240309,1,7,1,3905,,0,0,0,0,0.05,0,,3,3,0.16,50.0,85.7
20240309,1,7,2,4740,,0,0,0,0,0.04,0,,2,2,0.16,3.5,53.5
20240309,1,7,3,4012,,0,0,0,0,0.06,0,,4,4,0.14,5.4,72.9
20240309,1,7,4,4203,,0,0,0,0,0.02,0,,1,1,0.15,6.5,32.6
20240309,1,7,5,5074,,0,0,0,0,0.05,0,,3,3,0.15,0.0,13.3
20240309,1,7,6,4495,,0,0,0,0,0.04,0,,2,2,0.15,0.0,20.5
20240309,1,8,1,4121,,0,0,0,0,,1,0.09,4,2,0.12,47.0,88.2
20240309,1,8,2,4944,,0,0,0,0,,1,0.01,4,1,0.17,9.6,45.1
20240309,1,8,3,4382,,0,0,0,0,0.07,0,,1,3,0.16,2.2,35.5
20240309,1,8,4,3970,,0,0,0,0,0.19,0,,3,5,0.17,3.8,50.0
20240309,1,8,5,3445,,0,0,0,0,0.09,0,,2,4,0.18,3.8,46.1
20240309,1,8,6,5304,,0,0,0,0,0.09,0,,2,4,,,
20240309,1,9,1,4191,,0,0,0,0,0.09,0,,2,2,0.13,72.0,92.0
20240309,1,9,2,5087,,0,0,0,0,0.26,0,,5,5,0.19,29.1,62.5
20240309,1,9,3,4637,,0,0,0,0,0.08,0,,1,1,0.15,17.3,56.5
20240309,1,9,4,5234,,0,0,0,0,0.16,0,,3,3,0.18,24.1,55.1
20240309,1,9,5,4779,,0,0,0,0,0.09,0,,2,2,0.15,20.0,20.0
20240309,1,9,6,3800,,0,0,0,0,0.18,0,,4,4,0.23,6.9,24.1
20240309,2,10,1,4069,,0,0,0,0,,,,1,1,0.14,59.5,91.4
20240309,2,10,2,4428,,0,0,0,0,,,,1,1,0.16,14.2,69.0
20240309,2,10,3,4057,,0,0,0,0,,,,1,1,0.15,14.5,62.5
20240309,2,10,4,5103,,0,0,0,0,,,,1,1,0.18,3.4,31.0
20240309,2,10,5,3507,,0,0,0,0,,,,1,1,0.19,0.0,28.1
20240309,2,10,6,4269,,0,0,0,0,,,,1,1,0.15,0.0,31.5
20240309,2,11,1,4335,,0,0,0,0,,,,1,1,0.12,71.7,95.6
20240309,2,11,2,4059,,0,0,0,0,,,,1,1,0.18,19.4,58.3
20240309,2,11,3,3909,,0,0,0,0,,,,1,1,0.12,21.9,70.7
20240309,2,11,4,4064,,0,0,0,0,,,,1,1,0.17,11.5,57.6
20240309,2,11,5,3294,,0,0,0,0,,,,1,1,0.13,7.1,28.5
20240309,2,11,6,3746,,0,0,0,0,,,,1,1,0.19,2.3,28.5
20240309,2,12,1,4074,,0,0,0,0,0.04,0,,1,1,0.12,78.1,93.7
20240309,2,12,2,4076,,0,0,0,0,0.08,0,,4,4,0.18,11.3,54.5
20240309,2,12,3,4075,,0,0,0,0,0.09,0,,5,5,0.14,20.0,65.4
20240309,2,12,4,3743,,0,0,0,0,0.13,0,,6,6,0.15,10.1,55.9
20240309,2,12,5,4639,,0,0,0,0,0.05,0,,2,2,0.18,7.5,37.5
20240309,2,12,6,4219,,0,0,0,0,0.07,0,,3,3,0.22,0.0,20.0
20240309,2,1,1,5103,,0,0,0,0,0.14,0,,4,5,0.14,12.5,58.3
20240309,2,1,2,4429,,0,0,0,0,0.3,0,,5,6,0.16,8.1,32.4
20240309,2,1,3,3542,,0,0,0,0,,1,0.08,6,1,0.2,0.0,17.2
20240309,2,1,4,5259,,0,0,0,0,0.04,0,,1,2,0.19,0.0,16.6
20240309,2,1,5,3286,,0,0,0,0,0.05,0,,2,3,0.18,3.3,13.3
20240309,2,1,6,4041,,0,0,0,0,0.13,0,,3,4,0.26,0.0,4.7
20240309,2,2,1,4059,,0,0,0,0,,,,1,1,0.18,61.3,81.8
20240309,2,2,2,4308,,0,0,0,0,,,,1,1,0.15,27.7,66.6
20240309,2,2,3,3596,,0,0,0,0,,,,1,1,0.15,9.0,48.4
20240309,2,2,4,4058,,0,0,0,0,,,,1,1,0.19,15.0,43.4
20240309,2,2,5,3877,,0,0,0,0,,,,1,1,0.18,0.0,48.4
20240309,2,2,6,5249,,0,0,0,0,,,,1,1,0.17,0.0,5.7
20240309,2,3,1,3911,,0,0,0,0,,1,0.02,6,1,0.15,46.6,76.6
20240309,2,3,2,4066,,0,0,0,0,0.04,0,,3,4,0.17,11.1,72.2
20240309,2,3,3,4428,,0,0,0,0,0.01,0,,1,2,0.14,26.1,85.7
20240309,2,3,4,4219,,0,0,0,0,0.13,0,,5,6,0.19,2.9,38.2
20240309,2,3,5,4039,,0,0,0,0,0.07,0,,4,5,0.14,8.3,27.0
20240309,2,3,6,5315,,0,0,0,0,0.02,0,,2,3,0.21,0.0,5.0
20240309,2,4,1,3081,,0,0,0,0,0.0015,0,,2,3,0.17,44.8,79.3
20240309,2,4,2,4069,,0,0,0,0,0.0014000000000000002,0,,1,2,0.15,27.7,77.7
20240309,2,4,3,4449,,0,0,0,0,0.0015,0,,2,3,0.19,0.0,23.5
20240309,2,4,4,4063,,0,0,0,0,,1,0.03,5,1,0.13,13.6,63.6
20240309,2,4,5,3743,,0,0,0,0,0.09,0,,4,5,0.16,18.1,45.4
20240309,2,4,6,5290,,0,0,0,0,0.06,0,,3,4,0.19,0.0,1.1
20240309,2,5,1,4057,,0,0,0,0,0.15,0,,3,3,0.14,61.1,90.7
20240309,2,5,2,4111,,0,0,0,0,0.06,0,,1,1,0.19,10.2,61.5
20240309,2,5,3,3286,,0,0,0,0,0.06,0,,1,1,0.13,3.3,36.6
20240309,2,5,4,4074,,0,0,0,0,0.25,0,,5,5,0.14,14.2,69.0
20240309,2,5,5,3583,,0,0,0,0,0.19,0,,4,4,0.18,3.0,30.3
20240309,2,5,6,3294,,0,0,0,0,0.12,0,,2,2,0.15,0.0,20.6
20240309,2,6,1,3542,,0,0,0,0,0.0011,0,,1,2,0.15,17.6,55.8
20240309,2,6,2,4269,,0,0,0,0,0.07,0,,4,5,0.15,18.3,75.5
20240309,2,6,3,4053,,0,0,0,0,,1,0.07,5,1,0.15,15.3,56.4
20240309,2,6,4,3909,,0,0,0,0,0.01,0,,2,3,0.13,16.6,52.0
20240309,2,6,5,5249,,0,0,0,0,0.05,0,,3,4,0.22,0.0,10.0
20240309,2,6,6,4076,,0,0,0,0,0.01,0,,2,3,0.2,0.0,27.9
20240309,2,7,1,4064,,0,0,0,0,0.16,0,,3,6,0.14,73.2,97.1
20240309,2,7,2,3877,,0,0,0,0,0.01,0,,1,4,0.15,10.0,63.3
20240309,2,7,3,4639,,0,0,0,0,,1,0.01,4,1,0.16,4.6,51.1
20240309,2,7,4,3602,,0,0,0,0,0.11,0,,2,5,0.17,2.8,37.1
20240309,2,7,5,5315,,0,0,0,0,,1,0.03,4,3,0.0,0.0,0.0
20240309,2,7,6,5259,,0,0,0,0,,1,0.02,4,2,0.19,0.0,0.8
20240309,2,8,1,4039,,0,0,0,0,,1,0.01,4,1,0.15,53.6,87.8
20240309,2,8,2,4075,,0,0,0,0,,1,0.08,4,3,0.14,16.2,81.4
20240309,2,8,3,4144,,0,0,0,0,,1,0.05,4,2,0.16,29.0,74.1
20240309,2,8,4,4446,,0,0,0,0,0.14,0,,1,4,0.17,15.7,57.8
20240309,2,8,5,5290,,0,0,0,0,0.19,0,,3,6,0.18,0.0,0.0
20240309,2,8,6,4058,,0,0,0,0,0.17,0,,2,5,0.23,3.1,31.2
20240309,2,9,1,4066,,0,0,0,0,0.05,0,,2,3,0.14,45.2,86.7
20240309,2,9,2,3583,,0,0,0,0,0.07,0,,3,4,0.19,5.7,48.5
20240309,2,9,3,4063,,0,0,0,0,0.08,0,,4,5,0.13,16.6,52.3
20240309,2,9,4,4429,,0,0,0,0,0.29,0,,5,6,0.17,8.8,23.5
20240309,2,9,5,4308,,0,0,0,0,,1,0.01,6,1,0.17,12.7,53.1
20240309,2,9,6,3841,,0,0,0,0,0.01,0,,1,2,0.19,0.0,30.7
20240309,3,10,1,4391,,0,0,0,0,,,,1,1,0.16,58.7,80.9
20240309,3,10,2,5223,,0,0,0,0,,,,1,1,0.21,0.0,25.0
20240309,3,10,3,4440,,0,0,0,0,,,,1,1,0.17,2.9,38.2
20240309,3,10,4,4715,,0,0,0,0,,,,1,1,0.11,12.5,65.6
20240309,3,10,5,3834,,0,0,0,0,,,,1,1,0.18,3.1,25.0
20240309,3,10,6,4318,,0,0,0,0,,,,1,1,0.15,0.0,31.2
20240309,3,11,1,5095,,0,0,0,0,,,,1,1,0.13,47.7,79.5
20240309,3,11,2,3256,,0,0,0,0,,,,1,1,0.13,23.5,62.7
20240309,3,11,3,4143,,0,0,0,0,,,,1,1,0.16,4.7,35.7
20240309,3,11,4,4241,,0,0,0,0,,,,1,1,0.2,10.3,41.3
20240309,3,11,5,4277,,0,0,0,0,,,,1,1,0.15,10.5,44.7
20240309,3,11,6,4003,,0,0,0,0,,,,1,1,0.19,3.3,33.3
20240309,3,12,1,4366,,0,0,0,0,,,,1,1,0.13,78.4,90.2
20240309,3,12,2,3569,,0,0,0,0,,,,1,1,0.19,9.5,40.4
20240309,3,12,3,5058,,0,0,0,0,,,,1,1,0.15,30.9,66.6
20240309,3,12,4,3951,,0,0,0,0,,,,1,1,0.17,9.3,58.1
20240309,3,12,5,4641,,0,0,0,0,,,,1,1,0.21,0.0,35.0
20240309,3,12,6,4675,,0,0,0,0,,,,1,1,0.16,3.3,10.0
20240309,3,1,1,4664,,0,0,0,0,,,,1,1,0.17,25.0,60.0
20240309,3,1,2,4145,,0,0,0,0,,,,1,1,0.27,7.5,42.5
20240309,3,1,3,4222,,0,0,0,0,,,,1,1,0.18,7.5,47.5
20240309,3,1,4,4979,,0,0,0,0,,,,1,1,0.16,13.5,43.2
20240309,3,1,5,5223,,0,0,0,0,,,,1,1,0.19,0.0,3.0
20240309,3,1,6,5225,,0,0,0,0,,,,1,1,0.19,0.0,0.0
20240309,3,2,1,4693,,0,0,0,0,,,,1,1,0.16,27.2,54.5
20240309,3,2,2,4138,,0,0,0,0,,,,1,1,0.17,6.2,43.7
20240309,3,2,3,3256,,0,0,0,0,,,,1,1,0.13,21.7,67.3
20240309,3,2,4,3834,,0,0,0,0,,,,1,1,0.17,3.7,29.6
20240309,3,2,5,3951,,0,0,0,0,,,,1,1,0.2,5.0,50.0
20240309,3,2,6,5036,,0,0,0,0,,,,1,1,0.17,0.0,29.0
20240309,3,3,1,4143,,0,0,0,0,,,,1,1,0.13,44.4,72.2
20240309,3,3,2,4438,,0,0,0,0,,,,1,1,0.14,11.1,62.2
20240309,3,3,3,4093,,0,0,0,0,,,,1,1,0.21,2.7,21.6
20240309,3,3,4,3482,,0,0,0,0,,,,1,1,0.14,11.4,45.7
20240309,3,3,5,5058,,0,0,0,0,,,,1,1,0.15,5.4,45.9
20240309,3,3,6,4440,,0,0,0,0,,,,1,1,0.23,0.0,12.9
20240309,3,4,1,4641,,0,0,0,0,,,,1,1,0.14,47.0,76.4
20240309,3,4,2,4129,,0,0,0,0,,,,1,1,0.15,12.5,55.0
20240309,3,4,3,4748,,0,0,0,0,,,,1,1,0.16,21.9,58.5
20240309,3,4,4,4003,,0,0,0,0,,,,1,1,0.19,5.1,53.8
20240309,3,4,5,5185,,0,0,0,0,,,,1,1,0.17,6.6,37.7
20240309,3,4,6,4715,,0,0,0,0,,,,1,1,0.11,23.8,38.1
20240309,3,5,1,4277,,0,0,0,0,,,,1,1,0.16,48.2,68.9
20240309,3,5,2,4318,,0,0,0,0,,,,1,1,0.15,15.5,73.3
20240309,3,5,3,3975,,0,0,0,0,,,,1,1,0.15,11.1,75.5
20240309,3,5,4,4675,,0,0,0,0,,,,1,1,0.12,13.8,47.2
20240309,3,5,5,4664,,0,0,0,0,,,,1,1,0.18,8.0,24.0
20240309,3,5,6,5274,,0,0,0,0,,,,1,1,0.22,1.0,4.2
20240309,3,6,1,5036,,0,0,0,0,,,,1,1,0.17,53.1,84.3
20240309,3,6,2,4377,,0,0,0,0,,,,1,1,0.15,23.5,76.4
20240309,3,6,3,3569,,0,0,0,0,,,,1,1,0.19,2.7,16.6
20240309,3,6,4,3319,,0,0,0,0,,,,1,1,0.15,13.6,52.2
20240309,3,6,5,4241,,0,0,0,0,,,,1,1,0.17,0.0,28.5
20240309,3,6,6,4145,,0,0,0,0,,,,1,1,0.27,0.0,17.8
20240309,3,7,1,3482,,0,0,0,0,,,,1,1,0.15,22.2,72.2
20240309,3,7,2,3929,,0,0,0,0,,,,1,1,0.12,11.1,58.3
20240309,3,7,3,3807,,0,0,0,0,,,,1,1,0.15,10.2,44.9
20240309,3,7,4,4222,,0,0,0,0,,,,1,1,0.15,12.5,37.5
20240309,3,7,5,4330,,0,0,0,0,,,,1,1,0.13,8.8,44.1
20240309,3,7,6,5095,,0,0,0,0,,,,1,1,0.15,4.0,24.0
20240309,3,8,1,4438,,0,0,0,0,,,,1,1,0.16,37.5,83.3
20240309,3,8,2,4366,,0,0,0,0,,,,1,1,0.13,15.9,72.7
20240309,3,8,3,5196,,0,0,0,0,,,,1,1,0.14,0.0,40.0
20240309,3,8,4,5185,,0,0,0,0,,,,1,1,0.16,13.5,37.8
20240309,3,8,5,4979,,0,0,0,0,,,,1,1,0.17,2.3,21.4
20240309,3,8,6,4138,,0,0,0,0,,,,1,1,0.13,14.2,25.7
20240309,3,9,1,3975,,0,0,0,0,,,,1,1,0.14,50.0,92.5
20240309,3,9,2,4093,,0,0,0,0,,,,1,1,0.19,3.7,55.5
20240309,3,9,3,4847,,0,0,0,0,,,,1,1,0.15,12.5,57.5
20240309,3,9,4,5225,,0,0,0,0,,,,1,1,0.2,0.0,0.0
20240309,3,9,5,4693,,0,0,0,0,,,,1,1,0.17,0.0,54.7
20240309,3,9,6,4748,,0,0,0,0,,,,1,1,0.16,2.7,40.5
20240309,5,10,1,4776,,0,0,0,0,0.18,0,,3,5,0.15,66.6,85.4
20240309,5,10,2,3902,,0,0,0,0,0.02,0,,2,4,0.19,19.4,77.7
20240309,5,10,3,5057,,0,0,0,0,,1,0.01,4,1,0.16,13.7,37.9
20240309,5,10,4,3556,,0,0,0,0,0.02,0,,2,4,0.14,12.9,70.3
20240309,5,10,5,4566,,0,0,0,0,,1,0.04,4,2,0.15,10.9,54.5
20240309,5,10,6,4128,,0,0,0,0,0.0014000000000000002,0,,1,3,0.12,0.0,32.4
20240309,5,11,1,4544,,0,0,0,0,0.04,0,,1,2,0.14,88.8,98.6
20240309,5,11,2,4360,,0,0,0,0,0.07,0,,3,4,0.19,11.7,44.1
20240309,5,11,3,4323,,0,0,0,0,0.06,0,,2,3,0.15,18.1,51.5
20240309,5,11,4,4134,,0,0,0,0,0.14,0,,5,6,0.17,15.6,62.7
20240309,5,11,5,5088,,0,0,0,0,0.11,0,,4,5,0.16,14.2,47.6
20240309,5,11,6,4900,,0,0,0,0,,1,0.02,6,1,0.24,0.0,5.0
20240309,5,12,1,4537,,0,0,0,0,0.17,0,,4,5,0.12,83.7,97.6
20240309,5,12,2,3838,,0,0,0,0,0.02,0,,1,2,0.15,8.3,63.8
20240309,5,12,3,5096,,0,0,0,0,,1,0.03,5,1,0.12,14.6,48.7
20240309,5,12,4,3502,,0,0,0,0,0.03,0,,2,3,0.17,12.3,55.3
20240309,5,12,5,5039,,0,0,0,0,0.07,0,,3,4,0.14,6.8,25.0
20240309,5,12,6,4511,,0,0,0,0,0.07,0,,3,4,0.2,0.0,6.9
20240309,5,1,1,4900,,0,0,0,0,0.16,0,,4,4,0.15,52.1,78.2
20240309,5,1,2,4580,,0,0,0,0,0.02,0,,1,1,0.18,10.2,58.9
20240309,5,1,3,5135,,0,0,0,0,0.05,0,,2,2,0.15,6.2,43.7
20240309,5,1,4,5057,,0,0,0,0,0.19,0,,5,5,0.14,16.1,64.5
20240309,5,1,5,4976,,0,0,0,0,0.06,0,,3,3,0.19,2.3,28.5
20240309,5,1,6,4672,,0,0,0,0,0.06,0,,3,3,0.16,0.0,25.8
20240309,5,2,1,4592,,0,0,0,0,0.05,0,,1,1,0.16,54.5,72.7
20240309,5,2,2,4104,,0,0,0,0,0.12,0,,5,5,0.16,12.0,48.0
20240309,5,2,3,4303,,0,0,0,0,0.07,0,,3,3,0.19,0.0,33.3
20240309,5,2,4,5184,,0,0,0,0,0.14,0,,6,6,0.19,5.5,16.6
20240309,5,2,5,3902,,0,0,0,0,0.11,0,,4,4,0.22,2.6,28.9
20240309,5,2,6,4537,,0,0,0,0,0.06,0,,2,2,0.19,0.0,29.1
20240309,5,3,1,4260,,0,0,0,0,0.01,0,,1,4,0.15,65.7,86.8
20240309,5,3,2,3277,,0,0,0,0,0.06,0,,3,6,0.17,8.5,51.4
20240309,5,3,3,3556,,0,0,0,0,,1,0.07,4,3,0.13,30.7,75.0
20240309,5,3,4,4836,,0,0,0,0,,1,0.04,4,2,0.15,13.3,46.6
20240309,5,3,5,4360,,0,0,0,0,0.02,0,,2,5,0.19,5.2,34.2
20240309,5,3,6,5331,,0,0,0,0,,1,0.02,4,1,0.19,0.0,7.1
20240309,5,4,1,3161,,0,0,0,0,0.09,0,,5,5,0.15,45.9,88.5
20240309,5,4,2,5088,,0,0,0,0,0.04,0,,3,3,0.15,20.0,53.3
20240309,5,4,3,2538,,0,0,0,0,0.22,0,,6,6,0.22,0.0,14.7
20240309,5,4,4,5096,,0,0,0,0,0.02,0,,2,2,0.12,24.4,64.4
20240309,5,4,5,4419,,0,0,0,0,0.01,0,,1,1,0.16,0.0,35.7
20240309,5,4,6,4776,,0,0,0,0,0.06,0,,4,4,0.2,0.0,35.4
20240309,5,5,1,4511,,0,0,0,0,0.14,0,,3,3,0.15,26.9,73.0
20240309,5,5,2,4566,,0,0,0,0,0.09,0,,2,2,0.15,25.4,80.3
20240309,5,5,3,4134,,0,0,0,0,0.07,0,,1,1,0.16,23.8,61.9
20240309,5,5,4,5116,,0,0,0,0,0.33,0,,6,6,0.19,0.0,11.1
20240309,5,5,5,4103,,0,0,0,0,0.31,0,,5,5,0.24,0.0,14.8
20240309,5,5,6,3246,,0,0,0,0,0.19,0,,4,4,0.14,0.0,9.0
20240309,5,6,1,4128,,0,0,0,0,0.1,0,,3,3,0.14,50.0,79.5
20240309,5,6,2,4976,,0,0,0,0,0.11,0,,4,4,0.18,8.8,44.1
20240309,5,6,3,3502,,0,0,0,0,0.03,0,,1,1,0.18,20.0,64.0
20240309,5,6,4,4323,,0,0,0,0,0.07,0,,2,2,0.14,20.6,68.9
20240309,5,6,5,4592,,0,0,0,0,0.07,0,,2,2,0.18,0.0,16.1
20240309,5,6,6,3339,,0,0,0,0,0.18,0,,5,5,0.14,9.0,40.9
20240309,5,7,1,4303,,0,0,0,0,,,,1,1,0.18,45.1,80.6
20240309,5,7,2,4700,,0,0,0,0,,,,1,1,0.19,19.4,61.1
20240309,5,7,3,4672,,0,0,0,0,,,,1,1,0.21,11.7,50.0
20240309,5,7,4,5242,,0,0,0,0,,,,1,1,0.12,13.3,13.3
20240309,5,7,5,5331,,0,0,0,0,,,,1,1,0.0,0.0,0.0
20240309,5,7,6,4544,,0,0,0,0,,,,1,1,0.17,13.6,61.3
20240309,5,8,1,4419,,0,0,0,0,0.01,0,,1,1,0.19,40.0,80.0
20240309,5,8,2,5039,,0,0,0,0,0.14,0,,4,4,0.14,10.8,34.7
20240309,5,8,3,4984,,0,0,0,0,0.17,0,,5,5,0.18,20.6,51.7
20240309,5,8,4,5135,,0,0,0,0,0.11,0,,3,3,0.17,3.3,50.0
20240309,5,8,5,3838,,0,0,0,0,0.09,0,,2,2,0.12,3.5,21.4
20240309,5,8,6,3277,,0,0,0,0,0.09,0,,2,2,0.17,0.0,13.6
20240309,5,9,1,3828,,0,0,0,0,0.21,0,,4,5,0.14,58.1,93.0
20240309,5,9,2,4103,,0,0,0,0,0.07,0,,3,4,0.21,5.8,52.9
20240309,5,9,3,4836,,0,0,0,0,0.02,0,,2,3,0.18,16.6,56.6
20240309,5,9,4,4104,,0,0,0,0,,1,0.02,5,1,0.13,23.0,61.5
20240309,5,9,5,4653,,0,0,0,0,0.01,0,,1,2,0.14,6.3,42.5
20240309,5,9,6,2538,,0,0,0,0,0.07,0,,3,4,0.17,0.0,7.1
20240309,8,10,1,4050,,0,0,0,0,0.1,0,,3,4,0.13,85.7,95.9
20240309,8,10,2,5056,,0,0,0,0,0.06,0,,1,2,0.15,19.4,66.6
20240309,8,10,3,4843,,0,0,0,0,0.19,0,,4,5,0.18,13.3,46.6
20240309,8,10,4,4964,,0,0,0,0,0.1,0,,3,4,0.16,12.8,53.8
20240309,8,10,5,3994,,0,0,0,0,,1,0.0,5,1,0.19,3.0,24.2
20240309,8,10,6,4443,,0,0,0,0,0.08,0,,2,3,0.22,0.0,27.2
20240309,8,11,1,4123,,0,0,0,0,,,,1,1,0.19,54.1,86.8
20240309,8,11,2,4208,,0,0,0,0,,,,1,1,0.17,18.1,63.6
20240309,8,11,3,5019,,0,0,0,0,,,,1,1,0.2,6.2,43.7
20240309,8,11,4,3302,,0,0,0,0,,,,1,1,0.17,16.2,51.3
20240309,8,11,5,4678,,0,0,0,0,,,,1,1,0.17,0.0,10.0
20240309,8,11,6,4450,,0,0,0,0,,,,1,1,0.18,0.0,25.9
20240309,8,12,1,4482,,0,0,0,0,0.15,0,,2,4,0.12,80.3,96.7
20240309,8,12,2,4190,,0,0,0,0,0.34,0,,4,6,0.14,28.9,68.4
20240309,8,12,3,4569,,0,0,0,0,0.17,0,,3,5,0.19,9.4,45.2
20240309,8,12,4,4963,,0,0,0,0,,1,0.01,5,1,0.14,12.1,51.5
20240309,8,12,5,4791,,0,0,0,0,0.09,0,,1,3,0.18,0.0,30.5
20240309,8,12,6,3999,,0,0,0,0,,1,0.05,5,2,0.19,2.7,19.4
20240309,8,1,1,5195,,0,0,0,0,0.16,0,,3,3,0.19,30.4,52.1
20240309,8,1,2,4893,,0,0,0,0,0.11,0,,1,1,0.19,0.0,34.4
20240309,8,1,3,5140,,0,0,0,0,0.41,0,,5,5,0.2,0.0,16.6
20240309,8,1,4,5182,,0,0,0,0,0.11,0,,1,1,0.18,3.8,19.2
20240309,8,1,5,5305,,0,0,0,0,0.13,0,,2,2,0.3,0.0,0.0
20240309,8,1,6,5317,,0,0,0,0,0.34,0,,4,4,0.24,3.2,6.4
20240309,8,2,1,5079,,0,0,0,0,0.0012,0,,1,3,0.16,40.7,77.7
20240309,8,2,2,3994,,0,0,0,0,,1,0.05,4,1,0.22,8.3,69.4
20240309,8,2,3,4690,,0,0,0,0,,1,0.05,4,1,0.16,8.0,44.0
20240309,8,2,4,4843,,0,0,0,0,0.1,0,,3,5,0.17,11.1,22.2
20240309,8,2,5,4965,,0,0,0,0,0.06,0,,2,4,0.15,19.3,38.7
20240309,8,2,6,5327,,0,0,0,0,,1,0.08,4,2,0.28,0.0,0.0
20240309,8,3,1,4891,,0,0,0,0,0.001,0,,1,2,0.15,54.1,83.3
20240309,8,3,2,4936,,0,0,0,0,0.02,0,,2,3,0.15,23.0,46.1
20240309,8,3,3,4964,,0,0,0,0,,1,0.08,6,1,0.13,15.0,70.0
20240309,8,3,4,5277,,0,0,0,0,0.14,0,,4,5,0.0,0.0,0.0
20240309,8,3,5,4208,,0,0,0,0,0.15,0,,5,6,0.17,12.5,60.0
20240309,8,3,6,5030,,0,0,0,0,0.04,0,,3,4,,,
20240309,8,4,1,3999,,0,0,0,0,0.07,0,,5,5,0.15,52.6,85.9
20240309,8,4,2,3518,,0,0,0,0,0.19,0,,6,6,0.2,6.2,56.2
20240309,8,4,3,4909,,0,0,0,0,0.03,0,,4,4,0.15,17.7,53.3
20240309,8,4,4,4730,,0,0,0,0,0.0013,0,,1,1,0.19,8.0,60.0
20240309,8,4,5,5056,,0,0,0,0,0.0015,0,,2,2,0.15,16.2,46.5
20240309,8,4,6,5287,,0,0,0,0,0.002,0,,3,3,0.23,0.0,1.3
20240309,8,5,1,4443,,0,0,0,0,0.31,0,,6,6,0.18,52.5,95.0
20240309,8,5,2,4791,,0,0,0,0,0.24,0,,5,5,0.19,14.7,67.6
20240309,8,5,3,3302,,0,0,0,0,0.07,0,,2,2,0.15,25.6,51.2
20240309,8,5,4,4569,,0,0,0,0,0.02,0,,1,1,0.17,7.6,46.1
20240309,8,5,5,5295,,0,0,0,0,0.16,0,,4,4,0.2,0.0,0.0
20240309,8,5,6,4123,,0,0,0,0,0.14,0,,3,3,0.21,3.4,62.0
20240309,8,6,1,4450,,0,0,0,0,0.18,0,,2,2,0.18,54.0,86.4
20240309,8,6,2,5194,,0,0,0,0,0.29,0,,4,4,0.18,9.0,39.3
20240309,8,6,3,4993,,0,0,0,0,0.37,0,,5,5,0.2,6.6,43.3
20240309,8,6,4,5079,,0,0,0,0,0.21,0,,3,3,0.18,13.5,27.0
20240309,8,6,5,5327,,0,0,0,0,0.03,0,,1,1,0.31,0.0,0.0
20240309,8,6,6,4050,,0,0,0,0,0.03,0,,1,1,0.17,9.6,61.2
20240309,8,7,1,4690,,0,0,0,0,0.08,0,,2,3,0.14,31.8,54.5
20240309,8,7,2,4678,,0,0,0,0,0.25,0,,4,5,0.15,25.0,71.4
20240309,8,7,3,5192,,0,0,0,0,0.16,0,,3,4,0.2,2.7,22.2
20240309,8,7,4,5019,,0,0,0,0,,1,0.02,6,1,0.18,5.1,43.5
20240309,8,7,5,4190,,0,0,0,0,0.03,0,,1,2,0.13,17.6,70.5
20240309,8,7,6,5314,,0,0,0,0,0.34,0,,5,6,0.23,0.0,0.0
20240309,8,8,1,4730,,0,0,0,0,0.32,0,,4,4,0.19,29.1,75.0
20240309,8,8,2,5003,,0,0,0,0,0.43,0,,6,6,0.2,13.8,50.0
20240309,8,8,3,4963,,0,0,0,0,0.34,0,,5,5,0.12,12.1,54.5
20240309,8,8,4,5287,,0,0,0,0,0.25,0,,3,3,0.0,0.0,0.0
20240309,8,8,5,4936,,0,0,0,0,0.14,0,,2,2,0.16,3.5,42.8
20240309,8,8,6,4482,,0,0,0,0,0.07,0,,1,1,0.17,9.0,39.3
20240309,8,9,1,4909,,0,0,0,0,0.16,0,,3,5,0.15,40.0,60.0
20240309,8,9,2,3528,,0,0,0,0,0.16,0,,3,5,0.21,4.1,50.0
20240309,8,9,3,4891,,0,0,0,0,0.0012,0,,1,3,0.15,6.4,64.5
20240309,8,9,4,5195,,0,0,0,0,0.01,0,,2,4,0.15,7.6,23.0
20240309,8,9,5,3845,,0,0,0,0,,1,0.05,4,1,0.21,6.2,50.0
20240309,8,9,6,5277,,0,0,0,0,,1,0.07,4,2,0.19,0.8,4.0
20240309,9,10,1,4313,,0,0,0,0,0.04,0,,1,3,0.14,71.7,89.7
20240309,9,10,2,4804,,0,0,0,0,,1,0.03,5,1,0.15,52.1,69.5
20240309,9,10,3,4098,,0,0,0,0,,1,0.07,5,2,0.16,3.1,43.7
20240309,9,10,4,5281,,0,0,0,0,0.18,0,,3,5,0.2,0.0,37.5
20240309,9,10,5,3704,,0,0,0,0,0.33,0,,4,6,0.21,0.0,33.3
20240309,9,10,6,4286,,0,0,0,0,0.07,0,,2,4,0.19,4.7,21.4
20240309,9,11,1,4140,,0,0,0,0,0.001,0,,1,1,0.13,64.1,84.9
20240309,9,11,2,4737,,0,0,0,0,0.09,0,,5,5,0.2,20.0,66.6
20240309,9,11,3,3842,,0,0,0,0,0.05,0,,3,3,0.17,20.0,68.8
20240309,9,11,4,3656,,0,0,0,0,0.06,0,,4,4,0.16,5.4,48.6
20240309,9,11,5,3489,,0,0,0,0,0.04,0,,2,2,0.18,4.8,43.9
20240309,9,11,6,4215,,0,0,0,0,0.001,0,,1,1,0.18,2.6,18.4
20240309,9,12,1,4519,,0,0,0,0,0.07,0,,2,2,0.15,38.8,77.7
20240309,9,12,2,4642,,0,0,0,0,0.06,0,,1,1,0.17,38.1,71.4
20240309,9,12,3,4589,,0,0,0,0,0.3,0,,5,5,0.13,25.0,75.0
20240309,9,12,4,3932,,0,0,0,0,0.1,0,,4,4,0.18,11.1,29.6
20240309,9,12,5,3474,,0,0,0,0,0.07,0,,2,2,0.18,9.0,39.3
20240309,9,12,6,3579,,0,0,0,0,0.08,0,,3,3,0.17,0.0,16.0
20240309,9,1,1,3489,,0,0,0,0,0.11,0,,2,2,0.16,61.0,93.2
20240309,9,1,2,3044,,0,0,0,0,0.07,0,,1,1,0.17,7.8,52.6
20240309,9,1,3,3965,,0,0,0,0,0.07,0,,1,1,0.16,5.5,52.7
20240309,9,1,4,5130,,0,0,0,0,0.14,0,,3,3,0.18,6.6,30.0
20240309,9,1,5,4956,,0,0,0,0,0.18,0,,4,4,0.19,0.0,36.0
20240309,9,1,6,3656,,0,0,0,0,0.11,0,,2,2,0.19,2.5,17.9
20240309,9,2,1,3280,,0,0,0,0,,1,0.08,5,1,0.18,50.0,77.2
20240309,9,2,2,3580,,0,0,0,0,0.0013,0,,2,3,0.16,7.3,51.2
20240309,9,2,3,4240,,0,0,0,0,0.0015,0,,3,4,0.13,29.4,58.8
20240309,9,2,4,3704,,0,0,0,0,,1,0.08,5,1,0.23,0.0,16.6
20240309,9,2,5,3579,,0,0,0,0,0.0012,0,,1,2,0.17,0.0,37.1
20240309,9,2,6,5334,,0,0,0,0,0.13,0,,4,5,0.26,0.0,0.0
20240309,9,3,1,4254,,0,0,0,0,,1,0.05,4,3,0.14,56.6,83.0
20240309,9,3,2,4415,,0,0,0,0,0.0013,0,,1,4,0.14,6.5,60.8
20240309,9,3,3,3811,,0,0,0,0,0.04,0,,3,6,0.14,10.0,76.0
20240309,9,3,4,4210,,0,0,0,0,,1,0.04,4,2,0.18,4.2,57.4
20240309,9,3,5,5289,,0,0,0,0,,1,0.0,4,1,0.2,7.6,15.3
20240309,9,3,6,4737,,0,0,0,0,0.0015,0,,2,5,0.17,3.0,27.2
20240309,9,4,1,5013,,0,0,0,0,0.03,0,,1,2,0.18,43.7,68.7
20240309,9,4,2,4286,,0,0,0,0,0.15,0,,4,5,0.16,11.1,48.8
20240309,9,4,3,4300,,0,0,0,0,0.19,0,,5,6,0.17,4.7,33.3
20240309,9,4,4,4519,,0,0,0,0,0.07,0,,2,3,0.14,13.1,50.0
20240309,9,4,5,3604,,0,0,0,0,0.09,0,,3,4,0.2,0.0,32.2
20240309,9,4,6,5310,,0,0,0,0,,1,0.07,6,1,0.21,0.0,0.0
20240309,9,5,1,4319,,0,0,0,0,0.14,0,,2,4,0.14,78.7,84.8
20240309,9,5,2,4215,,0,0,0,0,0.17,0,,3,5,0.18,11.1,62.2
20240309,9,5,3,4797,,0,0,0,0,0.08,0,,1,3,0.15,17.9,76.9
20240309,9,5,4,4736,,0,0,0,0,,1,0.04,4,1,0.12,26.8,87.8
20240309,9,5,5,3965,,0,0,0,0,,1,0.05,4,2,0.14,6.9,44.1
20240309,9,5,6,3833,,0,0,0,0,0.08,0,,1,3,0.14,3.2,29.0
20240309,9,6,1,3943,,0,0,0,0,0.41,0,,6,6,0.12,36.3,63.6
20240309,9,6,2,3474,,0,0,0,0,0.02,0,,1,1,0.17,17.6,64.7
20240309,9,6,3,4642,,0,0,0,0,0.03,0,,2,2,0.14,16.0,48.0
20240309,9,6,4,4246,,0,0,0,0,0.12,0,,4,4,0.18,2.6,36.8
20240309,9,6,5,5334,,0,0,0,0,0.32,0,,5,5,0.37,0.0,0.0
20240309,9,6,6,4804,,0,0,0,0,0.11,0,,3,3,0.13,5.0,30.0
20240309,9,7,1,4415,,0,0,0,0,,1,0.04,6,1,0.13,70.1,91.2
20240309,9,7,2,3811,,0,0,0,0,0.11,0,,1,2,0.14,21.4,76.1
20240309,9,7,3,5197,,0,0,0,0,0.28,0,,4,5,0.13,9.6,58.0
20240309,9,7,4,4140,,0,0,0,0,0.2,0,,3,4,0.15,11.7,67.6
20240309,9,7,5,5130,,0,0,0,0,0.19,0,,2,3,0.18,2.2,31.8
20240309,9,7,6,5046,,0,0,0,0,0.36,0,,5,6,0.15,4.0,24.0
20240309,9,8,1,3232,,0,0,0,0,,1,0.01,4,1,0.11,57.5,87.5
20240309,9,8,2,4240,,0,0,0,0,,1,0.03,4,3,0.15,29.0,67.7
20240309,9,8,3,3604,,0,0,0,0,,1,0.02,4,2,0.21,2.5,43.5
20240309,9,8,4,5013,,0,0,0,0,0.09,0,,2,5,0.17,9.5,38.1
20240309,9,8,5,4589,,0,0,0,0,0.02,0,,1,4,0.14,14.8,48.1
20240309,9,8,6,4117,,0,0,0,0,0.1,0,,3,6,0.19,3.4,58.6
20240309,9,9,1,4210,,0,0,0,0,0.23,0,,3,3,0.15,58.5,78.0
20240309,9,9,2,4736,,0,0,0,0,0.27,0,,4,4,0.14,19.1,72.3
20240309,9,9,3,4956,,0,0,0,0,0.34,0,,6,6,0.18,0.0,50.0
20240309,9,9,4,4808,,0,0,0,0,0.13,0,,1,1,0.14,20.5,70.5
20240309,9,9,5,4797,,0,0,0,0,0.3,0,,5,5,0.14,12.2,51.2
20240309,9,9,6,5289,,0,0,0,0,0.17,0,,2,2,0.19,0.8,20.1
20240309,10,10,1,4702,,0,0,0,0,,,,1,1,0.15,53.1,87.2
20240309,10,10,2,4546,,0,0,0,0,,,,1,1,0.17,20.4,86.3
20240309,10,10,3,4949,,0,0,0,0,,,,1,1,0.16,1.7,56.1
20240309,10,10,4,5126,,0,0,0,0,,,,1,1,0.17,9.2,35.1
20240309,10,10,5,4902,,0,0,0,0,,,,1,1,0.17,11.9,35.7
20240309,10,10,6,3900,,0,0,0,0,,,,1,1,0.16,4.0,44.0
20240309,10,11,1,4961,,0,0,0,0,0.08,0,,5,5,0.13,70.0,88.0
20240309,10,11,2,4151,,0,0,0,0,0.02,0,,2,2,0.21,13.6,68.1
20240309,10,11,3,4627,,0,0,0,0,0.07,0,,4,4,0.14,6.8,56.8
20240309,10,11,4,5150,,0,0,0,0,0.01,0,,1,1,0.16,10.0,46.6
20240309,10,11,5,4236,,0,0,0,0,0.07,0,,4,4,0.13,12.0,58.0
20240309,10,11,6,5014,,0,0,0,0,0.06,0,,3,3,0.15,0.0,11.5
20240309,10,12,1,4851,,0,0,0,0,,,,1,1,0.14,65.3,86.5
20240309,10,12,2,4528,,0,0,0,0,,,,1,1,0.15,28.2,76.9
20240309,10,12,3,4025,,0,0,0,0,,,,1,1,0.18,17.5,73.6
20240309,10,12,4,4502,,0,0,0,0,,,,1,1,0.17,10.5,63.1
20240309,10,12,5,5038,,0,0,0,0,,,,1,1,0.19,8.8,52.9
20240309,10,12,6,4491,,0,0,0,0,,,,1,1,0.24,2.5,22.5
20240309,10,1,1,3900,,0,0,0,0,0.19,0,,4,4,0.16,70.5,86.2
20240309,10,1,2,4750,,0,0,0,0,0.22,0,,5,5,0.16,5.5,41.6
20240309,10,1,3,5150,,0,0,0,0,0.44,0,,6,6,0.17,11.1,33.3
20240309,10,1,4,5219,,0,0,0,0,0.07,0,,1,1,0.19,7.1,28.5
20240309,10,1,5,4538,,0,0,0,0,0.09,0,,2,2,0.14,6.4,32.2
20240309,10,1,6,4258,,0,0,0,0,0.11,0,,3,3,0.19,3.3,23.3
20240309,10,2,1,4738,,0,0,0,0,0.08,0,,3,4,0.13,65.4,89.0
20240309,10,2,2,4919,,0,0,0,0,0.12,0,,5,6,0.18,17.2,72.4
20240309,10,2,3,4902,,0,0,0,0,0.09,0,,4,5,0.17,6.1,40.8
20240309,10,2,4,4473,,0,0,0,0,0.03,0,,1,2,0.17,0.0,44.0
20240309,10,2,5,4697,,0,0,0,0,0.07,0,,2,3,0.2,0.0,33.3
20240309,10,2,6,4930,,0,0,0,0,,1,0.06,6,1,0.16,4.1,25.0
20240309,10,3,1,4025,,0,0,0,0,,1,0.08,4,2,0.16,70.9,81.8
20240309,10,3,2,5126,,0,0,0,0,0.08,0,,2,4,0.15,10.0,55.0
20240309,10,3,3,3635,,0,0,0,0,0.05,0,,1,3,0.14,13.9,62.7
20240309,10,3,4,3812,,0,0,0,0,,1,0.01,4,1,0.17,6.2,56.2
20240309,10,3,5,4151,,0,0,0,0,0.13,0,,3,5,0.18,3.4,17.2
20240309,10,3,6,4873,,0,0,0,0,,1,0.08,4,2,0.22,0.0,12.0
20240309,10,4,1,4236,,0,0,0,0,,,,1,1,0.13,78.2,94.2
20240309,10,4,2,3696,,0,0,0,0,,,,1,1,0.19,8.5,65.7
20240309,10,4,3,4912,,0,0,0,0,,,,1,1,0.14,20.0,44.0
20240309,10,4,4,4546,,0,0,0,0,,,,1,1,0.13,25.0,72.9
20240309,10,4,5,3226,,0,0,0,0,,,,1,1,0.16,2.8,20.0
20240309,10,4,6,4851,,0,0,0,0,,,,1,1,0.17,0.0,45.7
20240309,10,5,1,4949,,0,0,0,0,,1,0.02,6,1,0.16,63.0,93.4
20240309,10,5,2,5038,,0,0,0,0,0.08,0,,2,3,0.15,27.0,67.5
20240309,10,5,3,3566,,0,0,0,0,0.03,0,,1,2,0.2,0.0,41.4
20240309,10,5,4,3439,,0,0,0,0,0.09,0,,3,4,0.16,10.5,60.5
20240309,10,5,5,5219,,0,0,0,0,0.15,0,,5,6,0.15,2.1,17.0
20240309,10,5,6,4961,,0,0,0,0,0.11,0,,4,5,0.13,3.7,48.1
20240309,10,6,1,4491,,0,0,0,0,,1,0.04,5,1,0.16,51.1,88.3
20240309,10,6,2,4538,,0,0,0,0,0.07,0,,1,3,0.16,3.7,44.4
20240309,10,6,3,4502,,0,0,0,0,,1,0.07,5,2,0.13,19.0,61.9
20240309,10,6,4,4627,,0,0,0,0,0.12,0,,2,4,0.16,18.3,65.3
20240309,10,6,5,3804,,0,0,0,0,0.22,0,,4,6,0.16,0.0,9.0
20240309,10,6,6,4702,,0,0,0,0,0.14,0,,3,5,0.14,12.1,39.3
20240309,10,7,1,5014,,0,0,0,0,0.01,0,,1,1,0.15,35.7,85.7
20240309,10,7,2,4258,,0,0,0,0,0.18,0,,5,5,0.2,6.9,51.1
20240309,10,7,3,4873,,0,0,0,0,0.04,0,,2,2,0.19,14.2,50.0
20240309,10,7,4,4528,,0,0,0,0,0.11,0,,3,3,0.14,13.7,66.6
20240309,10,7,5,4919,,0,0,0,0,0.12,0,,4,4,0.15,13.1,42.1
20240309,10,7,6,4530,,0,0,0,0,0.23,0,,6,6,0.16,5.8,64.7
20240309,10,8,1,4473,,0,0,0,0,,,,1,1,0.14,42.8,76.1
20240309,10,8,2,5054,,0,0,0,0,,,,1,1,0.17,3.2,58.0
20240309,10,8,3,4815,,0,0,0,0,,,,1,1,0.19,7.6,61.5
20240309,10,8,4,4912,,0,0,0,0,,,,1,1,0.16,12.5,50.0
20240309,10,8,5,4750,,0,0,0,0,,,,1,1,0.19,2.5,17.5
20240309,10,8,6,4110,,0,0,0,0,,,,1,1,0.18,0.0,16.6
20240309,10,9,1,3439,,0,0,0,0,0.11,0,,3,6,0.14,60.3,86.7
20240309,10,9,2,3226,,0,0,0,0,0.08,0,,2,5,0.16,11.9,59.5
20240309,10,9,3,4498,,0,0,0,0,0.07,0,,1,4,0.13,9.7,51.2
20240309,10,9,4,3635,,0,0,0,0,,1,0.05,4,2,0.14,10.2,61.5
20240309,10,9,5,4738,,0,0,0,0,,1,0.06,4,3,0.16,2.7,54.0
20240309,10,9,6,4938,,0,0,0,0,,1,0.03,4,1,0.18,0.0,24.1
20240309,13,10,1,4719,,0,0,0,0,,1,0.02,5,2,0.15,81.1,98.1
20240309,13,10,2,4030,,0,0,0,0,,1,0.01,5,1,0.13,25.5,83.7
20240309,13,10,3,4305,,0,0,0,0,0.16,0,,3,5,0.14,34.4,65.5
20240309,13,10,4,3590,,0,0,0,0,0.02,0,,1,3,0.13,25.0,61.5
20240309,13,10,5,4573,,0,0,0,0,0.06,0,,2,4,0.16,10.2,53.8
20240309,13,10,6,3780,,0,0,0,0,0.19,0,,4,6,0.18,6.0,39.3
20240309,13,11,1,4444,,0,0,0,0,0.1,0,,3,3,0.12,90.4,97.6
20240309,13,11,2,4445,,0,0,0,0,0.18,0,,4,4,0.12,16.2,54.0
20240309,13,11,3,4002,,0,0,0,0,0.29,0,,5,5,0.14,28.2,67.3
20240309,13,11,4,4787,,0,0,0,0,0.07,0,,2,2,0.12,20.0,50.0
20240309,13,11,5,4290,,0,0,0,0,0.05,0,,1,1,0.12,5.4,45.9
20240309,13,11,6,3874,,0,0,0,0,0.1,0,,3,3,0.18,4.8,39.0
20240309,13,12,1,4686,,0,0,0,0,,1,0.03,5,2,0.14,70.6,87.9
20240309,13,12,2,3854,,0,0,0,0,0.12,0,,3,5,0.14,36.1,75.0
20240309,13,12,3,4685,,0,0,0,0,0.03,0,,1,3,0.13,23.8,59.5
20240309,13,12,4,4427,,0,0,0,0,0.2,0,,4,6,0.15,15.9,70.4
20240309,13,12,5,4350,,0,0,0,0,0.09,0,,2,4,0.11,2.8,28.5
20240309,13,12,6,4344,,0,0,0,0,,1,0.01,5,1,0.17,0.0,44.4
20240309,13,1,1,3590,,0,0,0,0,,1,0.02,4,1,0.11,88.2,92.6
20240309,13,1,2,3961,,0,0,0,0,0.01,0,,1,2,0.15,17.3,69.5
20240309,13,1,3,4472,,0,0,0,0,0.1,0,,3,4,0.15,9.0,60.0
20240309,13,1,4,4512,,0,0,0,0,,1,0.02,4,1,0.15,22.2,68.8
20240309,13,1,5,4166,,0,0,0,0,0.04,0,,2,3,0.12,15.2,71.1
20240309,13,1,6,4604,,0,0,0,0,0.01,0,,1,2,0.16,0.0,43.9
20240309,13,2,1,4305,,0,0,0,0,0.09,0,,3,4,0.15,69.7,93.9
20240309,13,2,2,4494,,0,0,0,0,0.17,0,,4,5,0.15,25.5,74.4
20240309,13,2,3,3415,,0,0,0,0,,1,0.01,5,1,0.17,11.6,63.3
20240309,13,2,4,4831,,0,0,0,0,0.04,0,,1,2,0.14,25.8,93.5
20240309,13,2,5,4278,,0,0,0,0,0.06,0,,2,3,0.13,5.7,60.0
20240309,13,2,6,4856,,0,0,0,0,0.06,0,,2,3,0.13,0.0,41.4
20240309,13,3,1,4445,,0,0,0,0,0.01,0,,1,3,0.13,74.0,98.0
20240309,13,3,2,4573,,0,0,0,0,0.02,0,,2,4,0.14,22.2,86.1
20240309,13,3,3,4262,,0,0,0,0,,1,0.03,4,1,0.12,34.0,78.7
20240309,13,3,4,3623,,0,0,0,0,0.01,0,,1,3,0.07,0.0,0.0
20240309,13,3,5,4042,,0,0,0,0,,1,0.04,4,2,0.18,10.6,55.3
20240309,13,3,6,4794,,0,0,0,0,0.03,0,,3,5,0.13,10.3,31.0
20240309,13,4,1,4002,,0,0,0,0,,1,0.05,4,1,0.15,80.3,96.4
20240309,13,4,2,5042,,0,0,0,0,0.04,0,,2,3,0.12,17.0,63.8
20240309,13,4,3,4719,,0,0,0,0,0.02,0,,1,2,0.15,18.6,58.1
20240309,13,4,4,4852,,0,0,0,0,0.15,0,,3,4,0.14,14.2,71.4
20240309,13,4,5,3978,,0,0,0,0,0.04,0,,2,3,0.15,12.2,57.1
20240309,13,4,6,3744,,0,0,0,0,0.02,0,,1,2,0.13,0.0,31.5
20240309,13,5,1,4030,,0,0,0,0,,1,0.02,4,1,0.13,67.6,92.6
20240309,13,5,2,5016,,0,0,0,0,,1,0.02,4,1,0.13,14.8,82.9
20240309,13,5,3,3941,,0,0,0,0,,1,0.04,4,2,0.11,12.5,82.5
20240309,13,5,4,4444,,0,0,0,0,0.16,0,,3,5,0.13,6.9,72.4
20240309,13,5,5,4757,,0,0,0,0,0.01,0,,1,3,0.14,27.0,64.8
20240309,13,5,6,4545,,0,0,0,0,0.06,0,,2,4,0.16,2.6,39.4
20240309,13,6,1,3874,,0,0,0,0,0.14,0,,3,6,0.13,69.8,90.5
20240309,13,6,2,3780,,0,0,0,0,,1,0.02,4,1,0.16,7.3,75.6
20240309,13,6,3,4168,,0,0,0,0,,1,0.04,4,2,0.12,27.2,78.7
20240309,13,6,4,4477,,0,0,0,0,,1,0.06,4,3,0.14,12.5,62.5
20240309,13,6,5,4494,,0,0,0,0,0.0011,0,,1,4,0.14,8.8,57.7
20240309,13,6,6,4547,,0,0,0,0,0.08,0,,2,5,0.16,2.5,56.4
20240309,13,7,1,4290,,0,0,0,0,0.08,0,,4,5,0.14,65.9,90.9
20240309,13,7,2,4856,,0,0,0,0,,1,0.02,6,1,0.15,25.5,79.0
20240309,13,7,3,3737,,0,0,0,0,0.17,0,,5,6,0.16,27.0,75.6
20240309,13,7,4,3654,,0,0,0,0,0.05,0,,2,3,0.14,32.2,71.1
20240309,13,7,5,3623,,0,0,0,0,0.04,0,,1,2,0.0,0.0,0.0
20240309,13,7,6,4472,,0,0,0,0,0.07,0,,3,4,0.14,2.7,33.3
20240309,13,8,1,4787,,0,0,0,0,,1,0.06,4,3,0.12,75.8,86.2
20240309,13,8,2,4042,,0,0,0,0,0.17,0,,3,6,0.15,17.0,70.2
20240309,13,8,3,4055,,0,0,0,0,0.11,0,,2,5,0.15,24.5,78.6
20240309,13,8,4,3415,,0,0,0,0,,1,0.03,4,2,0.15,9.8,56.8
20240309,13,8,5,5042,,0,0,0,0,0.0014000000000000002,0,,1,4,0.11,12.9,54.8
20240309,13,8,6,3961,,0,0,0,0,,1,0.01,4,1,0.16,2.9,41.1
20240309,13,9,1,4278,,0,0,0,0,0.13,0,,5,5,0.11,77.3,94.3
20240309,13,9,2,3744,,0,0,0,0,0.05,0,,1,1,0.15,26.0,74.0
20240309,13,9,3,4166,,0,0,0,0,0.19,0,,6,6,0.12,28.2,71.7
20240309,13,9,4,4524,,0,0,0,0,0.12,0,,4,4,0.12,10.6,51.0
20240309,13,9,5,4262,,0,0,0,0,0.07,0,,2,2,0.14,20.0,62.0
20240309,13,9,6,5016,,0,0,0,0,0.1,0,,3,3,0.16,2.7,24.3
20240309,15,10,1,5136,,0,0,0,0,,1,0.07,5,1,0.13,72.7,86.3
20240309,15,10,2,4163,,0,0,0,0,0.01,0,,2,3,0.17,9.3,67.4
20240309,15,10,3,4174,,0,0,0,0,0.09,0,,4,5,0.15,11.5,67.3
20240309,15,10,4,3792,,0,0,0,0,0.0012,0,,1,2,0.17,7.5,65.0
20240309,15,10,5,3731,,0,0,0,0,0.09,0,,4,5,0.17,7.3,36.5
20240309,15,10,6,3826,,0,0,0,0,0.04,0,,3,4,0.15,0.0,40.5
20240309,15,11,1,4503,,0,0,0,0,0.001,0,,1,1,0.11,78.4,93.8
20240309,15,11,2,4331,,0,0,0,0,0.001,0,,1,1,0.13,10.4,58.3
20240309,15,11,3,4136,,0,0,0,0,0.0011,0,,2,2,0.13,18.4,68.4
20240309,15,11,4,4594,,0,0,0,0,0.0012,0,,3,3,0.12,23.0,53.8
20240309,15,11,5,4120,,0,0,0,0,0.0012,0,,3,3,0.17,6.5,45.6
20240309,15,11,6,4692,,0,0,0,0,0.0021,0,,4,4,0.15,2.3,39.5
20240309,15,12,1,3966,,0,0,0,0,0.08,0,,4,5,0.16,51.5,79.6
20240309,15,12,2,4711,,0,0,0,0,0.02,0,,3,4,0.16,15.7,65.7
20240309,15,12,3,4259,,0,0,0,0,,1,0.03,5,1,0.15,10.8,50.0
20240309,15,12,4,3333,,0,0,0,0,0.0011,0,,1,2,0.13,18.1,63.6
20240309,15,12,5,4633,,0,0,0,0,,1,0.03,5,1,0.17,2.3,27.9
20240309,15,12,6,5055,,0,0,0,0,0.01,0,,2,3,0.17,2.5,28.2
20240309,15,1,1,4520,,0,0,0,0,0.07,0,,3,3,0.19,29.0,80.6
20240309,15,1,2,5224,,0,0,0,0,0.17,0,,6,6,0.16,19.0,66.6
20240309,15,1,3,3497,,0,0,0,0,0.08,0,,4,4,0.16,13.0,60.8
20240309,15,1,4,3870,,0,0,0,0,0.09,0,,5,5,0.17,4.5,43.1
20240309,15,1,5,5298,,0,0,0,0,0.01,0,,1,1,0.15,3.4,24.1
20240309,15,1,6,3347,,0,0,0,0,0.05,0,,2,2,0.2,6.6,40.0
20240309,15,2,1,4692,,0,0,0,0,0.0014000000000000002,0,,2,4,0.12,36.8,73.6
20240309,15,2,2,3731,,0,0,0,0,,1,0.02,5,2,0.19,14.0,46.0
20240309,15,2,3,4401,,0,0,0,0,0.01,0,,3,5,0.14,22.7,59.0
20240309,15,2,4,5187,,0,0,0,0,0.0011,0,,1,3,0.19,6.0,27.2
20240309,15,2,5,4383,,0,0,0,0,0.13,0,,4,6,0.21,3.1,31.2
20240309,15,2,6,3908,,0,0,0,0,,1,0.01,5,1,0.14,4.5,52.2
20240309,15,3,1,4120,,0,0,0,0,0.0012,0,,2,6,0.15,62.7,90.2
20240309,15,3,2,4969,,0,0,0,0,,1,0.02,3,1,0.18,5.8,44.1
20240309,15,3,3,3792,,0,0,0,0,0.0011,0,,1,5,0.2,6.2,46.8
20240309,15,3,4,3713,,0,0,0,0,,1,0.04,3,2,0.12,23.2,65.1
20240309,15,3,5,4359,,0,0,0,0,,1,0.06,3,3,0.11,10.2,38.4
20240309,15,3,6,5136,,0,0,0,0,,1,0.09,3,4,0.16,6.0,36.3
20240309,15,4,1,4259,,0,0,0,0,,1,0.06,3,2,0.15,66.6,87.7
20240309,15,4,2,4649,,0,0,0,0,,1,0.09,3,3,0.13,18.1,63.6
20240309,15,4,3,4154,,0,0,0,0,0.08,0,,2,5,0.18,5.1,51.2
20240309,15,4,4,3788,,0,0,0,0,,1,0.03,3,1,0.13,18.3,59.1
20240309,15,4,5,4410,,0,0,0,0,0.05,0,,1,4,0.15,9.7,31.7
20240309,15,4,6,3946,,0,0,0,0,,1,0.03,3,1,0.18,0.0,50.0
20240309,15,5,1,4782,,0,0,0,0,,1,0.02,5,2,0.15,63.6,84.8
20240309,15,5,2,3333,,0,0,0,0,0.001,0,,1,3,0.14,15.3,61.5
20240309,15,5,3,5055,,0,0,0,0,,1,0.0,5,1,0.16,6.4,45.1
20240309,15,5,4,3497,,0,0,0,0,0.23,0,,4,6,0.17,10.0,42.5
20240309,15,5,5,4163,,0,0,0,0,0.06,0,,3,5,0.18,0.0,34.2
20240309,15,5,6,3849,,0,0,0,0,0.05,0,,2,4,0.15,0.0,33.3
20240309,15,6,1,3826,,0,0,0,0,0.05,0,,3,4,0.15,59.2,85.1
20240309,15,6,2,4467,,0,0,0,0,0.11,0,,4,5,0.15,13.1,60.5
20240309,15,6,3,4331,,0,0,0,0,0.03,0,,2,3,0.13,12.1,54.5
20240309,15,6,4,3966,,0,0,0,0,,1,0.01,5,1,0.17,17.0,65.9
20240309,15,6,5,4520,,0,0,0,0,0.02,0,,1,2,0.19,8.0,36.0
20240309,15,6,6,4632,,0,0,0,0,0.02,0,,1,2,0.18,0.0,30.5
20240309,15,7,1,4174,,0,0,0,0,,1,0.03,3,3,0.13,68.6,91.0
20240309,15,7,2,4633,,0,0,0,0,0.14,0,,2,6,0.14,8.5,70.2
20240309,15,7,3,4594,,0,0,0,0,0.11,0,,1,5,0.15,11.3,56.6
20240309,15,7,4,4401,,0,0,0,0,,1,0.02,3,2,0.15,19.4,61.1
20240309,15,7,5,5224,,0,0,0,0,,1,0.01,3,1,0.16,2.7,30.5
20240309,15,7,6,4503,,0,0,0,0,,1,0.07,3,4,0.12,8.1,29.7
20240309,15,8,1,4136,,0,0,0,0,0.001,0,,1,5,0.13,67.2,90.1
20240309,15,8,2,3788,,0,0,0,0,,1,0.08,3,4,0.13,18.1,54.5
20240309,15,8,3,3347,,0,0,0,0,,1,0.01,3,1,0.16,6.0,48.4
20240309,15,8,4,4711,,0,0,0,0,0.0013,0,,2,6,0.18,10.8,43.2
20240309,15,8,5,5187,,0,0,0,0,,1,0.06,3,3,0.17,2.6,23.6
20240309,15,8,6,5298,,0,0,0,0,,1,0.03,3,2,0.15,1.6,14.2
20240309,15,9,1,3946,,0,0,0,0,,1,0.09,3,4,0.12,67.5,94.8
20240309,15,9,2,4383,,0,0,0,0,,1,0.08,3,3,0.19,21.9,53.6
20240309,15,9,3,3713,,0,0,0,0,,1,0.01,3,1,0.14,13.1,50.0
20240309,15,9,4,4154,,0,0,0,0,0.02,0,,1,5,0.18,7.6,38.4
20240309,15,9,5,4969,,0,0,0,0,,1,0.02,3,2,0.2,0.0,27.2
20240309,15,9,6,4782,,0,0,0,0,0.15,0,,2,6,0.19,0.0,12.0
20240309,17,10,1,4409,,0,0,0,0,,,,1,1,0.15,77.5,89.8
20240309,17,10,2,4471,,0,0,0,0,,,,1,1,0.17,22.2,61.1
20240309,17,10,3,4118,,0,0,0,0,,,,1,1,0.14,14.2,71.4
20240309,17,10,4,4044,,0,0,0,0,,,,1,1,0.13,4.5,56.8
20240309,17,10,5,4424,,0,0,0,0,,,,1,1,0.16,6.6,46.6
20240309,17,10,6,4342,,0,0,0,0,,,,1,1,0.14,2.6,52.6
20240309,17,11,1,4704,,0,0,0,0,,1,0.07,5,2,0.13,68.9,93.1
20240309,17,11,2,3721,,0,0,0,0,0.11,0,,4,6,0.15,28.5,77.1
20240309,17,11,3,4570,,0,0,0,0,0.04,0,,2,4,0.13,11.9,66.6
20240309,17,11,4,4907,,0,0,0,0,,1,0.01,5,1,0.12,21.2,72.7
20240309,17,11,5,4500,,0,0,0,0,0.01,0,,1,3,0.14,15.3,41.0
20240309,17,11,6,4352,,0,0,0,0,0.05,0,,3,5,0.14,9.6,61.2
20240309,17,12,1,3779,,0,0,0,0,0.04,0,,3,3,0.1,73.1,85.0
20240309,17,12,2,3716,,0,0,0,0,0.01,0,,1,1,0.13,30.0,72.0
20240309,17,12,3,4371,,0,0,0,0,0.01,0,,1,1,0.13,9.2,66.6
20240309,17,12,4,3959,,0,0,0,0,0.11,0,,5,5,0.12,25.0,61.3
20240309,17,12,5,4398,,0,0,0,0,0.02,0,,2,2,0.15,16.6,43.7
20240309,17,12,6,4908,,0,0,0,0,0.05,0,,4,4,0.17,6.9,44.8
20240309,17,1,1,4848,,0,0,0,0,0.07,0,,4,4,0.14,75.4,91.8
20240309,17,1,2,3920,,0,0,0,0,0.06,0,,3,3,0.15,19.3,67.0
20240309,17,1,3,4342,,0,0,0,0,0.13,0,,5,5,0.12,12.2,78.0
20240309,17,1,4,4352,,0,0,0,0,0.01,0,,1,1,0.13,19.3,67.7
20240309,17,1,5,4572,,0,0,0,0,0.04,0,,2,2,0.14,3.5,35.7
20240309,17,1,6,4991,,0,0,0,0,0.07,0,,4,4,0.21,0.0,31.8
20240309,17,2,1,4967,,0,0,0,0,,1,0.08,5,2,0.15,60.0,80.0
20240309,17,2,2,5015,,0,0,0,0,0.02,0,,3,5,0.14,13.9,76.7
20240309,17,2,3,4532,,0,0,0,0,0.001,0,,1,3,0.14,31.1,64.4
20240309,17,2,4,4828,,0,0,0,0,0.0012,0,,2,4,0.13,15.7,55.2
20240309,17,2,5,3558,,0,0,0,0,,1,0.07,5,1,0.15,7.8,34.2
20240309,17,2,6,4734,,0,0,0,0,0.04,0,,4,6,0.18,0.0,20.6
20240309,17,3,1,4441,,0,0,0,0,,1,0.07,3,2,0.14,67.7,87.1
20240309,17,3,2,4798,,0,0,0,0,,1,0.03,3,1,0.11,23.8,71.4
20240309,17,3,3,4500,,0,0,0,0,0.0015,0,,2,4,0.14,26.0,68.0
20240309,17,3,4,3772,,0,0,0,0,0.0015,0,,2,4,0.15,5.0,48.3
20240309,17,3,5,4549,,0,0,0,0,0.0015,0,,2,4,0.2,2.6,31.5
20240309,17,3,6,4118,,0,0,0,0,0.0012,0,,1,3,0.14,0.0,41.6
20240309,17,4,1,4985,,0,0,0,0,0.05,0,,1,1,0.15,72.8,95.7
20240309,17,4,2,4083,,0,0,0,0,0.07,0,,2,2,0.15,19.0,69.0
20240309,17,4,3,4409,,0,0,0,0,0.14,0,,6,6,0.13,19.0,73.8
20240309,17,4,4,4296,,0,0,0,0,0.09,0,,4,4,0.14,13.7,65.5
20240309,17,4,5,4953,,0,0,0,0,0.08,0,,3,3,0.15,2.5,37.5
20240309,17,4,6,4570,,0,0,0,0,0.12,0,,5,5,0.15,6.0,39.3
20240309,17,5,1,4044,,0,0,0,0,0.02,0,,1,2,0.13,66.6,95.2
20240309,17,5,2,4816,,0,0,0,0,,1,0.01,4,1,0.16,11.1,59.2
20240309,17,5,3,4264,,0,0,0,0,0.02,0,,1,2,0.16,15.3,76.9
20240309,17,5,4,4850,,0,0,0,0,0.07,0,,2,3,0.1,29.5,63.6
20240309,17,5,5,3822,,0,0,0,0,0.13,0,,3,4,0.18,9.7,43.9
20240309,17,5,6,5005,,0,0,0,0,0.02,0,,1,2,0.15,6.9,44.8
20240309,17,6,1,4706,,0,0,0,0,0.1,0,,3,4,0.18,55.3,76.6
20240309,17,6,2,4991,,0,0,0,0,0.1,0,,3,4,0.16,15.1,66.6
20240309,17,6,3,4424,,0,0,0,0,0.2,0,,4,5,0.16,16.6,75.0
20240309,17,6,4,3721,,0,0,0,0,,1,0.06,5,1,0.12,20.5,64.1
20240309,17,6,5,4420,,0,0,0,0,0.0016,0,,1,2,0.16,6.7,33.9
20240309,17,6,6,4532,,0,0,0,0,0.0017000000000000001,0,,2,3,0.15,4.0,40.0
20240309,17,7,1,4798,,0,0,0,0,0.03,0,,1,1,0.13,72.0,90.7
20240309,17,7,2,4907,,0,0,0,0,0.05,0,,2,2,0.14,33.3,71.4
20240309,17,7,3,5015,,0,0,0,0,0.09,0,,3,3,0.11,22.5,85.0
20240309,17,7,4,4848,,0,0,0,0,0.17,0,,4,4,0.15,22.2,80.0
20240309,17,7,5,4888,,0,0,0,0,0.21,0,,5,5,0.17,0.0,39.1
20240309,17,7,6,4578,,0,0,0,0,0.21,0,,5,5,0.2,0.0,18.9
20240309,17,8,1,3514,,0,0,0,0,0.08,0,,2,4,0.16,65.5,90.1
20240309,17,8,2,4526,,0,0,0,0,0.01,0,,1,3,0.14,20.4,68.1
20240309,17,8,3,4296,,0,0,0,0,0.11,0,,3,5,0.14,9.6,50.0
20240309,17,8,4,4771,,0,0,0,0,,1,0.03,4,1,0.13,8.1,38.7
20240309,17,8,5,4441,,0,0,0,0,,1,0.03,4,1,0.15,7.1,45.2
20240309,17,8,6,4828,,0,0,0,0,,1,0.05,4,2,0.18,2.4,31.7
20240309,17,9,1,4131,,0,0,0,0,0.03,0,,1,1,0.18,60.8,82.6
20240309,17,9,2,4850,,0,0,0,0,0.04,0,,2,2,0.11,24.4,73.4
20240309,17,9,3,3920,,0,0,0,0,0.11,0,,3,3,0.16,6.1,50.7
20240309,17,9,4,4734,,0,0,0,0,0.11,0,,3,3,0.17,10.5,68.4
20240309,17,9,5,4985,,0,0,0,0,0.18,0,,4,4,0.14,6.1,53.0
20240309,17,9,6,4052,,0,0,0,0,0.36,0,,5,5,0.17,11.9,40.4
20240309,22,10,1,5028,,0,0,0,0,0.05,0,,2,2,0.13,68.0,88.0
20240309,22,10,2,3710,,0,0,0,0,0.02,0,,1,1,0.15,6.8,50.0
20240309,22,10,3,4894,,0,0,0,0,0.05,0,,2,2,0.17,7.3,43.9
20240309,22,10,4,4981,,0,0,0,0,0.15,0,,4,4,0.17,5.1,51.2
20240309,22,10,5,4485,,0,0,0,0,0.09,0,,3,3,0.15,9.3,43.7
20240309,22,10,6,5142,,0,0,0,0,0.05,0,,2,2,0.18,0.0,33.3
20240309,22,11,1,3554,,0,0,0,0,0.09,0,,2,3,0.15,63.3,88.7
20240309,22,11,2,4292,,0,0,0,0,0.14,0,,3,4,0.16,31.5,73.6
20240309,22,11,3,4100,,0,0,0,0,,1,0.01,4,1,0.14,15.0,52.5
20240309,22,11,4,4486,,0,0,0,0,,1,0.01,4,1,0.15,19.2,57.6
20240309,22,11,5,5018,,0,0,0,0,,1,0.01,4,1,0.17,2.4,48.7
20240309,22,11,6,4142,,0,0,0,0,0.06,0,,1,2,0.21,0.0,30.9
20240309,22,12,1,4522,,0,0,0,0,0.12,0,,3,3,0.13,71.7,98.1
20240309,22,12,2,4036,,0,0,0,0,0.02,0,,1,1,0.18,30.0,74.0
20240309,22,12,3,3956,,0,0,0,0,0.04,0,,2,2,0.15,15.7,73.6
20240309,22,12,4,3940,,0,0,0,0,0.17,0,,4,4,0.13,22.2,51.1
20240309,22,12,5,3562,,0,0,0,0,0.22,0,,5,5,0.14,9.3,44.1
20240309,22,12,6,3641,,0,0,0,0,0.12,0,,3,3,0.17,2.7,36.1
20240309,22,1,1,4486,,0,0,0,0,0.09,0,,4,4,0.13,61.2,91.8
20240309,22,1,2,4981,,0,0,0,0,0.2,0,,5,5,0.16,12.0,62.0
20240309,22,1,3,5254,,0,0,0,0,0.05,0,,3,3,0.0,0.0,0.0
20240309,22,1,4,4006,,0,0,0,0,0.09,0,,4,4,0.21,2.8,42.8
20240309,22,1,5,3992,,0,0,0,0,0.01,0,,1,1,0.13,8.0,20.0
20240309,22,1,6,4244,,0,0,0,0,0.04,0,,2,2,0.16,3.8,7.6
20240309,22,2,1,5018,,0,0,0,0,0.05,0,,3,3,0.16,62.2,83.0
20240309,22,2,2,5124,,0,0,0,0,0.0012,0,,1,1,0.17,6.6,43.3
20240309,22,2,3,5142,,0,0,0,0,0.04,0,,2,2,0.17,15.3,69.2
20240309,22,2,4,3175,,0,0,0,0,0.13,0,,6,6,0.16,10.0,56.6
20240309,22,2,5,3956,,0,0,0,0,0.12,0,,5,5,0.16,25.0,57.5
20240309,22,2,6,3682,,0,0,0,0,0.11,0,,4,4,0.23,0.0,5.2
20240309,22,3,1,3539,,0,0,0,0,0.14,0,,1,4,0.18,21.8,75.0
20240309,22,3,2,5009,,0,0,0,0,,1,0.03,2,1,0.19,8.3,58.3
20240309,22,3,3,3940,,0,0,0,0,,1,0.08,2,3,0.12,18.3,65.3
20240309,22,3,4,4651,,0,0,0,0,,1,0.03,2,1,0.15,9.7,43.9
20240309,22,3,5,3334,,0,0,0,0,,1,0.05,2,2,0.2,0.0,31.0
20240309,22,3,6,3647,,0,0,0,0,,1,0.03,2,1,0.2,0.0,15.1
20240309,22,4,1,3562,,0,0,0,0,0.28,0,,5,5,0.15,58.6,86.2
20240309,22,4,2,5117,,0,0,0,0,0.36,0,,6,6,0.17,20.0,66.6
20240309,22,4,3,5041,,0,0,0,0,0.01,0,,1,1,0.15,5.2,47.3
20240309,22,4,4,4292,,0,0,0,0,0.18,0,,4,4,0.14,12.5,77.5
20240309,22,4,5,4509,,0,0,0,0,0.11,0,,3,3,0.18,7.1,46.4
20240309,22,4,6,3710,,0,0,0,0,0.08,0,,2,2,0.19,0.0,26.6
20240309,22,5,1,4197,,0,0,0,0,0.17,0,,4,4,0.21,35.7,64.2
20240309,22,5,2,4006,,0,0,0,0,0.17,0,,4,4,0.17,12.8,53.8
20240309,22,5,3,5173,,0,0,0,0,0.1,0,,2,2,0.17,11.1,29.6
20240309,22,5,4,3554,,0,0,0,0,0.21,0,,5,5,0.2,8.1,52.7
20240309,22,5,5,5028,,0,0,0,0,0.09,0,,1,1,0.17,10.5,36.8
20240309,22,5,6,4905,,0,0,0,0,0.12,0,,3,3,0.25,0.0,9.0
20240309,22,6,1,4485,,0,0,0,0,,,,1,1,0.15,48.4,78.7
20240309,22,6,2,5110,,0,0,0,0,,,,1,1,0.21,10.8,54.0
20240309,22,6,3,3682,,0,0,0,0,,,,1,1,0.18,2.9,38.2
20240309,22,6,4,5073,,0,0,0,0,,,,1,1,0.19,2.6,57.8
20240309,22,6,5,4522,,0,0,0,0,,,,1,1,0.13,6.6,46.6
20240309,22,6,6,5291,,0,0,0,0,,,,1,1,0.21,0.0,0.0
20240309,22,7,1,4068,,0,0,0,0,0.01,0,,1,1,0.17,42.8,85.7
20240309,22,7,2,4651,,0,0,0,0,0.09,0,,2,2,0.14,5.1,46.1
20240309,22,7,3,4142,,0,0,0,0,0.23,0,,4,4,0.18,2.3,60.4
20240309,22,7,4,3441,,0,0,0,0,0.24,0,,5,5,0.17,4.7,42.8
20240309,22,7,5,4036,,0,0,0,0,0.2,0,,3,3,0.19,8.7,58.7
20240309,22,7,6,4533,,0,0,0,0,0.27,0,,6,6,0.21,8.7,21.7
20240309,22,8,1,3992,,0,0,0,0,,1,0.0,5,1,0.16,55.5,83.3
20240309,22,8,2,3641,,0,0,0,0,0.09,0,,3,5,0.18,21.4,78.5
20240309,22,8,3,4509,,0,0,0,0,0.0011,0,,1,3,0.15,14.5,62.5
20240309,22,8,4,4200,,0,0,0,0,0.24,0,,4,6,0.18,4.3,39.1
20240309,22,8,5,4007,,0,0,0,0,0.05,0,,2,4,0.12,9.0,29.5
20240309,22,8,6,5124,,0,0,0,0,,1,0.04,5,2,0.19,0.0,6.9
20240309,22,9,1,3175,,0,0,0,0,0.17,0,,2,2,0.17,20.0,74.2
20240309,22,9,2,3334,,0,0,0,0,0.2,0,,3,3,0.21,13.1,60.5
20240309,22,9,3,4244,,0,0,0,0,0.12,0,,1,1,0.13,2.6,42.1
20240309,22,9,4,5117,,0,0,0,0,0.22,0,,4,4,0.18,8.0,44.0
20240309,22,9,5,5241,,0,0,0,0,0.27,0,,5,5,0.19,0.0,18.9
20240309,22,9,6,5173,,0,0,0,0,0.53,0,,6,6,0.17,4.1,29.1
20240309,23,10,1,4276,,0,0,0,0,0.11,0,,4,4,0.15,69.8,84.9
20240309,23,10,2,3907,,0,0,0,0,0.0013,0,,1,1,0.17,14.2,61.2
20240309,23,10,3,3955,,0,0,0,0,0.0013,0,,1,1,0.17,13.1,55.2
20240309,23,10,4,4661,,0,0,0,0,0.03,0,,3,3,0.21,10.0,62.0
20240309,23,10,5,4587,,0,0,0,0,0.0013,0,,1,1,0.17,6.0,38.0
20240309,23,10,6,4489,,0,0,0,0,0.01,0,,2,2,0.21,0.0,12.5
20240309,23,11,1,4013,,0,0,0,0,,,,1,1,0.13,75.3,90.7
20240309,23,11,2,4266,,0,0,0,0,,,,1,1,0.13,22.7,63.6
20240309,23,11,3,4016,,0,0,0,0,,,,1,1,0.15,14.2,45.7
20240309,23,11,4,4789,,0,0,0,0,,,,1,1,0.16,7.6,34.6
20240309,23,11,5,3541,,0,0,0,0,,,,1,1,0.15,2.4,36.5
20240309,23,11,6,4679,,0,0,0,0,,,,1,1,0.2,0.0,14.2
20240309,23,12,1,4459,,0,0,0,0,0.11,0,,2,5,0.13,67.3,86.5
20240309,23,12,2,4337,,0,0,0,0,0.18,0,,3,6,0.14,23.2,65.1
20240309,23,12,3,4468,,0,0,0,0,0.08,0,,1,4,0.13,15.5,64.4
20240309,23,12,4,4710,,0,0,0,0,,1,0.04,4,2,0.15,14.2,54.2
20240309,23,12,5,4596,,0,0,0,0,,1,0.07,4,3,0.18,8.5,38.3
20240309,23,12,6,4436,,0,0,0,0,,1,0.02,4,1,0.18,4.7,38.1
20240309,23,1,1,4661,,0,0,0,0,0.08,0,,4,4,0.16,42.8,85.7
20240309,23,1,2,4422,,0,0,0,0,0.09,0,,5,5,0.17,11.9,52.3
20240309,23,1,3,4202,,0,0,0,0,0.06,0,,3,3,0.19,0.0,38.8
20240309,23,1,4,5004,,0,0,0,0,0.17,0,,6,6,0.14,8.3,45.8
20240309,23,1,5,3928,,0,0,0,0,0.02,0,,1,1,0.16,4.7,26.1
20240309,23,1,6,4879,,0,0,0,0,0.03,0,,2,2,0.19,0.0,11.7
20240309,23,2,1,4442,,0,0,0,0,,1,0.02,4,1,0.16,70.7,90.2
20240309,23,2,2,4710,,0,0,0,0,0.12,0,,3,5,0.15,20.5,71.7
20240309,23,2,3,4834,,0,0,0,0,0.11,0,,2,4,0.16,14.6,46.3
20240309,23,2,4,3825,,0,0,0,0,0.0013,0,,1,3,0.11,17.1,40.0
20240309,23,2,5,5134,,0,0,0,0,,1,0.05,4,2,0.14,6.0,48.4
20240309,23,2,6,3670,,0,0,0,0,,1,0.02,4,1,0.17,0.0,17.6
20240309,23,3,1,4596,,0,0,0,0,,,,1,1,0.15,49.0,90.5
20240309,23,3,2,4355,,0,0,0,0,,,,1,1,0.18,0.0,40.0
20240309,23,3,3,4276,,0,0,0,0,,,,1,1,0.15,26.0,66.0
20240309,23,3,4,4329,,0,0,0,0,,,,1,1,0.16,2.6,50.0
20240309,23,3,5,4636,,0,0,0,0,,,,1,1,0.17,3.0,24.2
20240309,23,3,6,3998,,0,0,0,0,,,,1,1,0.18,0.0,10.8
20240309,23,4,1,3955,,0,0,0,0,0.03,0,,1,3,0.17,53.0,75.5
20240309,23,4,2,4679,,0,0,0,0,0.19,0,,4,6,0.2,16.1,45.1
20240309,23,4,3,4337,,0,0,0,0,0.16,0,,3,5,0.13,21.2,59.5
20240309,23,4,4,4416,,0,0,0,0,,1,0.01,5,1,0.18,4.0,48.0
20240309,23,4,5,3615,,0,0,0,0,,1,0.03,5,2,0.17,1.9,17.6
20240309,23,4,6,4116,,0,0,0,0,0.06,0,,2,4,0.19,3.2,32.2
20240309,23,5,1,3928,,0,0,0,0,,1,0.06,6,1,0.17,23.5,58.8
20240309,23,5,2,4270,,0,0,0,0,0.29,0,,5,6,0.18,0.0,47.0
20240309,23,5,3,3907,,0,0,0,0,0.02,0,,2,3,0.15,15.3,76.9
20240309,23,5,4,4013,,0,0,0,0,0.01,0,,1,2,0.13,22.5,57.5
20240309,23,5,5,4752,,0,0,0,0,0.04,0,,3,4,0.15,2.5,40.0
20240309,23,5,6,3627,,0,0,0,0,0.17,0,,4,5,0.23,0.0,0.0
20240309,23,6,1,4587,,0,0,0,0,0.0019,0,,1,2,0.14,56.6,79.2
20240309,23,6,2,3541,,0,0,0,0,,1,0.02,6,1,0.13,15.3,71.7
20240309,23,6,3,4957,,0,0,0,0,0.09,0,,5,6,0.16,11.1,60.0
20240309,23,6,4,4442,,0,0,0,0,0.05,0,,3,4,0.18,2.6,42.1
20240309,23,6,5,4468,,0,0,0,0,0.07,0,,4,5,0.13,10.8,54.0
20240309,23,6,6,5004,,0,0,0,0,0.04,0,,2,3,0.17,0.0,26.4
20240309,23,7,1,4789,,0,0,0,0,0.18,0,,3,3,0.15,42.1,73.6
20240309,23,7,2,4436,,0,0,0,0,0.2,0,,5,5,0.15,13.0,63.0
20240309,23,7,3,3998,,0,0,0,0,0.17,0,,2,2,0.14,10.2,61.5
20240309,23,7,4,3703,,0,0,0,0,0.13,0,,1,1,0.16,9.0,54.5
20240309,23,7,5,4504,,0,0,0,0,0.17,0,,2,2,0.13,20.9,51.1
20240309,23,7,6,4202,,0,0,0,0,0.19,0,,4,4,0.19,0.0,15.6
20240309,23,8,1,4636,,0,0,0,0,0.19,0,,2,6,0.17,37.5,70.8
20240309,23,8,2,3670,,0,0,0,0,0.01,0,,1,5,0.15,10.7,53.5
20240309,23,8,3,3615,,0,0,0,0,,1,0.01,3,1,0.15,9.5,45.2
20240309,23,8,4,4459,,0,0,0,0,,1,0.03,3,2,0.11,22.4,59.1
20240309,23,8,5,3832,,0,0,0,0,,1,0.09,3,4,0.17,5.0,27.5
20240309,23,8,6,4422,,0,0,0,0,,1,0.08,3,3,0.25,0.0,7.8
20240309,23,9,1,4834,,0,0,0,0,0.07,0,,3,5,0.17,65.3,80.7
20240309,23,9,2,4116,,0,0,0,0,0.03,0,,2,4,0.19,13.7,55.1
20240309,23,9,3,3627,,0,0,0,0,,1,0.04,5,2,0.18,11.4,48.5
20240309,23,9,4,4294,,0,0,0,0,0.1,0,,4,6,0.15,13.9,62.7
20240309,23,9,5,3949,,0,0,0,0,0.01,0,,1,3,0.19,0.0,28.0
20240309,23,9,6,4355,,0,0,0,0,,1,0.01,5,1,0.2,0.0,7.4
20240309,24,10,1,4084,,0,0,0,0,0.14,0,,1,5,0.16,71.8,90.6
20240309,24,10,2,3349,,0,0,0,0,,1,0.07,2,3,0.16,17.1,57.1
20240309,24,10,3,4487,,0,0,0,0,,1,0.09,2,4,0.18,5.5,41.6
20240309,24,10,4,3503,,0,0,0,0,,1,0.06,2,2,0.16,3.5,39.2
20240309,24,10,5,4189,,0,0,0,0,,1,0.01,2,1,0.16,5.8,41.1
20240309,24,10,6,3873,,0,0,0,0,,1,0.01,2,1,0.18,0.0,40.0
20240309,24,11,1,4682,,0,0,0,0,,1,0.02,3,2,0.15,85.9,95.3
20240309,24,11,2,4846,,0,0,0,0,0.05,0,,2,5,0.17,8.1,51.3
20240309,24,11,3,2878,,0,0,0,0,0.0014000000000000002,0,,1,4,0.2,7.8,44.7
20240309,24,11,4,4113,,0,0,0,0,,1,0.06,3,3,0.2,2.3,27.9
20240309,24,11,5,4790,,0,0,0,0,,1,0.02,3,2,0.16,12.7,48.9
20240309,24,11,6,3304,,0,0,0,0,,1,0.01,3,1,0.19,0.0,36.8
20240309,24,12,1,4839,,0,0,0,0,,1,0.02,3,2,0.16,54.2,80.0
20240309,24,12,2,4497,,0,0,0,0,,1,0.06,3,3,0.14,20.5,64.1
20240309,24,12,3,3621,,0,0,0,0,,1,0.01,3,1,0.16,14.8,72.3
20240309,24,12,4,4037,,0,0,0,0,0.07,0,,2,5,0.17,11.9,45.2
20240309,24,12,5,4788,,0,0,0,0,,1,0.02,3,2,0.14,13.3,57.7
20240309,24,12,6,4539,,0,0,0,0,0.02,0,,1,4,0.19,0.0,15.0
20240309,24,1,1,3349,,0,0,0,0,0.15,0,,3,4,0.14,58.7,82.6
20240309,24,1,2,4126,,0,0,0,0,0.15,0,,3,4,0.16,5.7,28.5
20240309,24,1,3,4299,,0,0,0,0,0.16,0,,4,5,0.16,0.0,35.2
20240309,24,1,4,4747,,0,0,0,0,,1,0.01,5,1,0.15,13.8,38.8
20240309,24,1,5,5238,,0,0,0,0,0.09,0,,2,3,0.18,0.0,20.0
20240309,24,1,6,5167,,0,0,0,0,0.07,0,,1,2,0.14,3.7,14.8
20240309,24,2,1,4113,,0,0,0,0,0.1,0,,3,5,0.17,45.9,78.3
20240309,24,2,2,4683,,0,0,0,0,,1,0.07,4,2,0.11,17.1,60.0
20240309,24,2,3,4665,,0,0,0,0,0.02,0,,1,3,0.14,8.1,40.5
20240309,24,2,4,4705,,0,0,0,0,0.03,0,,2,4,0.16,0.0,33.3
20240309,24,2,5,5286,,0,0,0,0,,1,0.06,4,1,0.17,0.0,0.0
20240309,24,2,6,4004,,0,0,0,0,0.1,0,,3,5,0.2,8.7,17.3
20240309,24,3,1,3503,,0,0,0,0,,1,0.02,5,1,0.2,10.5,36.8
20240309,24,3,2,5170,,0,0,0,0,0.11,0,,2,3,0.15,10.0,47.5
20240309,24,3,3,3787,,0,0,0,0,0.02,0,,1,2,0.16,0.0,36.3
20240309,24,3,4,4682,,0,0,0,0,0.11,0,,2,3,0.13,34.0,78.7
20240309,24,3,5,4037,,0,0,0,0,0.12,0,,3,4,0.2,6.8,31.8
20240309,24,3,6,3945,,0,0,0,0,0.21,0,,4,5,0.18,8.3,16.6
20240309,24,4,1,3265,,0,0,0,0,,1,0.03,5,1,0.15,47.1,74.2
20240309,24,4,2,4839,,0,0,0,0,,1,0.08,5,2,0.15,15.7,63.1
20240309,24,4,3,4835,,0,0,0,0,0.04,0,,2,4,0.17,0.0,38.2
20240309,24,4,4,4790,,0,0,0,0,0.15,0,,4,6,0.15,19.5,54.3
20240309,24,4,5,4487,,0,0,0,0,0.08,0,,3,5,0.18,6.8,29.5
20240309,24,4,6,3581,,0,0,0,0,0.01,0,,1,3,0.2,0.0,26.9
20240309,24,5,1,2878,,0,0,0,0,,1,0.07,3,3,0.16,46.0,88.0
20240309,24,5,2,4084,,0,0,0,0,,1,0.07,3,3,0.16,28.8,73.3
20240309,24,5,3,4126,,0,0,0,0,0.07,0,,2,5,0.14,10.2,41.0
20240309,24,5,4,4539,,0,0,0,0,0.04,0,,1,4,0.15,26.4,70.5
20240309,24,5,5,4213,,0,0,0,0,,1,0.0,3,1,0.18,13.5,27.0
20240309,24,5,6,3414,,0,0,0,0,,1,0.01,3,2,0.16,3.8,19.2
20240309,24,6,1,4523,,0,0,0,0,0.06,0,,5,6,0.14,81.4,93.0
20240309,24,6,2,4747,,0,0,0,0,0.0027,0,,4,5,0.17,11.1,33.3
20240309,24,6,3,4189,,0,0,0,0,,1,0.09,6,1,0.16,15.8,68.2
20240309,24,6,4,4683,,0,0,0,0,0.0019,0,,1,2,0.12,5.0,40.0
20240309,24,6,5,4846,,0,0,0,0,0.0021,0,,2,3,0.16,5.0,35.0
20240309,24,6,6,3621,,0,0,0,0,0.0023,0,,3,4,0.2,0.0,44.8
20240309,24,7,1,3787,,0,0,0,0,,1,0.03,6,1,0.18,50.0,70.0
20240309,24,7,2,4665,,0,0,0,0,0.02,0,,2,3,0.16,6.9,55.1
20240309,24,7,3,4497,,0,0,0,0,0.07,0,,4,5,0.16,14.6,68.2
20240309,24,7,4,3304,,0,0,0,0,0.03,0,,3,4,0.16,8.7,52.6
20240309,24,7,5,4268,,0,0,0,0,0.01,0,,1,2,0.16,8.3,29.1
20240309,24,7,6,5167,,0,0,0,0,0.14,0,,5,6,0.14,3.7,14.8
20240309,24,8,1,4788,,0,0,0,0,0.01,0,,1,1,0.16,54.1,91.6
20240309,24,8,2,4925,,0,0,0,0,0.06,0,,2,2,0.15,13.1,36.8
20240309,24,8,3,3945,,0,0,0,0,0.18,0,,4,4,0.2,6.6,46.6
20240309,24,8,4,3265,,0,0,0,0,0.01,0,,1,1,0.0,0.0,0.0
20240309,24,8,5,4608,,0,0,0,0,0.07,0,,3,3,0.14,12.5,52.0
20240309,24,8,6,4004,,0,0,0,0,0.2,0,,5,5,0.2,8.7,17.3
20240309,24,9,1,3898,,0,0,0,0,0.11,0,,4,6,0.13,70.7,97.5
20240309,24,9,2,4299,,0,0,0,0,0.01,0,,3,5,0.15,3.5,50.0
20240309,24,9,3,3574,,0,0,0,0,,1,0.04,5,1,0.16,10.0,46.0
20240309,24,9,4,4654,,0,0,0,0,,1,0.09,5,2,0.16,11.4,68.5
20240309,24,9,5,4389,,0,0,0,0,0.0011,0,,1,3,0.17,6.3,40.4
20240309,24,9,6,5286,,0,0,0,0,0.0014000000000000002,0,,2,4,0.17,1.9,6.9
