hd,jcd,rno,lane,racer_id,st,tenji_st,course_avg_st,st_rank,power_lane
20240104,01,10,1,4177,0.14,0.09,0.16,3,2.798
20240104,01,10,2,3159,0.17,0.06,0.15,1,25.783
20240104,01,10,3,3740,0.12,0.13,0.14,5,9.039000000000001
20240104,01,10,4,5216,0.09,0.13,0.16,5,14.574
20240104,01,10,5,4888,0.1,0.08,0.17,2,3.54
20240104,01,10,6,4491,0.13,0.11,0.24,4,3.346
20240104,01,11,1,5141,0.01,0.09,0.13,1,19.18
20240104,01,11,2,3532,0.03,0.21,0.17,3,13.594999999999999
20240104,01,11,3,3475,0.16,0.3,0.18,5,3.57
20240104,01,11,4,4188,0.17,0.15,0.12,2,4.194
20240104,01,11,5,4887,0.21,0.39,0.12,6,429496732.758
20240104,01,11,6,3406,0.05,0.27,0.2,4,13.200999999999999
20240104,01,12,1,4362,0.1,0.0009,0.12,1,25.909
20240104,01,12,2,4238,0.16,0.11,0.15,2,14.841
20240104,01,12,3,4539,0.12,0.11,0.14,2,3.5460000000000003
20240104,01,12,4,3655,0.17,0.33,0.18,4,7.716999999999999
20240104,01,12,5,4305,0.11,0.19,0.16,3,3.7520000000000002
20240104,01,12,6,4420,0.09,0.19,0.17,3,3.842
20240104,01,1,1,4078,0.2,,0.18,1,2.356
20240104,01,1,2,3475,0.22,,0.18,1,3.9699999999999998
20240104,01,1,3,4407,0.17,,0.18,1,12.103
20240104,01,1,4,5006,0.21,,0.16,1,7.819000000000001
20240104,01,1,5,4645,0.1,,0.13,1,4.168
20240104,01,1,6,3619,0.22,,0.22,1,3.424
20240104,01,2,1,3419,0.08,0.09,0.17,3,2.462
20240104,01,2,2,4420,0.13,0.13,0.13,5,3.642
20240104,01,2,3,3532,0.1,0.14,0.15,6,429496742.895
20240104,01,2,4,3827,0.11,0.1,0.15,4,13.165
20240104,01,2,5,3659,0.08,0.06,0.16,2,25.497000000000003
20240104,01,2,6,5313,0.09,0.02,0.12,1,21.925
20240104,01,3,1,3790,0.15,,0.15,1,3.238
20240104,01,3,2,4539,0.16,,0.16,1,3.646
20240104,01,3,3,5090,0.16,,0.17,1,8.047
20240104,01,3,4,3406,0.17,,0.18,1,13.501
20240104,01,3,5,5301,0.17,,0.21,1,1.798
20240104,01,3,6,3159,0.14,,0.0,1,25.783
20240104,01,4,1,3482,0.29,0.04,0.15,5,28.340999999999998
20240104,01,4,2,3889,0.26,0.0002,0.17,2,2.6879999999999997
20240104,01,4,3,3850,0.09,0.0001,0.16,1,3.274
20240104,01,4,4,5141,0.07,0.001,0.12,4,18.880000000000003
20240104,01,4,5,5065,0.15,0.0002,0.12,2,3.1500000000000004
20240104,01,4,6,4238,0.14,0.0003,0.18,3,14.740999999999998
20240104,01,5,1,4887,0.39,0.01,0.13,2,3.558
20240104,01,5,2,3653,0.26,0.52,0.19,6,429496737.603
20240104,01,5,3,4362,0.18,0.07,0.14,4,25.609
20240104,01,5,4,5150,0.22,0.0005,0.16,1,3.346
20240104,01,5,5,3619,0.26,0.02,0.2,3,3.224
20240104,01,5,6,3740,0.21,0.09,0.16,5,9.039000000000001
20240104,01,6,1,4305,0.07,0.07,0.15,1,3.952
20240104,01,6,2,3827,0.11,0.24,0.16,6,429496742.565
20240104,01,6,3,3441,0.04,0.17,0.16,5,7.641
20240104,01,6,4,4078,0.11,0.11,0.18,4,2.0559999999999996
20240104,01,6,5,3652,0.13,0.08,0.21,2,7.425
20240104,01,6,6,4113,0.13,0.09,0.18,3,15.733999999999998
20240104,01,7,1,3655,0.29,0.05,0.17,2,7.916999999999999
20240104,01,7,2,3973,0.23,0.04,0.2,1,2.398
20240104,01,7,3,4188,0.18,0.06,0.12,3,4.094
20240104,01,7,4,3414,0.12,0.22,0.15,6,429496732.32
20240104,01,7,5,5313,0.16,0.19,0.0,5,21.525000000000002
20240104,01,7,6,5006,0.11,0.07,0.15,4,7.519
20240104,01,8,1,3659,0.17,0.09,0.15,2,25.497000000000003
20240104,01,8,2,4407,0.19,0.21,0.17,4,11.802999999999999
20240104,01,8,3,3970,0.18,0.09,0.18,2,3.0060000000000002
20240104,01,8,4,4550,0.16,0.07,0.14,1,11.695
20240104,01,8,5,4787,0.12,0.11,0.12,3,14.266999999999998
20240104,01,8,6,5301,0.17,0.21,0.19,4,1.498
20240104,01,9,1,5090,0.05,0.22,0.15,3,7.847
20240104,01,9,2,3686,0.13,0.09,0.15,2,18.78
20240104,01,9,3,4645,0.08,0.09,0.14,2,4.068
20240104,01,9,4,4486,0.17,0.23,0.15,4,20.98
20240104,01,9,5,3538,0.21,0.35,0.17,5,3.174
20240104,01,9,6,5065,0.12,0.04,0.11,1,3.25
20240104,02,10,1,4036,0.02,0.0002,0.13,1,18.522999999999996
20240104,02,10,2,5077,0.25,0.19,0.17,6,429496742.937
20240104,02,10,3,5191,0.08,0.02,0.15,5,12.851999999999999
20240104,02,10,4,5112,0.08,0.0005,0.13,2,18.654
20240104,02,10,5,4428,0.1,0.01,0.14,4,16.03
20240104,02,10,6,3952,0.08,0.0008,0.13,3,14.656999999999996
20240104,02,11,1,4505,0.13,0.11,0.14,5,12.681
20240104,02,11,2,4528,0.16,0.04,0.15,2,15.933
20240104,02,11,3,5066,0.17,0.02,0.12,1,14.821
20240104,02,11,4,3793,0.08,0.06,0.16,3,12.130999999999998
20240104,02,11,5,3075,0.21,0.15,0.14,6,429496742.604
20240104,02,11,6,5051,0.2,0.09,0.19,4,13.539999999999997
20240104,02,12,1,4547,0.09,0.02,0.13,2,18.891
20240104,02,12,2,4809,0.08,0.05,0.17,3,13.222999999999999
20240104,02,12,3,3412,0.09,0.06,0.18,4,16.078
20240104,02,12,4,5005,0.06,0.01,0.12,1,16.275999999999996
20240104,02,12,5,4159,0.15,0.21,0.21,5,13.116
20240104,02,12,6,4191,0.13,0.06,0.18,4,12.342999999999998
20240104,02,1,1,3353,0.08,0.0008,0.17,2,13.794
20240104,02,1,2,4488,0.16,0.02,0.16,3,15.973999999999998
20240104,02,1,3,5132,0.14,0.03,0.15,4,12.786999999999999
20240104,02,1,4,5066,0.09,0.07,0.12,5,14.421
20240104,02,1,5,3445,0.15,0.12,0.18,6,429496741.527
20240104,02,1,6,3583,0.17,0.0004,0.17,1,13.806999999999999
20240104,02,2,1,3748,0.12,0.13,0.16,6,429496742.799
20240104,02,2,2,3589,0.14,0.06,0.17,5,13.544999999999998
20240104,02,2,3,4230,0.11,0.0001,0.12,1,11.895999999999999
20240104,02,2,4,4090,0.1,0.0005,0.13,3,18.665
20240104,02,2,5,5259,0.17,0.0004,0.19,2,10.773
20240104,02,2,6,4159,0.18,0.0006,0.21,4,13.216
20240104,02,3,1,3503,0.17,0.22,0.2,6,429496746.078
20240104,02,3,2,4091,0.12,0.0009,0.17,1,12.643
20240104,02,3,3,5051,0.08,0.0013,0.16,3,13.639999999999997
20240104,02,3,4,3381,0.07,0.0021,0.14,5,14.013
20240104,02,3,5,3319,0.07,0.0012,0.16,2,19.377
20240104,02,3,6,5005,0.13,0.0015,0.15,4,15.975999999999997
20240104,02,4,1,4973,0.16,0.12,0.18,2,13.8
20240104,02,4,2,3412,0.24,0.08,0.18,1,16.378
20240104,02,4,3,5077,0.39,0.13,0.17,3,13.636999999999999
20240104,02,4,4,4505,0.21,0.22,0.14,5,12.681
20240104,02,4,5,3251,0.32,0.15,0.19,4,11.914
20240104,02,4,6,4144,,,0.16,6,429496745.046
20240104,02,5,1,4037,0.05,0.08,0.14,2,16.581000000000003
20240104,02,5,2,4836,0.14,0.13,0.17,5,16.467
20240104,02,5,3,3793,0.09,0.09,0.14,3,12.130999999999998
20240104,02,5,4,4547,0.06,0.01,0.16,1,18.990999999999996
20240104,02,5,5,3664,0.09,0.11,0.19,4,14.647
20240104,02,5,6,3696,0.18,0.36,0.23,6,429496743.321
20240104,02,6,1,4809,0.11,0.02,0.14,5,13.023
20240104,02,6,2,3807,0.13,0.07,0.18,6,429496743.87
20240104,02,6,3,4700,0.09,0.0001,0.17,1,14.02
20240104,02,6,4,3992,0.13,0.0006,0.15,3,12.895999999999999
20240104,02,6,5,4528,0.12,0.0008,0.14,4,15.732999999999999
20240104,02,6,6,4428,0.11,0.0003,0.14,2,16.23
20240104,02,7,1,5042,0.16,0.001,0.14,1,12.973
20240104,02,7,2,3503,0.23,0.04,0.17,3,16.778
20240104,02,7,3,3353,0.11,0.03,0.18,2,13.794
20240104,02,7,4,3075,0.17,0.21,0.17,5,13.104
20240104,02,7,5,3880,0.2,0.09,0.18,4,13.840000000000002
20240104,02,7,6,5315,0.22,0.03,0.21,2,11.67
20240104,02,8,1,3251,0.15,0.0004,0.19,2,12.114
20240104,02,8,2,4191,0.09,0.0001,0.14,1,12.642999999999999
20240104,02,8,3,3583,0.24,0.01,0.2,3,13.606999999999998
20240104,02,8,4,3748,0.17,0.21,0.15,4,13.399000000000001
20240104,02,8,5,3629,0.1,0.29,0.11,6,429496743.315
20240104,02,8,6,4532,0.11,0.25,0.15,5,12.243
20240104,02,9,1,5132,0.02,0.17,0.15,5,12.687
20240104,02,9,2,4973,0.04,0.11,0.17,3,13.7
20240104,02,9,3,4090,0.01,0.08,0.11,2,18.765
20240104,02,9,4,4091,0.04,0.23,0.19,6,429496741.743
20240104,02,9,5,3983,0.05,0.15,0.15,4,15.435999999999998
20240104,02,9,6,4109,0.07,0.02,0.15,1,18.483999999999998
20240104,03,10,1,4748,0.22,0.01,0.16,1,14.761
20240104,03,10,2,4641,0.31,0.14,0.15,3,15.994999999999997
20240104,03,10,3,3303,0.34,0.13,0.18,2,18.465
20240104,03,10,4,4095,0.3,0.51,0.14,6,429496739.406
20240104,03,10,5,3569,0.35,0.15,0.21,4,12.265
20240104,03,10,6,4077,0.41,0.22,0.2,5,9.986999999999998
20240104,03,11,1,4598,0.24,0.18,0.15,4,13.365999999999998
20240104,03,11,2,3716,0.2,0.33,0.13,6,429496744.29
20240104,03,11,3,3888,0.17,0.24,0.15,5,16.968
20240104,03,11,4,3141,0.23,0.13,0.19,3,11.39
20240104,03,11,5,3808,0.19,0.09,0.17,2,16.539
20240104,03,11,6,3277,0.19,0.06,0.17,1,14.539000000000001
20240104,03,12,1,3940,0.18,0.18,0.13,4,13.138
20240104,03,12,2,4660,0.21,0.21,0.21,5,10.184999999999999
20240104,03,12,3,4608,0.17,0.16,0.17,3,16.538
20240104,03,12,4,4928,0.13,0.07,0.14,1,17.412999999999997
20240104,03,12,5,5007,0.14,0.14,0.19,2,14.34
20240104,03,12,6,4258,0.19,0.27,0.19,6,429496743.477
20240104,03,1,1,4883,0.03,0.03,0.12,3,15.088999999999999
20240104,03,1,2,3808,0.06,0.09,0.16,5,16.239
20240104,03,1,3,4780,0.11,0.05,0.19,4,13.209999999999999
20240104,03,1,4,4875,0.15,0.0002,0.19,1,11.515
20240104,03,1,5,4619,0.21,0.0004,0.21,2,16.776
20240104,03,1,6,4211,0.12,0.0002,0.18,1,14.431000000000001
20240104,03,2,1,5044,0.12,0.06,0.17,2,11.328
20240104,03,2,2,4145,0.19,0.08,0.27,3,9.070999999999998
20240104,03,2,3,3105,0.14,0.03,0.17,1,14.758000000000001
20240104,03,2,4,3277,0.15,0.03,0.17,1,14.539000000000001
20240104,03,2,5,4945,0.15,0.39,0.16,4,14.589999999999998
20240104,03,2,6,4641,0.24,0.06,0.2,2,16.095
20240104,03,3,1,4954,0.09,0.48,0.17,6,429496747.329
20240104,03,3,2,3303,0.15,0.19,0.18,2,18.465
20240104,03,3,3,4898,0.13,0.21,0.14,3,10.589
20240104,03,3,4,3565,0.12,0.31,0.19,4,11.635
20240104,03,3,5,3940,0.13,0.14,0.15,1,13.438
20240104,03,3,6,5103,0.25,0.33,0.17,5,10.176
20240104,03,4,1,5070,0.14,0.26,0.18,6,429496743.258
20240104,03,4,2,3888,0.18,0.09,0.15,4,17.068
20240104,03,4,3,4077,0.14,0.04,0.16,3,10.186999999999998
20240104,03,4,4,4660,0.23,0.13,0.19,5,10.184999999999999
20240104,03,4,5,4976,0.25,0.0003,0.19,2,15.258
20240104,03,4,6,4430,0.28,0.0001,0.19,1,15.226
20240104,03,5,1,3517,0.29,0.11,0.14,2,8.937000000000001
20240104,03,5,2,4258,0.28,0.23,0.2,6,429496743.477
20240104,03,5,3,4748,0.28,0.22,0.16,5,14.360999999999999
20240104,03,5,4,4619,0.35,0.12,0.19,3,16.676
20240104,03,5,5,4169,0.33,0.05,0.17,1,10.951
20240104,03,5,6,3716,0.31,0.13,0.14,4,14.889999999999999
20240104,03,6,1,5007,0.27,0.32,0.18,6,429496743.54
20240104,03,6,2,4211,0.23,0.27,0.18,5,14.031
20240104,03,6,3,5044,0.19,0.05,0.15,1,11.427999999999999
20240104,03,6,4,5279,0.27,0.06,0.13,2,10.116
20240104,03,6,5,4095,0.28,0.16,0.14,3,10.105999999999998
20240104,03,6,6,4723,0.26,0.26,0.19,4,16.969
20240104,03,7,1,3141,0.21,,0.17,1,11.590000000000002
20240104,03,7,2,4928,0.24,,0.15,1,17.412999999999997
20240104,03,7,3,4954,0.38,,0.14,1,18.229
20240104,03,7,4,3105,0.21,,0.16,1,14.758000000000001
20240104,03,7,5,4780,0.27,,0.17,1,13.51
20240104,03,7,6,4728,0.22,,0.19,1,16.078
20240104,03,8,1,4875,0.17,0.08,0.15,2,11.415000000000001
20240104,03,8,2,4335,0.18,0.01,0.12,1,13.771000000000003
20240104,03,8,3,4945,0.22,0.21,0.15,4,14.589999999999998
20240104,03,8,4,5070,0.28,0.08,0.16,2,14.058
20240104,03,8,5,4608,0.37,0.12,0.14,3,16.538
20240104,03,8,6,3565,0.42,0.22,0.19,5,11.535
20240104,03,9,1,4432,0.25,0.27,0.17,3,14.177
20240104,03,9,2,4430,0.18,0.26,0.18,2,15.126000000000001
20240104,03,9,3,3517,0.13,0.34,0.16,5,8.637
20240104,03,9,4,4898,0.21,0.21,0.13,1,10.789000000000001
20240104,03,9,5,4145,0.27,0.29,0.26,4,8.970999999999998
20240104,03,9,6,4318,0.17,0.29,0.15,4,11.35
20240104,04,10,1,4575,0.09,0.08,0.15,1,15.184000000000001
20240104,04,10,2,3072,0.15,0.17,0.15,3,14.084
20240104,04,10,3,3902,0.18,0.18,0.19,4,14.286999999999997
20240104,04,10,4,2538,0.47,0.33,0.2,6,429496742.28
20240104,04,10,5,4465,0.3,0.16,0.19,2,17.325
20240104,04,10,6,3805,0.25,0.2,0.14,5,13.26
20240104,04,11,1,4759,0.09,0.09,0.16,4,14.706999999999997
20240104,04,11,2,4140,0.16,0.02,0.15,2,16.080000000000002
20240104,04,11,3,4895,0.21,0.01,0.13,1,13.414
20240104,04,11,4,4245,0.16,0.08,0.17,3,15.542
20240104,04,11,5,4345,0.14,0.1,0.16,5,12.506999999999998
20240104,04,11,6,4085,0.22,0.17,0.25,6,429496743.75
20240104,04,12,1,4266,0.13,0.07,0.12,4,15.682
20240104,04,12,2,3792,0.2,0.01,0.18,2,19.892999999999997
20240104,04,12,3,4379,0.17,0.0001,0.14,1,18.61
20240104,04,12,4,3227,0.17,0.05,0.14,3,15.070999999999998
20240104,04,12,5,3385,0.19,0.12,0.18,5,15.936
20240104,04,12,6,4401,0.16,0.07,0.16,4,12.847
20240104,04,1,1,2538,0.23,0.0014000000000000002,0.2,2,13.080000000000002
20240104,04,1,2,4245,0.19,0.0015,0.19,3,15.542
20240104,04,1,3,4083,0.17,0.05,0.16,5,18.317999999999998
20240104,04,1,4,4438,0.19,0.01,0.12,4,15.144999999999998
20240104,04,1,5,4792,0.08,0.01,0.18,4,15.723999999999998
20240104,04,1,6,5331,0.08,0.0007000000000000001,0.19,1,11.338000000000001
20240104,04,2,1,5201,0.11,0.001,0.12,3,12.451999999999998
20240104,04,2,2,3902,0.15,0.0006,0.19,2,14.486999999999998
20240104,04,2,3,3385,0.13,0.02,0.14,5,15.936
20240104,04,2,4,3293,0.15,0.01,0.23,4,15.783999999999999
20240104,04,2,5,4085,0.17,0.03,0.22,6,429496743.75
20240104,04,2,6,4911,0.1,0.0004,0.15,1,10.42
20240104,04,3,1,3347,0.47,,0.16,1,16.165
20240104,04,3,2,4702,0.6,,0.14,1,14.83
20240104,04,3,3,3792,0.65,,0.2,1,19.992999999999995
20240104,04,3,4,4759,0.39,,0.19,1,15.006999999999998
20240104,04,3,5,3313,0.38,,0.2,1,14.851
20240104,04,3,6,3857,0.37,,0.2,1,11.742999999999999
20240104,04,4,1,4779,,,0.15,5,12.125999999999998
20240104,04,4,2,4560,0.1,0.18,0.13,4,13.342
20240104,04,4,3,4274,0.16,0.12,0.17,3,12.994999999999997
20240104,04,4,4,4575,0.14,0.01,0.11,1,15.184000000000001
20240104,04,4,5,3227,0.24,0.12,0.15,3,15.070999999999998
20240104,04,4,6,4895,0.23,0.05,0.16,2,13.314
20240104,04,5,1,3641,0.21,0.0002,0.17,2,14.676000000000002
20240104,04,5,2,4465,0.26,0.11,0.19,6,429496746.525
20240104,04,5,3,4815,0.2,0.09,0.19,5,12.453
20240104,04,5,4,4345,0.21,0.05,0.15,4,12.606999999999998
20240104,04,5,5,5331,0.3,0.0008,0.0,3,11.138
20240104,04,5,6,5133,0.29,0.0001,0.19,1,13.195
20240104,04,6,1,3072,0.21,0.17,0.15,5,13.884
20240104,04,6,2,4379,0.35,0.01,0.15,2,18.51
20240104,04,6,3,3293,0.26,0.02,0.21,3,15.883999999999999
20240104,04,6,4,4813,0.33,0.1,0.18,4,15.489999999999998
20240104,04,6,5,4769,0.22,0.02,0.13,3,15.343999999999998
20240104,04,6,6,4140,0.25,0.001,0.15,1,16.18
20240104,04,7,1,5063,0.13,,0.2,1,9.844
20240104,04,7,2,4401,0.16,,0.15,1,13.147
20240104,04,7,3,4059,0.22,,0.16,1,14.235999999999999
20240104,04,7,4,4615,0.21,,0.19,1,12.357999999999999
20240104,04,7,5,4468,0.16,,0.13,1,15.106
20240104,04,7,6,4792,0.2,,0.2,1,16.023999999999997
20240104,04,8,1,4083,0.03,0.01,0.12,2,18.618
20240104,04,8,2,3313,0.02,0.0001,0.16,1,14.851
20240104,04,8,3,4152,0.05,0.14,0.17,5,13.41
20240104,04,8,4,4266,0.04,0.02,0.15,3,15.782
20240104,04,8,5,5023,0.01,0.02,0.18,3,12.370999999999999
20240104,04,8,6,3505,0.05,0.04,0.14,4,12.540999999999999
20240104,04,9,1,4438,0.24,,0.16,1,15.444999999999999
20240104,04,9,2,4274,0.29,,0.18,1,13.194999999999999
20240104,04,9,3,5201,0.25,,0.17,1,12.652
20240104,04,9,4,3347,0.22,,0.17,1,16.165
20240104,04,9,5,3641,0.23,,0.17,1,14.776000000000002
20240104,04,9,6,4075,0.29,,0.15,1,13.987
20240104,05,10,1,3966,0.16,0.03,0.16,4,15.211
20240104,05,10,2,4540,0.08,0.12,0.12,5,18.54
20240104,05,10,3,4031,0.19,0.16,0.17,6,429496744.872
20240104,05,10,4,3647,0.09,0.0012,0.18,3,12.383
20240104,05,10,5,4035,0.12,0.0004,0.21,2,14.427
20240104,05,10,6,3681,0.08,0.0003,0.17,1,14.92
20240104,05,11,1,3613,0.03,,0.15,1,12.7
20240104,05,11,2,4114,0.02,,0.2,1,15.742
20240104,05,11,3,3463,0.07,,0.17,1,12.805000000000001
20240104,05,11,4,4233,0.03,,0.15,1,15.148000000000001
20240104,05,11,5,5220,0.12,,0.16,1,15.795999999999998
20240104,05,11,6,3848,0.01,,0.17,1,16.09
20240104,05,12,1,3256,0.09,,0.13,1,15.511000000000001
20240104,05,12,2,4201,0.15,,0.16,1,11.703999999999999
20240104,05,12,3,3546,0.24,,0.16,1,12.589
20240104,05,12,4,4953,0.21,,0.16,1,15.339999999999998
20240104,05,12,5,4535,0.22,,0.14,1,15.958
20240104,05,12,6,3860,0.32,,0.22,1,11.290000000000001
20240104,05,1,1,4114,0.12,0.0014000000000000002,0.16,5,15.342
20240104,05,1,2,4110,0.17,0.0002,0.15,1,15.763
20240104,05,1,3,4053,0.17,0.0004,0.15,3,13.994
20240104,05,1,4,4573,0.07,0.0007000000000000001,0.13,4,13.72
20240104,05,1,5,3602,0.09,0.07,0.18,6,429496742.262
20240104,05,1,6,4035,0.13,0.0003,0.2,2,14.427
20240104,05,2,1,5035,0.29,,0.17,1,13.863999999999999
20240104,05,2,2,3613,0.26,,0.14,1,12.7
20240104,05,2,3,5087,0.29,,0.18,1,13.677999999999999
20240104,05,2,4,4103,0.27,,0.22,1,14.364999999999998
20240104,05,2,5,4496,0.2,,0.14,1,12.784
20240104,05,2,6,4031,0.27,,0.17,1,15.772
20240104,05,3,1,3647,0.11,0.15,0.17,4,12.283
20240104,05,3,2,4233,0.08,0.07,0.14,2,15.048000000000002
20240104,05,3,3,4201,0.04,0.07,0.13,2,11.604
20240104,05,3,4,3978,0.07,0.04,0.14,1,14.824
20240104,05,3,5,5169,0.02,0.08,0.18,3,10.930999999999997
20240104,05,3,6,5290,0.07,0.08,0.19,3,11.897
20240104,05,4,1,3533,0.15,0.06,0.16,2,14.916
20240104,05,4,2,3590,0.11,0.16,0.15,5,15.809999999999999
20240104,05,4,3,4527,0.14,0.09,0.17,4,11.689
20240104,05,4,4,4540,0.11,0.0003,0.11,1,18.939999999999998
20240104,05,4,5,5167,0.07,0.08,0.13,3,12.067999999999998
20240104,05,4,6,3546,0.09,0.0003,0.18,1,12.589
20240104,05,5,1,3377,0.17,0.0003,0.2,2,16.194
20240104,05,5,2,5220,0.17,0.09,0.19,4,15.495999999999997
20240104,05,5,3,4175,0.15,0.11,0.16,5,14.556
20240104,05,5,4,3256,0.09,0.12,0.14,6,429496744.611
20240104,05,5,5,3681,0.16,0.0001,0.16,1,14.92
20240104,05,5,6,5292,0.23,0.02,0.24,3,14.257999999999997
20240104,05,6,1,3602,0.17,0.06,0.18,5,12.762
20240104,05,6,2,4103,0.28,0.03,0.21,4,14.064999999999998
20240104,05,6,3,3966,0.24,0.0001,0.17,1,15.511000000000001
20240104,05,6,4,5147,0.09,0.01,0.13,2,17.199
20240104,05,6,5,3848,0.18,0.02,0.14,3,15.889999999999999
20240104,05,6,6,4535,0.16,0.03,0.15,4,15.658
20240104,05,7,1,5039,0.07,0.0001,0.15,1,14.629
20240104,05,7,2,3463,0.17,0.0012,0.18,2,12.705000000000002
20240104,05,7,3,4573,0.12,0.11,0.15,5,13.620000000000001
20240104,05,7,4,3860,0.16,0.03,0.19,4,10.99
20240104,05,7,5,5290,0.11,0.03,0.18,4,11.797
20240104,05,7,6,3772,0.13,0.02,0.19,3,14.521999999999998
20240104,05,8,1,4496,0.18,0.05,0.19,1,12.784
20240104,05,8,2,4953,0.17,0.28,0.15,5,14.939999999999998
20240104,05,8,3,3945,0.21,0.38,0.2,6,429496743.156
20240104,05,8,4,5167,0.11,0.09,0.13,3,12.067999999999998
20240104,05,8,5,3699,0.18,0.22,0.18,4,13.609
20240104,05,8,6,3978,0.16,0.06,0.16,2,14.724
20240104,05,9,1,5087,0.29,0.21,0.15,5,13.277999999999999
20240104,05,9,2,3863,0.18,0.05,0.14,1,12.493
20240104,05,9,3,3590,0.21,0.08,0.13,2,16.11
20240104,05,9,4,5169,0.21,0.11,0.21,4,10.830999999999998
20240104,05,9,5,4175,0.15,0.1,0.17,3,14.755999999999998
20240104,05,9,6,4110,0.16,0.25,0.18,6,429496744.863
20240104,07,10,1,4142,0.17,0.13,0.16,5,13.767
20240104,07,10,2,4570,0.16,0.21,0.14,6,429496743.681
20240104,07,10,3,4215,0.19,0.0003,0.14,2,12.153
20240104,07,10,4,5166,0.21,0.001,0.17,3,18.605
20240104,07,10,5,5127,0.23,0.0001,0.19,1,14.32
20240104,07,10,6,4442,0.24,0.01,0.18,4,12.456999999999999
20240104,07,11,1,5068,0.18,0.0018,0.13,5,13.100999999999999
20240104,07,11,2,4509,0.12,0.0005,0.19,2,14.309999999999999
20240104,07,11,3,3957,0.11,0.01,0.19,6,429496743.054
20240104,07,11,4,3687,0.15,0.0011,0.18,4,15.424
20240104,07,11,5,4786,0.07,0.0002,0.12,1,15.244
20240104,07,11,6,3946,0.12,0.0008,0.18,3,16.855999999999998
20240104,07,12,1,4139,0.05,0.08,0.14,5,16.518
20240104,07,12,2,4850,0.08,0.07,0.11,4,16.378
20240104,07,12,3,3988,0.09,0.06,0.15,3,15.067999999999998
20240104,07,12,4,4067,0.14,0.0002,0.14,1,16.741
20240104,07,12,5,4337,0.14,0.0002,0.15,1,16.3
20240104,07,12,6,4604,0.13,0.0004,0.16,2,17.288999999999998
20240104,07,1,1,3831,0.12,0.05,0.15,2,13.731
20240104,07,1,2,4442,0.18,0.07,0.16,3,12.556999999999999
20240104,07,1,3,4231,0.19,0.11,0.19,4,11.806
20240104,07,1,4,4663,0.19,0.18,0.16,6,429496742.637
20240104,07,1,5,4129,0.18,0.03,0.16,1,13.557999999999998
20240104,07,1,6,3921,0.21,0.15,0.21,5,14.187
20240104,07,2,1,4943,0.15,0.11,0.16,5,12.201
20240104,07,2,2,4199,0.09,0.0003,0.14,2,13.443000000000001
20240104,07,2,3,5232,0.07,0.0001,0.17,1,12.688
20240104,07,2,4,4369,0.13,0.07,0.15,4,14.119
20240104,07,2,5,4626,0.17,0.0003,0.2,2,14.844000000000001
20240104,07,2,6,4056,0.13,0.03,0.18,3,11.521999999999998
20240104,07,3,1,5252,0.26,0.0002,0.15,1,20.047
20240104,07,3,2,5127,0.17,0.0016,0.22,4,14.02
20240104,07,3,3,4435,0.13,0.11,0.15,5,13.382999999999997
20240104,07,3,4,4215,0.15,0.0015,0.16,3,12.052999999999999
20240104,07,3,5,4526,0.13,0.0005,0.13,2,13.983
20240104,07,3,6,5114,0.2,0.0002,0.18,1,14.896
20240104,07,4,1,5137,0.18,0.05,0.14,5,12.891
20240104,07,4,2,3621,0.19,0.0001,0.17,1,16.974999999999998
20240104,07,4,3,5166,0.29,0.0009,0.16,2,18.705000000000002
20240104,07,4,4,4269,0.15,0.01,0.15,4,19.417
20240104,07,4,5,4910,0.22,0.0018,0.15,3,15.35
20240104,07,4,6,4914,0.16,0.08,0.15,6,429496744.548
20240104,07,5,1,4080,,0.08,0.15,4,13.803999999999998
20240104,07,5,2,3687,0.18,0.03,0.16,2,15.624
20240104,07,5,3,4276,0.12,0.02,0.15,1,17.913999999999998
20240104,07,5,4,4142,0.15,0.04,0.18,3,13.966999999999999
20240104,07,5,5,4118,0.13,0.1,0.14,5,14.084999999999997
20240104,07,5,6,3455,0.27,0.2,0.2,6,429496741.704
20240104,07,6,1,3957,0.12,0.03,0.19,4,13.653999999999998
20240104,07,6,2,3946,0.08,0.04,0.16,5,16.656
20240104,07,6,3,3831,0.09,0.24,0.14,6,429496742.931
20240104,07,6,4,4570,0.09,0.01,0.14,3,14.380999999999997
20240104,07,6,5,4369,0.09,0.0004,0.14,1,14.419
20240104,07,6,6,4663,0.15,0.0005,0.21,2,13.437
20240104,07,7,1,4526,0.09,,0.13,1,14.083
20240104,07,7,2,4943,0.17,,0.15,1,12.601
20240104,07,7,3,4509,0.1,,0.15,1,14.409999999999998
20240104,07,7,4,5068,0.12,,0.15,1,13.501
20240104,07,7,5,4231,0.18,,0.19,1,12.106
20240104,07,7,6,5232,0.19,,0.16,1,12.688
20240104,07,8,1,4786,0.19,0.2,0.13,4,14.943999999999999
20240104,07,8,2,5137,0.11,0.22,0.17,5,12.891
20240104,07,8,3,5252,0.16,0.36,0.21,6,429496749.147
20240104,07,8,4,4626,0.16,0.01,0.14,2,14.844000000000001
20240104,07,8,5,3621,0.18,0.03,0.17,3,16.775
20240104,07,8,6,4960,0.17,0.0001,0.15,1,14.263
20240104,07,9,1,4118,0.13,0.0001,0.12,1,14.484999999999998
20240104,07,9,2,4435,0.14,0.17,0.15,5,13.382999999999997
20240104,07,9,3,4199,0.14,0.01,0.13,3,13.343
20240104,07,9,4,4129,0.16,0.16,0.18,4,13.257999999999997
20240104,07,9,5,4269,0.12,0.0001,0.16,1,19.717
20240104,07,9,6,4910,0.16,0.0005,0.18,2,15.450000000000001
20240104,08,10,1,4903,0.09,0.01,0.15,1,24.085
20240104,08,10,2,4298,0.12,0.17,0.15,4,16.954
20240104,08,10,3,4752,0.18,0.12,0.14,2,7.719
20240104,08,10,4,4706,0.22,0.13,0.16,3,25.397
20240104,08,10,5,3637,0.22,0.2,0.18,5,14.823
20240104,08,10,6,3967,0.26,0.28,0.21,6,429496737.837
20240104,08,11,1,4084,0.18,0.0006,0.16,2,16.068
20240104,08,11,2,4630,0.2,0.0,0.15,1,23.593
20240104,08,11,3,3554,0.16,0.06,0.18,3,20.249
20240104,08,11,4,4516,0.14,0.11,0.16,5,19.259999999999998
20240104,08,11,5,4483,0.12,0.08,0.14,4,12.582999999999998
20240104,08,11,6,3713,0.31,0.06,0.12,3,3.7880000000000003
20240104,08,12,1,4586,0.09,0.1,0.12,3,16.58
20240104,08,12,2,4074,0.08,0.12,0.14,4,12.769
20240104,08,12,3,4983,0.15,0.2,0.16,5,18.792
20240104,08,12,4,5089,0.24,0.03,0.17,2,12.753
20240104,08,12,5,4228,0.2,0.1,0.17,3,22.903999999999996
20240104,08,12,6,4409,0.16,0.01,0.18,1,4.21
20240104,08,1,1,3776,0.22,,0.18,1,11.227
20240104,08,1,2,5178,0.22,,0.23,1,1.948
20240104,08,1,3,4785,0.16,,0.17,1,17.878
20240104,08,1,4,3519,0.22,,0.15,1,3.142
20240104,08,1,5,5074,0.27,,0.15,1,21.22
20240104,08,1,6,5319,0.18,,0.22,1,13.674999999999999
20240104,08,2,1,4565,0.17,0.03,0.17,5,15.423
20240104,08,2,2,4516,0.17,0.0005,0.16,1,19.659999999999997
20240104,08,2,3,5190,0.17,0.0013,0.16,4,7.285
20240104,08,2,4,3637,0.29,0.0007000000000000001,0.16,2,15.123000000000001
20240104,08,2,5,4161,0.19,0.03,0.14,5,14.754
20240104,08,2,6,5125,0.26,0.0009,0.18,3,15.337999999999997
20240104,08,3,1,4298,0.09,0.0012,0.15,3,17.054
20240104,08,3,2,4676,0.12,0.0012,0.15,3,10.892
20240104,08,3,3,5033,0.12,0.0004,0.15,2,20.814
20240104,08,3,4,4650,0.11,0.06,0.14,5,3.6959999999999997
20240104,08,3,5,5197,0.19,0.0002,0.16,1,20.866
20240104,08,3,6,5245,0.18,0.05,0.15,4,10.447
20240104,08,4,1,4453,0.06,0.0007000000000000001,0.15,2,14.687999999999999
20240104,08,4,2,4483,0.04,0.02,0.14,4,12.582999999999998
20240104,08,4,3,4706,0.25,0.003,0.17,3,25.397
20240104,08,4,4,4752,0.08,0.14,0.14,5,7.4190000000000005
20240104,08,4,5,4681,0.04,0.0003,0.17,1,15.106
20240104,08,4,6,5318,0.05,0.0003,0.2,1,8.59
20240104,08,5,1,4630,0.09,0.0001,0.16,2,23.493000000000002
20240104,08,5,2,4863,0.09,0.0002,0.12,3,11.620999999999999
20240104,08,5,3,3776,0.11,0.0001,0.19,2,11.127
20240104,08,5,4,3554,0.11,0.0,0.2,1,20.448999999999998
20240104,08,5,5,4062,0.11,0.0004,0.18,4,16.231
20240104,08,5,6,5321,0.13,0.0014000000000000002,0.22,5,1.116
20240104,08,6,1,3967,0.19,0.1,0.17,4,8.437
20240104,08,6,2,3713,0.16,0.08,0.14,3,3.7880000000000003
20240104,08,6,3,4565,0.24,0.07,0.14,2,15.723
20240104,08,6,4,4903,0.04,0.08,0.17,3,23.885
20240104,08,6,5,5319,0.16,0.01,0.0,1,13.674999999999999
20240104,08,6,6,3895,0.08,0.13,0.16,5,10.947000000000001
20240104,08,7,1,3519,0.23,0.0013,0.15,3,2.942
20240104,08,7,2,5125,0.24,0.0005,0.17,2,15.437999999999999
20240104,08,7,3,4084,0.18,0.18,0.14,6,429496745.268
20240104,08,7,4,5178,0.2,0.05,0.22,5,1.548
20240104,08,7,5,4676,0.2,0.0,0.19,1,11.092
20240104,08,7,6,3467,0.15,0.02,0.18,4,17.644000000000002
20240104,08,8,1,4650,0.06,0.0001,0.13,1,4.096
20240104,08,8,2,4681,0.11,0.09,0.18,3,14.905999999999999
20240104,08,8,3,4453,0.1,0.14,0.14,5,14.387999999999998
20240104,08,8,4,4785,0.14,0.0002,0.17,2,17.778000000000002
20240104,08,8,5,5033,0.2,0.11,0.19,4,20.614
20240104,08,8,6,5190,0.25,0.24,0.2,6,429496736.685
20240104,08,9,1,4161,0.15,0.08,0.16,1,15.154
20240104,08,9,2,5197,0.12,0.26,0.16,4,20.566000000000003
20240104,08,9,3,4863,0.21,0.16,0.14,2,11.721
20240104,08,9,4,4062,0.18,0.28,0.17,5,16.131
20240104,08,9,5,5318,0.35,0.25,0.0,3,8.389999999999999
20240104,08,9,6,3941,0.17,0.16,0.13,2,12.846
20240104,09,10,1,3842,0.25,0.07,0.15,4,16.474
20240104,09,10,2,3605,0.27,0.08,0.17,5,10.911
20240104,09,10,3,4104,0.24,0.02,0.13,3,5.516
20240104,09,10,4,4979,0.19,0.001,0.16,2,17.856
20240104,09,10,5,4568,0.14,0.0007000000000000001,0.15,1,19.185999999999996
20240104,09,10,6,4293,0.18,0.08,0.16,5,19.203
20240104,09,11,1,4754,0.05,0.06,0.14,3,12.646999999999998
20240104,09,11,2,4796,0.16,0.02,0.14,2,14.775
20240104,09,11,3,3852,0.16,0.0005,0.16,1,13.981
20240104,09,11,4,4856,0.16,0.08,0.12,4,12.972999999999999
20240104,09,11,5,4431,0.22,0.1,0.18,5,16.122
20240104,09,11,6,4470,0.2,0.02,0.25,2,11.154
20240104,09,12,1,4926,0.07,0.09,0.13,2,21.828
20240104,09,12,2,4024,0.11,0.05,0.14,1,15.181
20240104,09,12,3,4797,0.14,0.22,0.15,3,22.951999999999998
20240104,09,12,4,4156,0.14,0.24,0.17,4,14.668
20240104,09,12,5,4688,0.14,0.27,0.13,5,8.235
20240104,09,12,6,4579,0.17,0.22,0.17,3,13.834999999999997
20240104,09,1,1,4856,0.16,0.21,0.14,6,429496742.373
20240104,09,1,2,5120,0.19,0.09,0.14,5,20.394
20240104,09,1,3,3812,0.26,0.04,0.15,4,20.194000000000003
20240104,09,1,4,4731,0.24,0.0008,0.14,2,18.312
20240104,09,1,5,4358,0.27,0.0002,0.21,1,20.398
20240104,09,1,6,3392,0.29,0.03,0.23,3,15.745999999999999
20240104,09,2,1,4618,0.21,0.2,0.16,5,3.1859999999999995
20240104,09,2,2,3981,0.22,0.01,0.17,2,20.898
20240104,09,2,3,3922,0.18,0.0001,0.19,1,21.387999999999998
20240104,09,2,4,4049,0.27,0.09,0.17,3,8.104999999999999
20240104,09,2,5,5128,0.21,0.19,0.18,4,1.942
20240104,09,2,6,5275,0.23,0.09,0.15,3,10.799
20240104,09,3,1,4431,0.32,0.02,0.13,4,16.222
20240104,09,3,2,5098,0.28,0.0003,0.17,2,2.9640000000000004
20240104,09,3,3,3934,0.28,0.001,0.16,3,21.23
20240104,09,3,4,3340,0.29,0.1,0.17,6,429496738.332
20240104,09,3,5,4181,0.31,0.08,0.21,5,15.605999999999998
20240104,09,3,6,3842,0.3,0.0001,0.22,1,16.773999999999997
20240104,09,4,1,3605,0.19,0.22,0.18,6,429496740.411
20240104,09,4,2,4104,0.16,0.15,0.16,4,5.4159999999999995
20240104,09,4,3,4016,0.17,0.16,0.15,5,16.602
20240104,09,4,4,3984,0.24,0.12,0.15,3,8.939
20240104,09,4,5,5130,0.31,0.07,0.18,1,13.774
20240104,09,4,6,5010,0.37,0.08,0.19,2,14.961
20240104,09,5,1,4796,0.17,0.12,0.13,3,14.674999999999999
20240104,09,5,2,4568,0.09,0.2,0.15,5,18.785999999999998
20240104,09,5,3,4988,0.27,0.23,0.16,6,429496740.945
20240104,09,5,4,3812,0.23,0.13,0.17,4,20.194000000000003
20240104,09,5,5,4466,0.12,0.07,0.17,2,30.564
20240104,09,5,6,5020,0.11,0.0007000000000000001,0.18,1,2.9739999999999998
20240104,09,6,1,4293,0.07,0.05,0.16,2,19.503
20240104,09,6,2,4979,0.1,0.16,0.16,5,17.556
20240104,09,6,3,4358,0.17,0.01,0.2,1,20.398
20240104,09,6,4,3392,0.21,0.05,0.17,2,15.846
20240104,09,6,5,3226,0.3,0.1,0.16,4,11.665
20240104,09,6,6,4754,0.24,0.09,0.16,3,12.646999999999998
20240104,09,7,1,4470,0.19,,0.15,1,11.254
20240104,09,7,2,3922,0.2,,0.17,1,21.387999999999998
20240104,09,7,3,4731,0.18,,0.14,1,18.412
20240104,09,7,4,5098,0.18,,0.12,1,3.064
20240104,09,7,5,3852,0.22,,0.17,1,13.981
20240104,09,7,6,4376,0.22,,0.2,1,14.683
20240104,09,8,1,4181,0.23,0.09,0.17,5,15.605999999999998
20240104,09,8,2,4016,0.25,0.02,0.15,2,16.902
20240104,09,8,3,3340,0.23,0.03,0.2,3,9.032
20240104,09,8,4,5120,0.27,0.04,0.16,4,20.494
20240104,09,8,5,5275,,,0.14,6,429496740.099
20240104,09,8,6,3931,0.16,0.0005,0.15,1,8.425
20240104,09,9,1,3984,0.19,0.18,0.14,4,8.839
20240104,09,9,2,4466,0.22,0.16,0.17,3,30.464
20240104,09,9,3,5130,0.27,0.2,0.19,5,13.373999999999999
20240104,09,9,4,3934,0.28,0.07,0.15,2,21.330000000000002
20240104,09,9,5,4049,0.29,0.06,0.21,1,8.305
20240104,09,9,6,5183,0.24,0.16,0.14,3,19.958
20240104,11,10,1,4649,0.11,0.0012,0.13,4,15.121
20240104,11,10,2,4384,0.12,0.001,0.16,3,14.239999999999998
20240104,11,10,3,5075,0.13,0.02,0.15,5,11.552999999999999
20240104,11,10,4,5017,0.14,0.09,0.11,6,429496745.334
20240104,11,10,5,4197,0.17,0.0009,0.19,2,11.847000000000001
20240104,11,10,6,3872,0.27,0.0008,0.21,1,14.773
20240104,11,11,1,4227,0.16,0.0009,0.14,4,14.694999999999999
20240104,11,11,2,4262,0.15,0.0009,0.11,4,14.031999999999998
20240104,11,11,3,3327,0.17,0.0015,0.16,5,10.854
20240104,11,11,4,5115,0.1,0.0006,0.15,3,13.619
20240104,11,11,5,3896,0.17,0.0005,0.13,2,14.526
20240104,11,11,6,4120,0.1,0.0004,0.17,1,11.974
20240104,11,12,1,4502,0.1,0.05,0.13,4,13.435
20240104,11,12,2,5050,0.01,0.0007000000000000001,0.17,2,13.128
20240104,11,12,3,3606,0.04,0.03,0.15,3,13.969999999999999
20240104,11,12,4,4137,0.06,0.2,0.14,5,16.2
20240104,11,12,5,4594,0.12,0.0,0.15,1,14.746
20240104,11,12,6,4761,0.16,0.03,0.18,3,14.309
20240104,11,1,1,3327,0.11,0.0002,0.14,1,11.254
20240104,11,1,2,4992,0.13,0.11,0.17,3,15.001999999999999
20240104,11,1,3,4941,0.19,0.19,0.22,5,10.991999999999999
20240104,11,1,4,4384,0.14,0.18,0.18,4,14.139999999999999
20240104,11,1,5,3963,0.14,0.24,0.17,6,429496742.253
20240104,11,1,6,4253,0.14,0.01,0.18,2,12.738
20240104,11,2,1,3896,0.41,0.01,0.14,2,14.526
20240104,11,2,2,5171,0.22,0.07,0.17,3,14.777
20240104,11,2,3,4388,0.2,0.08,0.15,4,16.798000000000002
20240104,11,2,4,3872,0.23,0.51,0.2,6,429496743.873
20240104,11,2,5,3507,0.42,0.0001,0.19,1,14.371
20240104,11,2,6,3362,0.4,0.14,0.0,5,14.213999999999999
20240104,11,3,1,5075,0.12,0.22,0.17,5,11.552999999999999
20240104,11,3,2,4743,0.11,0.28,0.15,6,429496748.709
20240104,11,3,3,3502,0.16,0.18,0.18,4,12.675999999999998
20240104,11,3,4,5050,0.25,0.12,0.15,3,13.027999999999999
20240104,11,3,5,3900,0.12,0.01,0.16,1,13.141
20240104,11,3,6,5294,0.17,0.02,0.19,2,11.949000000000002
20240104,11,4,1,3965,0.12,0.04,0.15,2,13.992
20240104,11,4,2,3161,0.11,0.07,0.18,4,10.084
20240104,11,4,3,5115,0.1,0.11,0.13,5,13.419
20240104,11,4,4,4146,0.16,0.17,0.16,6,429496742.106
20240104,11,4,5,4502,0.16,0.06,0.15,3,13.535
20240104,11,4,6,4197,0.26,0.03,0.24,1,11.947000000000001
20240104,11,5,1,4594,0.13,0.0006,0.12,1,14.746
20240104,11,5,2,5017,0.14,0.0011,0.12,2,16.134
20240104,11,5,3,4253,0.16,0.11,0.16,4,12.537999999999998
20240104,11,5,4,3915,0.22,0.31,0.2,6,429496745.22
20240104,11,5,5,4227,0.19,0.12,0.15,5,14.594999999999999
20240104,11,5,6,5323,0.27,0.1,0.18,3,9.568999999999999
20240104,11,6,1,4137,0.16,0.03,0.15,3,16.4
20240104,11,6,2,4120,0.12,0.0005,0.16,2,11.874
20240104,11,6,3,5171,0.12,0.0002,0.17,1,14.977
20240104,11,6,4,5229,0.17,0.09,0.14,5,10.971
20240104,11,6,5,4992,0.15,0.03,0.16,3,15.001999999999999
20240104,11,6,6,5157,0.15,0.05,0.25,4,10.516
20240104,11,7,1,4941,0.17,0.0006,0.2,3,11.191999999999998
20240104,11,7,2,3977,0.18,0.0001,0.15,1,15.828999999999999
20240104,11,7,3,3362,0.14,0.05,0.18,5,14.213999999999999
20240104,11,7,4,4761,0.14,0.0005,0.15,2,14.409
20240104,11,7,5,5294,0.24,0.01,0.2,4,11.749
20240104,11,7,6,4262,0.27,0.0001,0.15,1,14.331999999999999
20240104,11,8,1,3507,0.02,0.0008,0.14,2,14.271
20240104,11,8,2,3606,0.06,0.0004,0.14,1,14.17
20240104,11,8,3,3963,0.07,0.12,0.18,3,12.952999999999998
20240104,11,8,4,4012,0.15,0.25,0.14,6,429496741.839
20240104,11,8,5,3877,0.12,0.14,0.18,4,13.842999999999998
20240104,11,8,6,4743,0.14,0.19,0.17,5,19.209
20240104,11,9,1,4182,0.13,0.01,0.14,3,12.95
20240104,11,9,2,3915,0.2,0.04,0.2,5,15.719999999999999
20240104,11,9,3,3900,0.12,0.0005,0.18,2,13.041
20240104,11,9,4,4254,0.16,0.02,0.13,4,11.940999999999999
20240104,11,9,5,3161,0.22,0.0001,0.17,1,10.384
20240104,11,9,6,4388,0.18,0.02,0.16,4,16.798000000000002
20240104,12,10,1,4561,0.17,,0.18,1,13.675
20240104,12,10,2,4719,0.13,,0.14,1,18.198999999999998
20240104,12,10,3,5046,0.1,,0.15,1,13.002999999999998
20240104,12,10,4,4832,0.06,,0.13,1,14.062
20240104,12,10,5,3432,0.07,,0.19,1,16.392999999999997
20240104,12,10,6,4200,0.16,,0.16,1,14.412999999999998
20240104,12,11,1,4397,0.13,0.06,0.14,2,14.852999999999998
20240104,12,11,2,5267,0.17,0.11,0.11,3,14.975
20240104,12,11,3,3881,0.09,0.13,0.15,4,14.505999999999998
20240104,12,11,4,3557,0.12,0.17,0.16,5,15.063
20240104,12,11,5,4489,0.16,0.13,0.17,4,13.072000000000001
20240104,12,11,6,4039,0.16,0.03,0.16,1,12.373
20240104,12,12,1,4760,0.14,0.03,0.13,1,14.116
20240104,12,12,2,4168,0.14,0.17,0.12,6,429496743.858
20240104,12,12,3,4311,0.09,0.06,0.12,3,14.509999999999998
20240104,12,12,4,5054,0.17,0.05,0.16,2,12.234
20240104,12,12,5,5036,0.09,0.13,0.17,5,15.369000000000002
20240104,12,12,6,4436,0.1,0.1,0.18,4,13.651
20240104,12,1,1,4977,0.19,0.09,0.18,4,13.987
20240104,12,1,2,5221,0.17,0.0005,0.15,1,15.763
20240104,12,1,3,4593,0.23,0.01,0.11,2,14.727000000000002
20240104,12,1,4,4489,0.19,0.03,0.16,3,13.172
20240104,12,1,5,4959,0.17,0.17,0.17,6,429496743.33
20240104,12,1,6,5325,0.22,0.1,0.2,5,13.190999999999999
20240104,12,2,1,3882,0.11,0.07,0.17,3,13.333999999999998
20240104,12,2,2,4659,0.15,0.06,0.15,2,14.655000000000001
20240104,12,2,3,4436,0.17,0.1,0.14,4,13.651
20240104,12,2,4,5004,0.13,0.13,0.14,5,13.035
20240104,12,2,5,4719,0.09,0.0003,0.15,1,18.198999999999998
20240104,12,2,6,5302,0.1,0.07,0.18,3,12.280999999999999
20240104,12,3,1,5036,0.16,0.0,0.17,1,15.769000000000002
20240104,12,3,2,3881,0.09,0.06,0.15,4,14.505999999999998
20240104,12,3,3,4908,0.06,0.03,0.16,3,18.488
20240104,12,3,4,3432,0.14,0.02,0.15,2,16.293
20240104,12,3,5,4427,0.15,0.03,0.14,3,14.812999999999999
20240104,12,3,6,4750,0.3,0.28,0.19,5,13.466999999999999
20240104,12,4,1,5054,0.15,0.05,0.15,4,12.033999999999999
20240104,12,4,2,5046,0.11,0.02,0.17,2,12.902999999999999
20240104,12,4,3,4377,0.31,0.09,0.13,5,14.34
20240104,12,4,4,4907,0.07,0.04,0.12,3,15.349999999999998
20240104,12,4,5,5289,0.3,0.01,0.2,1,14.389000000000001
20240104,12,4,6,3415,0.19,0.33,0.2,6,429496749.057
20240104,12,5,1,4044,0.12,0.14,0.13,3,13.475
20240104,12,5,2,4319,0.11,0.1,0.16,1,13.974999999999998
20240104,12,5,3,4865,0.24,0.14,0.17,3,13.051999999999998
20240104,12,5,4,4977,0.11,0.14,0.14,3,14.087
20240104,12,5,5,5260,0.11,0.12,0.25,2,11.526
20240104,12,5,6,5267,0.1,0.15,0.13,4,14.875
20240104,12,6,1,3557,0.1,0.0,0.15,1,15.463000000000001
20240104,12,6,2,4593,0.07,0.1,0.13,5,14.427000000000001
20240104,12,6,3,4832,0.08,0.01,0.16,2,13.962
20240104,12,6,4,4311,0.13,0.13,0.14,6,429496743.81
20240104,12,6,5,3882,0.15,0.05,0.2,4,13.233999999999998
20240104,12,6,6,3556,0.19,0.04,0.12,3,15.106999999999998
20240104,12,7,1,4572,0.19,0.0009,0.11,1,14.731
20240104,12,7,2,4905,0.15,0.15,0.15,5,12.155999999999999
20240104,12,7,3,4397,0.14,0.11,0.14,3,14.752999999999997
20240104,12,7,4,5302,0.2,0.13,0.0,4,12.181
20240104,12,7,5,4168,0.22,0.13,0.14,4,14.457999999999998
20240104,12,7,6,4631,0.22,0.06,0.16,2,13.203
20240104,12,8,1,5004,0.06,0.0001,0.18,2,13.335
20240104,12,8,2,4760,0.12,0.03,0.13,4,13.815999999999999
20240104,12,8,3,3415,0.14,0.0007000000000000001,0.17,3,19.756999999999998
20240104,12,8,4,4908,0.14,0.03,0.15,4,18.388
20240104,12,8,5,5221,0.2,0.03,0.13,4,15.463
20240104,12,8,6,4508,0.14,0.0,0.2,1,15.493
20240104,12,9,1,4659,0.11,0.0002,0.14,2,14.655000000000001
20240104,12,9,2,4427,0.11,0.06,0.15,4,14.713
20240104,12,9,3,4319,0.11,0.06,0.16,4,13.674999999999997
20240104,12,9,4,4959,0.1,0.0,0.16,1,14.23
20240104,12,9,5,4411,0.14,0.0005,0.16,3,16.238
20240104,12,9,6,5289,0.11,0.1,0.19,5,13.989
20240104,13,10,1,4243,0.23,0.18,0.16,3,18.118999999999996
20240104,13,10,2,3528,0.23,0.14,0.21,2,16.302
20240104,13,10,3,4246,0.13,0.09,0.18,1,11.866
20240104,13,10,4,4900,0.08,0.19,0.21,4,13.693
20240104,13,10,5,4965,0.03,0.19,0.15,4,14.731
20240104,13,10,6,4680,0.12,0.14,0.23,2,13.427999999999999
20240104,13,11,1,4963,0.08,,0.15,1,16.081
20240104,13,11,2,3778,0.12,,0.22,1,14.959000000000001
20240104,13,11,3,5174,0.06,,0.15,1,10.093
20240104,13,11,4,4927,0.03,,0.18,1,18.406
20240104,13,11,5,4909,0.11,,0.15,1,16.225
20240104,13,11,6,4447,0.3,,0.19,1,11.524
20240104,13,12,1,4546,0.15,0.29,0.16,5,14.76
20240104,13,12,2,4117,0.17,0.35,0.23,6,429496747.35
20240104,13,12,3,4289,0.12,0.19,0.14,4,12.981999999999998
20240104,13,12,4,4530,0.13,0.07,0.14,3,12.799999999999997
20240104,13,12,5,4738,0.17,0.0006,0.16,1,13.462
20240104,13,12,6,4450,0.36,0.001,0.18,2,13.209
20240104,13,1,1,3704,0.29,0.3,0.19,6,429496745.385
20240104,13,1,2,3355,0.31,0.09,0.23,5,12.753
20240104,13,1,3,4927,0.18,0.0007000000000000001,0.22,2,18.306
20240104,13,1,4,4965,0.29,0.0014000000000000002,0.19,3,14.831
20240104,13,1,5,4244,0.22,0.0004,0.16,1,15.769
20240104,13,1,6,5297,0.26,0.0015,0.25,4,8.229999999999999
20240104,13,2,1,4909,0.2,0.09,0.15,6,429496745.325
20240104,13,2,2,3289,0.19,0.06,0.18,4,15.145
20240104,13,2,3,3994,0.16,0.08,0.2,5,12.141
20240104,13,2,4,5264,0.19,0.0005,0.22,3,13.990999999999998
20240104,13,2,5,4224,0.22,0.0001,0.2,2,14.463000000000001
20240104,13,2,6,3175,0.22,0.0,0.19,1,14.046999999999999
20240104,13,3,1,4246,0.28,0.0006,0.17,2,11.766
20240104,13,3,2,5003,0.17,0.0005,0.2,1,15.949
20240104,13,3,3,4447,0.18,0.0013,0.18,5,11.123999999999999
20240104,13,3,4,3801,0.2,0.0011,0.18,4,15.019
20240104,13,3,5,4117,0.21,0.0007000000000000001,0.19,3,18.05
20240104,13,3,6,5296,0.26,0.0007000000000000001,0.25,3,13.226
20240104,13,4,1,4791,0.1,0.0003,0.17,1,9.463
20240104,13,4,2,4450,0.16,0.01,0.18,2,13.209
20240104,13,4,3,3334,0.14,0.04,0.21,3,14.197999999999999
20240104,13,4,4,4243,0.08,0.13,0.17,5,17.918999999999997
20240104,13,4,5,5283,0.13,0.29,0.24,6,429496737.822
20240104,13,4,6,3604,0.2,0.09,0.2,4,15.286
20240104,13,5,1,3528,0.17,0.07,0.23,4,16.102
20240104,13,5,2,4738,0.18,0.23,0.16,5,13.062
20240104,13,5,3,3693,0.2,0.01,0.16,2,13.017
20240104,13,5,4,4071,0.16,0.0001,0.14,1,15.915999999999999
20240104,13,5,5,4947,0.11,0.03,0.18,3,14.428999999999998
20240104,13,5,6,5174,0.14,0.07,0.16,4,9.793
20240104,13,6,1,4289,0.16,0.0002,0.14,1,13.281999999999998
20240104,13,6,2,3280,0.2,0.03,0.2,5,11.712
20240104,13,6,3,4224,0.24,0.0005,0.21,2,14.463000000000001
20240104,13,6,4,4680,0.22,0.0007000000000000001,0.2,3,13.327999999999998
20240104,13,6,5,5297,0.39,0.28,0.19,6,429496737.63
20240104,13,6,6,3778,0.34,0.0014000000000000002,0.28,4,14.659
20240104,13,7,1,3509,0.18,0.02,0.14,2,12.072000000000001
20240104,13,7,2,4414,0.11,0.16,0.19,5,11.576999999999998
20240104,13,7,3,4546,0.14,0.11,0.16,3,14.959999999999999
20240104,13,7,4,5140,0.19,0.36,0.24,6,429496738.11
20240104,13,7,5,4963,0.11,0.01,0.15,1,16.081
20240104,13,7,6,5264,0.14,0.15,0.22,4,13.890999999999998
20240104,13,8,1,4530,0.12,0.06,0.13,3,12.799999999999997
20240104,13,8,2,4791,0.26,0.0001,0.19,1,9.463
20240104,13,8,3,5230,0.5,0.0007000000000000001,0.13,2,11.58
20240104,13,8,4,3289,0.2,0.22,0.19,6,429496744.545
20240104,13,8,5,5003,0.19,0.16,0.17,4,15.649
20240104,13,8,6,4844,0.29,0.21,0.22,5,13.683
20240104,13,9,1,4071,0.12,0.25,0.17,4,15.615999999999998
20240104,13,9,2,3801,0.14,0.22,0.19,3,15.119
20240104,13,9,3,5153,0.14,0.08,0.15,1,12.249999999999998
20240104,13,9,4,3994,0.11,0.29,0.21,5,12.141
20240104,13,9,5,3334,0.14,0.33,0.2,6,429496743.498
20240104,13,9,6,4244,0.15,0.16,0.16,2,15.669
20240104,14,10,1,4052,0.18,0.03,0.16,2,14.892
20240104,14,10,2,4359,0.1,0.01,0.14,1,14.65
20240104,14,10,3,4116,0.15,0.14,0.15,4,15.687999999999997
20240104,14,10,4,3841,0.15,0.21,0.15,6,429496744.101
20240104,14,10,5,4839,0.08,0.15,0.16,5,12.101999999999999
20240104,14,10,6,3477,0.14,0.11,0.19,3,14.834
20240104,14,11,1,3333,0.07,0.0006,0.13,1,13.486
20240104,14,11,2,4000,0.08,0.08,0.17,6,429496742.007
20240104,14,11,3,4812,0.03,0.02,0.12,5,12.899999999999999
20240104,14,11,4,4063,0.01,0.0011,0.13,3,14.822
20240104,14,11,5,3304,0.11,0.0007000000000000001,0.17,2,16.392
20240104,14,11,6,4167,0.07,0.01,0.15,4,15.817000000000002
20240104,14,12,1,4685,0.06,0.02,0.11,1,14.137
20240104,14,12,2,3743,0.09,0.25,0.15,6,429496746.855
20240104,14,12,3,3788,0.08,0.04,0.14,2,14.340000000000002
20240104,14,12,4,4028,0.09,0.15,0.16,5,14.252999999999998
20240104,14,12,5,4757,0.08,0.09,0.14,4,14.118999999999998
20240104,14,12,6,4704,0.04,0.08,0.14,3,14.530999999999999
20240104,14,1,1,3304,0.16,0.0001,0.16,1,16.491999999999997
20240104,14,1,2,4232,0.17,0.17,0.19,5,11.067
20240104,14,1,3,3361,0.16,0.07,0.18,2,13.314
20240104,14,1,4,3587,0.18,0.15,0.16,4,11.982999999999999
20240104,14,1,5,5025,0.16,0.26,0.18,6,429496742.172
20240104,14,1,6,4247,0.26,0.13,0.2,3,14.149999999999999
20240104,14,2,1,4839,0.17,0.23,0.16,6,429496741.602
20240104,14,2,2,4691,0.24,0.06,0.17,1,11.26
20240104,14,2,3,4268,0.24,0.13,0.15,3,11.698999999999998
20240104,14,2,4,3615,0.18,0.12,0.14,2,15.036
20240104,14,2,5,4052,0.22,0.18,0.17,5,14.591999999999999
20240104,14,2,6,5199,0.22,0.14,0.15,4,14.754999999999999
20240104,14,3,1,4732,0.06,0.18,0.13,5,15.168
20240104,14,3,2,4429,0.18,0.11,0.16,2,13.524
20240104,14,3,3,4383,0.14,0.17,0.17,4,13.188999999999998
20240104,14,3,4,4666,0.12,0.16,0.13,3,14.347999999999999
20240104,14,3,5,5143,0.16,0.09,0.17,1,12.967
20240104,14,3,6,3333,0.11,0.11,0.17,2,13.386000000000001
20240104,14,4,1,4596,0.08,0.01,0.15,1,17.760999999999996
20240104,14,4,2,4675,0.11,0.02,0.14,2,14.219999999999999
20240104,14,4,3,4636,0.18,0.09,0.17,3,12.130999999999998
20240104,14,4,4,4474,0.29,0.13,0.19,4,13.128999999999998
20240104,14,4,5,4333,0.27,0.16,0.19,5,14.046
20240104,14,4,6,4000,0.23,0.24,0.18,6,429496742.007
20240104,14,5,1,3820,0.21,0.02,0.16,2,12.845999999999998
20240104,14,5,2,3477,0.29,0.07,0.18,4,14.734
20240104,14,5,3,4063,0.47,0.05,0.13,3,14.822
20240104,14,5,4,4116,0.19,0.01,0.18,1,15.987999999999998
20240104,14,5,5,4390,0.22,0.07,0.16,4,11.932
20240104,14,5,6,4812,0.2,0.09,0.15,5,12.899999999999999
20240104,14,6,1,4167,0.08,,0.15,1,16.117
20240104,14,6,2,4268,0.14,,0.15,1,11.899
20240104,14,6,3,3841,0.16,,0.16,1,15.001
20240104,14,6,4,4359,0.16,,0.14,1,14.65
20240104,14,6,5,4232,0.06,,0.19,1,11.467
20240104,14,6,6,5249,0.29,,0.17,1,14.647
20240104,14,7,1,3361,0.13,0.0005,0.16,2,13.314
20240104,14,7,2,4666,0.11,0.02,0.13,4,14.248
20240104,14,7,3,3615,0.11,0.0006,0.15,3,14.935999999999998
20240104,14,7,4,5172,0.16,0.08,0.17,5,15.420000000000002
20240104,14,7,5,4429,0.19,0.26,0.2,6,429496742.724
20240104,14,7,6,3587,0.19,0.0003,0.17,1,12.283
20240104,14,8,1,4333,0.15,0.0,0.16,1,14.446
20240104,14,8,2,5025,0.14,0.0003,0.17,2,12.972
20240104,14,8,3,4474,0.17,0.05,0.14,5,13.028999999999998
20240104,14,8,4,5143,0.16,0.0006,0.19,3,12.767
20240104,14,8,5,5041,0.19,0.02,0.18,4,13.459
20240104,14,8,6,4691,0.18,0.19,0.21,6,429496740.36
20240104,14,9,1,4247,0.09,0.16,0.18,5,13.95
20240104,14,9,2,4636,0.1,0.04,0.18,1,12.331
20240104,14,9,3,4732,0.11,0.14,0.12,4,15.267999999999999
20240104,14,9,4,5278,0.17,0.06,0.21,2,11.976
20240104,14,9,5,4383,0.17,0.14,0.21,4,13.188999999999998
20240104,14,9,6,4596,0.17,0.09,0.18,3,17.560999999999996
20240104,17,10,1,3663,0.05,0.06,0.16,2,17.331
20240104,17,10,2,4872,0.07,0.24,0.15,4,17.89
20240104,17,10,3,4564,0.08,0.26,0.15,5,12.276
20240104,17,10,4,3614,0.07,0.09,0.17,3,14.921
20240104,17,10,5,4811,0.12,0.05,0.17,1,14.242
20240104,17,10,6,4458,0.11,0.06,0.16,2,13.736999999999998
20240104,17,11,1,4835,0.2,0.04,0.19,5,13.53
20240104,17,11,2,4292,0.05,0.23,0.16,6,429496742.898
20240104,17,11,3,3719,0.19,0.0001,0.13,1,20.244999999999997
20240104,17,11,4,4683,0.1,0.0004,0.12,3,10.568
20240104,17,11,5,3024,0.08,0.0018,0.17,4,15.048999999999998
20240104,17,11,6,4434,0.23,0.0002,0.22,2,13.317
20240104,17,12,1,4205,0.11,0.0006,0.12,2,19.716
20240104,17,12,2,3920,0.13,0.03,0.15,4,15.904
20240104,17,12,3,4398,0.1,0.22,0.14,5,12.048
20240104,17,12,4,4302,0.12,0.0008,0.14,3,15.490999999999998
20240104,17,12,5,3873,0.11,0.0005,0.16,1,16.954
20240104,17,12,6,4600,0.15,0.03,0.16,4,14.277999999999999
20240104,17,1,1,3719,0.11,0.07,0.15,1,20.244999999999997
20240104,17,1,2,4991,0.14,0.23,0.16,5,13.427999999999999
20240104,17,1,3,4374,0.12,0.24,0.15,6,429496744.875
20240104,17,1,4,4126,0.13,0.11,0.17,3,13.139
20240104,17,1,5,4219,0.18,0.08,0.2,2,11.217
20240104,17,1,6,3499,0.17,0.12,0.16,4,13.681
20240104,17,2,1,3054,0.11,0.05,0.16,5,14.616
20240104,17,2,2,5154,0.09,0.0001,0.18,1,18.087999999999997
20240104,17,2,3,3614,0.11,0.0002,0.17,2,15.021
20240104,17,2,4,4978,0.14,0.0007000000000000001,0.15,3,14.236999999999998
20240104,17,2,5,4271,0.08,0.01,0.2,4,11.545
20240104,17,2,6,4835,0.08,0.0002,0.14,2,13.83
20240104,17,3,1,4564,0.13,0.0002,0.14,1,12.676
20240104,17,3,2,4173,0.18,0.05,0.18,5,12.056999999999999
20240104,17,3,3,4471,0.16,0.06,0.16,6,429496744.314
20240104,17,3,4,5134,0.19,0.001,0.17,3,12.971
20240104,17,3,5,4771,0.12,0.0011,0.16,4,16.846
20240104,17,3,6,3663,0.18,0.0005,0.21,2,17.331
20240104,17,4,1,4434,0.29,0.0,0.16,1,13.417
20240104,17,4,2,4416,0.35,0.12,0.18,6,429496741.2
20240104,17,4,3,4097,0.28,0.09,0.21,5,15.453000000000001
20240104,17,4,4,4163,0.24,0.01,0.18,4,15.421
20240104,17,4,5,3282,0.24,0.0005,0.18,2,13.533
20240104,17,4,6,3411,0.27,0.0007000000000000001,0.2,3,16.553
20240104,17,5,1,4683,0.12,0.0012,0.14,3,10.568
20240104,17,5,2,4458,0.2,0.0007000000000000001,0.15,2,13.736999999999998
20240104,17,5,3,3584,0.22,0.04,0.17,5,17.922
20240104,17,5,4,3499,0.14,0.05,0.14,6,429496743.081
20240104,17,5,5,5243,0.28,0.0004,0.2,1,12.379
20240104,17,5,6,4991,0.2,0.03,0.21,4,13.527999999999999
20240104,17,6,1,4292,0.2,0.0005,0.16,1,13.797999999999998
20240104,17,6,2,4811,0.23,0.0009,0.18,2,14.142000000000001
20240104,17,6,3,3668,0.26,0.04,0.2,5,12.764999999999999
20240104,17,6,4,4219,0.27,0.0005,0.19,1,11.317
20240104,17,6,5,4872,0.18,0.0012,0.16,3,17.99
20240104,17,6,6,3516,0.25,0.01,0.23,4,11.533
20240104,17,7,1,3024,0.11,0.0016,0.16,2,15.248999999999999
20240104,17,7,2,4771,,,0.14,6,429496746.246
20240104,17,7,3,3757,0.17,0.05,0.16,3,11.866999999999999
20240104,17,7,4,5154,0.15,0.16,0.16,5,17.688
20240104,17,7,5,4173,0.13,0.0002,0.17,1,12.456999999999999
20240104,17,7,6,3054,0.1,0.06,0.18,4,14.716
20240104,17,8,1,4978,0.23,0.21,0.17,6,429496743.537
20240104,17,8,2,5134,0.22,0.0006,0.16,2,13.071000000000002
20240104,17,8,3,3797,0.2,0.0001,0.18,1,10.684000000000001
20240104,17,8,4,3430,0.17,0.18,0.16,5,12.050999999999998
20240104,17,8,5,4097,0.22,0.1,0.23,3,15.653
20240104,17,8,6,4126,0.23,0.12,0.2,4,13.039
20240104,17,9,1,4471,0.06,0.24,0.13,5,14.814
20240104,17,9,2,4271,0.08,0.11,0.17,4,11.545
20240104,17,9,3,4163,0.05,0.07,0.17,3,15.520999999999999
20240104,17,9,4,4416,0.18,0.02,0.18,2,12.0
20240104,17,9,5,4374,0.13,0.0002,0.15,1,15.775
20240104,17,9,6,5243,0.19,0.31,0.2,6,429496741.479
20240104,19,10,1,4798,0.17,0.22,0.13,6,429496742.988
20240104,19,10,2,3775,0.23,0.0002,0.16,1,11.325999999999999
20240104,19,10,3,4381,0.16,0.0006,0.16,2,12.611999999999998
20240104,19,10,4,4607,0.16,0.07,0.17,4,14.500000000000002
20240104,19,10,5,4906,0.2,0.03,0.16,3,13.142
20240104,19,10,6,4446,0.21,0.09,0.18,5,13.188
20240104,19,11,1,4433,0.21,0.03,0.17,2,11.784
20240104,19,11,2,5109,0.19,0.06,0.17,3,12.307999999999998
20240104,19,11,3,4123,0.17,0.07,0.18,4,14.641
20240104,19,11,4,5060,0.12,0.13,0.16,6,429496740.42
20240104,19,11,5,4099,0.18,0.0004,0.14,1,14.386000000000001
20240104,19,11,6,4057,0.19,0.08,0.16,5,13.805999999999997
20240104,19,12,1,4590,0.26,0.13,0.13,6,429496744.935
20240104,19,12,2,3737,0.35,0.04,0.17,5,15.276
20240104,19,12,3,4512,0.26,0.02,0.15,4,13.732
20240104,19,12,4,4627,0.18,0.0001,0.16,1,17.397999999999996
20240104,19,12,5,4826,0.19,0.01,0.13,3,16.736
20240104,19,12,6,5145,0.2,0.0003,0.17,2,12.429
20240104,19,1,1,4906,0.17,0.15,0.18,3,13.142
20240104,19,1,2,3458,0.14,0.08,0.17,2,12.273
20240104,19,1,3,4896,0.18,0.24,0.16,4,12.496
20240104,19,1,4,5214,0.22,0.07,0.2,1,11.581
20240104,19,1,5,3722,0.19,0.5,0.15,5,14.376
20240104,19,1,6,4375,0.17,0.08,0.17,2,15.021
20240104,19,2,1,3559,0.11,0.06,0.15,5,13.347
20240104,19,2,2,4899,0.19,0.03,0.15,3,10.774999999999999
20240104,19,2,3,4995,0.17,0.21,0.17,6,429496742.052
20240104,19,2,4,5240,0.14,0.05,0.18,4,13.216
20240104,19,2,5,3775,0.15,0.0001,0.17,1,11.325999999999999
20240104,19,2,6,5060,0.16,0.01,0.23,2,11.22
20240104,19,3,1,3246,0.21,0.14,0.18,6,429496739.733
20240104,19,3,2,5145,0.21,0.08,0.16,3,12.328999999999999
20240104,19,3,3,5009,0.16,0.04,0.17,2,12.627
20240104,19,3,4,3950,0.15,0.11,0.15,5,12.531
20240104,19,3,5,4381,0.14,0.0001,0.15,1,12.711999999999998
20240104,19,3,6,4123,0.17,0.1,0.21,4,14.641
20240104,19,4,1,3834,0.12,0.11,0.16,3,17.393
20240104,19,4,2,4099,0.13,0.0011,0.18,2,14.286000000000001
20240104,19,4,3,4590,0.09,0.0005,0.13,1,15.834999999999999
20240104,19,4,4,4446,0.12,0.12,0.17,4,13.288
20240104,19,4,5,5022,0.12,0.16,0.16,5,11.82
20240104,19,4,6,5013,0.13,0.27,0.2,6,429496742.751
20240104,19,5,1,4105,0.04,,0.18,1,14.728
20240104,19,5,2,4826,0.08,,0.14,1,16.936
20240104,19,5,3,3715,0.05,,0.14,1,11.323
20240104,19,5,4,5202,0.08,,0.16,1,12.154
20240104,19,5,5,4798,0.09,,0.13,1,13.888
20240104,19,5,6,5109,0.24,,0.19,1,12.508
20240104,19,6,1,4607,0.19,,0.15,1,14.800000000000002
20240104,19,6,2,4995,0.19,,0.19,1,12.951999999999998
20240104,19,6,3,5214,0.27,,0.21,1,11.581
20240104,19,6,4,4512,0.14,,0.15,1,14.032
20240104,19,6,5,4433,0.31,,0.21,1,11.884
20240104,19,6,6,5324,0.31,,0.2,1,8.566
20240104,19,7,1,3892,0.23,0.04,0.13,1,14.311
20240104,19,7,2,3950,0.25,0.07,0.14,3,12.731
20240104,19,7,3,5240,0.26,0.29,0.22,6,429496742.616
20240104,19,7,4,4057,0.26,0.2,0.15,5,13.805999999999997
20240104,19,7,5,3737,0.31,0.08,0.19,4,15.376
20240104,19,7,6,3458,0.32,0.06,0.19,2,12.273
20240104,19,8,1,4627,0.11,0.09,0.11,2,17.298
20240104,19,8,2,3722,0.17,0.12,0.16,3,14.575999999999999
20240104,19,8,3,3246,0.18,0.15,0.17,5,10.233
20240104,19,8,4,4790,0.09,0.25,0.15,6,429496742.952
20240104,19,8,5,4899,0.15,0.04,0.15,1,10.975
20240104,19,8,6,5310,0.28,0.13,0.21,4,9.672999999999998
20240104,19,9,1,3070,0.17,0.18,0.15,4,12.538
20240104,19,9,2,3559,0.19,0.17,0.19,3,13.546999999999999
20240104,19,9,3,5202,0.13,0.21,0.13,5,11.754
20240104,19,9,4,5013,0.18,0.25,0.17,6,429496742.751
20240104,19,9,5,5009,0.16,0.14,0.18,2,12.627
20240104,19,9,6,4917,0.11,0.02,0.15,1,15.592
20240104,22,10,1,3747,0.21,0.08,0.15,1,13.231
20240104,22,10,2,4350,0.17,0.08,0.13,1,14.998
20240104,22,10,3,4942,0.15,0.16,0.17,2,13.251
20240104,22,10,4,4513,0.15,0.31,0.15,5,12.369
20240104,22,10,5,5138,0.09,0.19,0.15,3,11.818999999999999
20240104,22,10,6,4122,0.09,0.22,0.18,4,14.613999999999999
20240104,22,11,1,4737,0.16,,0.17,1,16.189
20240104,22,11,2,3853,0.15,,0.18,1,15.712
20240104,22,11,3,4136,0.14,,0.13,1,12.379
20240104,22,11,4,4555,0.15,,0.21,1,14.077
20240104,22,11,5,5028,0.19,,0.17,1,15.67
20240104,22,11,6,3986,0.16,,0.2,1,14.113000000000001
20240104,22,12,1,4477,0.06,0.0003,0.12,3,16.727
20240104,22,12,2,4256,0.09,0.0001,0.14,1,15.262
20240104,22,12,3,4736,0.06,0.03,0.13,4,15.675999999999997
20240104,22,12,4,3898,0.21,0.16,0.15,5,13.613999999999999
20240104,22,12,5,3576,0.21,0.0003,0.17,3,12.535999999999998
20240104,22,12,6,4351,0.24,0.0002,0.11,2,15.672
20240104,22,1,1,3576,0.09,0.0008,0.15,4,12.435999999999998
20240104,22,1,2,4336,0.07,0.0004,0.15,2,13.347000000000001
20240104,22,1,3,4669,0.07,0.0001,0.16,1,12.865
20240104,22,1,4,5107,0.05,0.0004,0.18,2,17.291999999999998
20240104,22,1,5,4272,0.09,0.0004,0.16,2,15.924
20240104,22,1,6,4957,0.16,0.0006,0.18,3,15.601999999999997
20240104,22,2,1,5028,0.16,0.01,0.13,4,15.37
20240104,22,2,2,5138,0.19,0.17,0.18,6,429496741.119
20240104,22,2,3,4614,0.12,0.0003,0.15,2,15.681000000000001
20240104,22,2,4,3473,0.23,0.0011,0.19,3,14.489
20240104,22,2,5,3742,0.15,0.03,0.18,5,12.273
20240104,22,2,6,3297,0.17,0.0001,0.22,1,12.081999999999999
20240104,22,3,1,3928,0.19,0.0006,0.17,3,11.611999999999998
20240104,22,3,2,5131,0.14,0.0003,0.19,2,12.699000000000002
20240104,22,3,3,4256,0.13,0.0002,0.13,1,15.262
20240104,22,3,4,5160,0.11,0.0008,0.14,4,15.253
20240104,22,3,5,5081,0.09,0.01,0.16,5,13.368
20240104,22,3,6,3825,0.07,0.03,0.14,6,429496742.016
20240104,22,4,1,4942,0.19,0.01,0.16,2,13.251
20240104,22,4,2,5071,0.17,0.0001,0.13,1,12.811
20240104,22,4,3,4504,0.19,0.08,0.14,4,16.864
20240104,22,4,4,4022,0.15,0.0001,0.15,1,15.112
20240104,22,4,5,3616,0.19,0.01,0.15,2,13.271999999999998
20240104,22,4,6,4674,0.15,0.05,0.15,3,14.710999999999999
20240104,22,5,1,5107,0.16,0.24,0.2,5,16.991999999999997
20240104,22,5,2,4555,0.21,0.25,0.18,6,429496743.177
20240104,22,5,3,4330,0.15,0.0004,0.12,1,14.097999999999999
20240104,22,5,4,3566,0.23,0.16,0.19,4,12.097
20240104,22,5,5,3898,0.22,0.06,0.17,2,13.914
20240104,22,5,6,4350,0.22,0.07,0.15,3,14.797999999999998
20240104,22,6,1,5092,0.11,0.11,0.14,4,12.681999999999999
20240104,22,6,2,4102,0.07,0.09,0.14,3,15.959
20240104,22,6,3,4336,0.14,0.14,0.15,5,13.047
20240104,22,6,4,4351,0.09,0.11,0.1,4,15.472
20240104,22,6,5,4495,0.11,0.07,0.16,2,11.454
20240104,22,6,6,4136,0.09,0.0005,0.16,1,12.379
20240104,22,7,1,4614,0.25,0.0001,0.14,1,15.781
20240104,22,7,2,4477,0.21,0.0001,0.14,1,16.927
20240104,22,7,3,4957,0.23,0.14,0.16,3,15.601999999999997
20240104,22,7,4,5018,0.22,0.19,0.17,4,14.026
20240104,22,7,5,3928,0.24,0.08,0.16,2,11.712
20240104,22,7,6,3714,0.25,0.28,0.18,5,13.734
20240104,22,8,1,4736,0.07,0.0012,0.13,4,15.675999999999997
20240104,22,8,2,4693,0.14,0.15,0.19,5,12.51
20240104,22,8,3,3742,0.16,0.0004,0.18,2,12.573
20240104,22,8,4,4669,0.12,0.0004,0.21,2,12.765
20240104,22,8,5,5071,0.08,0.0002,0.13,1,12.811
20240104,22,8,6,5131,0.14,0.0005,0.18,3,12.599
20240104,22,9,1,4272,0.09,0.0014000000000000002,0.13,4,15.723999999999998
20240104,22,9,2,3473,0.11,0.0008,0.16,2,14.589000000000002
20240104,22,9,3,3616,0.16,0.0004,0.15,1,13.371999999999998
20240104,22,9,4,3825,0.15,0.06,0.11,6,429496742.016
20240104,22,9,5,3726,0.21,0.0011,0.15,3,16.991
20240104,22,9,6,3566,0.26,0.05,0.23,5,11.997
20240104,23,10,1,4294,0.19,0.03,0.15,2,17.001
20240104,23,10,2,4531,0.25,0.17,0.14,5,16.668
20240104,23,10,3,3265,0.2,0.0003,0.0,1,12.226
20240104,23,10,4,4092,0.28,0.18,0.15,6,429496739.598
20240104,23,10,5,4949,0.22,0.09,0.16,4,17.185
20240104,23,10,6,4969,0.23,0.05,0.22,3,12.358999999999998
20240104,23,11,1,4445,0.08,0.14,0.13,6,429496746.366
20240104,23,11,2,4718,0.09,0.11,0.17,5,15.267
20240104,23,11,3,4652,0.11,0.0008,0.15,3,14.017999999999999
20240104,23,11,4,4027,0.19,0.0011,0.14,4,10.807
20240104,23,11,5,4174,0.12,0.0003,0.16,1,18.330999999999996
20240104,23,11,6,5026,0.17,0.0005,0.15,2,12.620999999999999
20240104,23,12,1,4503,0.09,0.0001,0.11,1,15.376
20240104,23,12,2,5142,0.11,0.0001,0.19,1,16.776999999999997
20240104,23,12,3,3307,,,0.17,4,14.958999999999998
20240104,23,12,4,4661,0.08,0.0001,0.21,1,14.626
20240104,23,12,5,5121,0.03,0.03,0.15,2,13.731
20240104,23,12,6,4515,0.1,0.09,0.22,3,15.434
20240104,23,1,1,4027,0.18,0.09,0.17,2,11.007000000000001
20240104,23,1,2,4724,0.15,0.01,0.16,1,15.019
20240104,23,1,3,4222,0.11,0.16,0.18,5,13.173
20240104,23,1,4,4143,0.14,0.11,0.14,3,12.314
20240104,23,1,5,3998,0.15,0.19,0.17,6,429496737.138
20240104,23,1,6,5055,0.17,0.12,0.17,4,13.333
20240104,23,2,1,3265,0.17,0.09,0.15,2,12.126000000000001
20240104,23,2,2,5121,0.21,0.11,0.15,4,13.530999999999999
20240104,23,2,3,3459,0.19,0.1,0.16,3,12.343999999999998
20240104,23,2,4,3284,0.2,0.12,0.21,5,15.530999999999999
20240104,23,2,5,3617,0.15,0.08,0.21,1,12.757
20240104,23,2,6,3224,0.23,0.22,0.2,6,429496740.342
20240104,23,3,1,4718,0.08,0.0002,0.16,1,15.667
20240104,23,3,2,3508,0.26,0.04,0.2,2,16.241999999999997
20240104,23,3,3,4661,0.11,0.16,0.17,5,14.225999999999999
20240104,23,3,4,3809,0.09,0.09,0.17,3,11.399
20240104,23,3,5,4552,0.15,0.17,0.15,6,429496748.874
20240104,23,3,6,5270,0.17,0.15,0.21,4,12.411999999999999
20240104,23,4,1,4778,0.12,0.04,0.17,3,16.258999999999997
20240104,23,4,2,5212,0.11,0.13,0.18,5,12.297
20240104,23,4,3,4949,0.14,0.11,0.16,4,17.185
20240104,23,4,4,5307,0.11,0.0003,0.12,2,12.543000000000001
20240104,23,4,5,4503,0.12,0.0002,0.12,1,15.376
20240104,23,4,6,4879,0.13,0.14,0.19,6,429496746.87
20240104,23,5,1,4060,0.13,0.0008,0.14,2,11.613
20240104,23,5,2,4092,0.18,0.23,0.14,6,429496739.598
20240104,23,5,3,3974,0.17,0.08,0.14,4,11.629
20240104,23,5,4,4445,0.09,0.06,0.11,3,17.066
20240104,23,5,5,5312,0.21,0.17,0.0,5,13.565999999999999
20240104,23,5,6,3307,0.25,0.0001,0.15,1,15.258999999999999
20240104,23,6,1,3459,0.16,0.0001,0.14,1,12.543999999999999
20240104,23,6,2,3998,0.14,0.06,0.15,6,429496737.138
20240104,23,6,3,4294,0.18,0.0006,0.15,3,16.901
20240104,23,6,4,3989,0.27,0.0008,0.2,4,9.741999999999999
20240104,23,6,5,4072,0.23,0.0002,0.16,2,14.181000000000001
20240104,23,6,6,4652,0.21,0.01,0.18,5,13.818
20240104,23,7,1,3284,0.13,,0.15,1,15.931
20240104,23,7,2,4174,0.12,,0.14,1,18.330999999999996
20240104,23,7,3,4515,0.17,,0.17,1,15.634
20240104,23,7,4,4724,0.17,,0.17,1,15.019
20240104,23,7,5,5270,0.21,,0.18,1,12.712
20240104,23,7,6,5084,0.25,,0.15,1,13.693
20240104,23,8,1,3809,0.1,0.06,0.16,1,11.599
20240104,23,8,2,3224,0.37,0.13,0.19,3,11.042
20240104,23,8,3,5142,0.11,0.14,0.17,4,16.477
20240104,23,8,4,5055,0.09,0.12,0.16,2,13.533000000000001
20240104,23,8,5,3623,0.16,0.18,0.0,5,11.943
20240104,23,8,6,5307,0.24,0.27,0.21,6,429496741.743
20240104,23,9,1,4222,0.19,,0.19,1,13.573
20240104,23,9,2,4112,0.16,,0.17,1,13.879
20240104,23,9,3,3617,0.17,,0.17,1,12.757
20240104,23,9,4,4006,0.19,,0.21,1,13.194999999999999
20240104,23,9,5,4624,0.15,,0.16,1,15.828999999999999
20240104,23,9,6,4320,0.14,,0.06,1,13.744
20240104,24,10,1,4096,0.17,0.05,0.14,5,15.636
20240104,24,10,2,4151,0.24,0.0001,0.21,2,15.09
20240104,24,10,3,4315,0.17,0.12,0.16,6,429496746.129
20240104,24,10,4,3527,0.14,0.0,0.16,1,18.102999999999998
20240104,24,10,5,4259,0.16,0.04,0.17,4,12.576999999999998
20240104,24,10,6,4301,0.17,0.01,0.15,3,14.507
20240104,24,11,1,4715,0.12,0.18,0.13,5,12.267
20240104,24,11,2,4352,0.09,0.15,0.13,4,16.963
20240104,24,11,3,4919,0.08,0.01,0.16,2,14.217000000000002
20240104,24,11,4,4171,0.12,0.32,0.18,6,429496740.588
20240104,24,11,5,4004,0.19,0.0006,0.18,1,12.823
20240104,24,11,6,3501,0.17,0.03,0.17,3,12.217999999999998
20240104,24,12,1,5195,0.18,0.06,0.19,2,16.509
20240104,24,12,2,4088,0.17,0.11,0.17,5,6.9239999999999995
20240104,24,12,3,4924,0.11,0.09,0.16,4,17.029
20240104,24,12,4,5129,0.15,0.0009,0.18,1,10.378
20240104,24,12,5,5250,0.18,0.14,0.22,6,429496741.359
20240104,24,12,6,5227,0.18,0.07,0.2,3,9.394999999999998
20240104,24,1,1,3964,0.12,,0.18,1,10.027
20240104,24,1,2,4299,0.11,,0.15,1,11.671
20240104,24,1,3,5208,0.11,,0.15,1,10.575999999999999
20240104,24,1,4,5219,0.13,,0.19,1,12.069999999999999
20240104,24,1,5,3773,0.06,,0.17,1,10.984
20240104,24,1,6,4248,0.09,,0.18,1,11.806
20240104,24,2,1,4004,0.09,0.09,0.15,2,12.723
20240104,24,2,2,4695,0.16,0.22,0.19,5,11.043
20240104,24,2,3,5129,0.16,0.16,0.23,3,10.177999999999999
20240104,24,2,4,3906,0.14,0.02,0.19,1,14.689
20240104,24,2,5,4213,0.16,0.19,0.18,4,11.568999999999999
20240104,24,2,6,4855,0.16,0.02,0.2,1,13.569999999999999
20240104,24,3,1,5011,0.14,0.11,0.14,6,429496741.611
20240104,24,3,2,4241,0.17,0.0008,0.19,2,10.485000000000001
20240104,24,3,3,5086,0.11,0.0016,0.15,4,15.874
20240104,24,3,4,4393,0.13,0.0018,0.2,5,8.718
20240104,24,3,5,4352,0.09,0.0001,0.13,1,17.262999999999998
20240104,24,3,6,5250,0.24,0.0011,0.25,3,12.058999999999997
20240104,24,4,1,4705,0.19,0.11,0.18,5,13.398
20240104,24,4,2,4171,0.16,0.0006,0.16,1,11.488000000000001
20240104,24,4,3,5124,0.21,0.0008,0.17,2,11.229000000000001
20240104,24,4,4,4332,0.19,0.01,0.18,3,10.988
20240104,24,4,5,4924,0.2,0.02,0.17,4,17.029
20240104,24,4,6,4151,0.25,0.14,0.23,6,429496744.29
20240104,24,5,1,4981,0.16,0.04,0.14,4,10.471
20240104,24,5,2,3501,0.12,0.0002,0.17,2,12.318
20240104,24,5,3,4301,0.14,0.0009,0.17,3,14.507
20240104,24,5,4,4236,0.17,0.06,0.12,5,16.401
20240104,24,5,5,4088,0.23,0.0001,0.19,1,7.324
20240104,24,5,6,5048,0.17,0.12,0.2,6,429496741.947
20240104,24,6,1,4603,0.06,0.07,0.15,3,10.552999999999999
20240104,24,6,2,4213,0.09,0.0002,0.18,1,11.869
20240104,24,6,3,4096,0.14,0.0006,0.15,2,15.936
20240104,24,6,4,4919,0.09,0.09,0.15,4,14.017000000000001
20240104,24,6,5,5227,0.12,0.09,0.21,4,9.294999999999998
20240104,24,6,6,3752,0.07,0.09,0.16,4,9.562
20240104,24,7,1,4822,0.03,,0.15,1,10.036
20240104,24,7,2,4855,0.07,,0.19,1,13.569999999999999
20240104,24,7,3,5195,0.02,,0.18,1,16.608999999999998
20240104,24,7,4,4715,0.02,,0.11,1,12.667
20240104,24,7,5,3964,0.08,,0.21,1,10.027
20240104,24,7,6,3944,0.11,,0.22,1,12.907
20240104,24,8,1,4948,0.06,0.06,0.15,5,12.897
20240104,24,8,2,4497,0.06,0.0006,0.14,2,13.581
20240104,24,8,3,4695,0.15,0.0001,0.19,1,11.443
20240104,24,8,4,4498,0.08,0.0001,0.15,1,11.026
20240104,24,8,5,4638,0.11,0.01,0.19,3,10.684999999999999
20240104,24,8,6,4332,0.07,0.02,0.21,4,10.888
20240104,24,9,1,4299,0.06,0.0003,0.14,1,11.671
20240104,24,9,2,4236,0.11,0.11,0.11,5,16.401
20240104,24,9,3,4966,0.13,0.09,0.13,4,13.663
20240104,24,9,4,3843,0.16,0.07,0.15,3,12.584
20240104,24,9,5,4705,0.19,0.03,0.14,2,13.698
20240104,24,9,6,4393,0.19,0.16,0.2,6,429496738.218
