hd,jcd,rno,lane,regno,racer_id,motor_rate3,st_rank,decision4,tenji_rank,power_outer,power_inner,tenji_sec,wind_speed_m,power_lane,course_first_rate,kimarite_sashi,tenji_st,dash_attack_flag,kimarite_nuki,course_3rd_rate,wave_height_cm,kimarite_makuri_sashi,boat_rate3,boat_rate2,is_strong_wind,kimarite_makuri,racer_name,motor_rate2,is_crosswind,course_avg_st,outer_over_inner
20240318,02,1,1,3960,3960,56.17,3,NIGE,4,15.816999999999998,14.463,6.92,9.0,16.756999999999998,79.3,0.0,0.0009,0,1.0,92.0,8.0,0.0,48.46,27.69,1,0.0,菊地 孝平,39.51,1,0.11,1.3539999999999992
20240318,02,1,2,4586,4586,47.2,2,NIGE,2,15.816999999999998,14.463,6.88,9.0,13.224,25.0,6.0,0.0008,0,0.0,57.5,8.0,0.0,52.52,38.85,1,4.0,磯部 誠,28.8,1,0.13,1.3539999999999992
20240318,02,1,3,4856,4856,51.13,1,NIGE,3,15.816999999999998,14.463,6.89,9.0,13.408,23.2,0.0,0.0004,0,0.0,66.0,8.0,7.0,49.32,34.93,1,6.0,豊田 健士郎,30.08,1,0.14,1.3539999999999992
20240318,02,1,4,4546,4546,63.92,5,NIGE,2,15.816999999999998,14.463,6.88,9.0,17.802,25.0,2.0,0.08,0,1.0,72.9,8.0,5.0,49.07,30.56,1,3.0,浜田 亜理沙,44.94,1,0.13,1.3539999999999992
20240318,02,1,5,5121,5121,41.13,3,NIGE,1,15.816999999999998,14.463,6.87,9.0,13.948999999999998,20.5,0.0,0.0009,0,3.0,61.5,8.0,1.0,64.23,49.59,1,4.0,定松 勇樹,31.21,1,0.15,1.3539999999999992
20240318,02,1,6,4682,4682,62.89,4,NIGE,5,15.816999999999998,14.463,6.93,9.0,15.699999999999998,6.0,0.0,0.001,0,0.0,45.4,8.0,1.0,46.53,30.56,1,1.0,大上 卓人,38.36,1,0.16,1.3539999999999992
20240318,02,2,1,4013,4013,51.06,2,SASHI,5,15.095333333333334,143165592.066,7.22,9.0,16.803,75.3,0.0,0.0004,0,2.0,90.7,8.0,0.0,53.42,30.82,1,0.0,中島 孝平,41.13,1,0.13,-143165576.97066668
20240318,02,2,2,3590,3590,62.33,6,SASHI,1,15.095333333333334,143165592.066,7.03,9.0,429496746.498,15.5,4.0,0.02,0,0.0,73.3,8.0,0.0,54.61,36.17,1,2.0,濱野谷 憲吾,41.78,1,0.15,-143165576.97066668
20240318,02,2,3,4168,4168,45.31,5,SASHI,6,15.095333333333334,143165592.066,7.29,9.0,12.897,27.2,0.0,0.01,0,0.0,78.7,8.0,4.0,45.65,33.33,1,5.0,石野 貴之,28.91,1,0.12,-143165576.97066668
20240318,02,2,4,4787,4787,53.96,3,SASHI,4,15.095333333333334,143165592.066,7.18,9.0,13.681999999999999,20.0,0.0,0.0005,0,0.0,50.0,8.0,0.0,55.97,40.3,1,8.0,椎名 豊,30.22,1,0.12,-143165576.97066668
20240318,02,2,5,4685,4685,49.06,4,SASHI,3,15.095333333333334,143165592.066,7.09,9.0,15.037,22.5,0.0,0.0006,0,0.0,57.5,8.0,5.0,56.12,36.69,1,4.0,島村 隆幸,35.85,1,0.14,-143165576.97066668
20240318,02,2,6,4933,4933,55.28,1,SASHI,2,15.095333333333334,143165592.066,7.04,9.0,16.567,2.8,0.0,0.0002,0,1.0,34.2,8.0,0.0,50.34,29.53,1,0.0,板橋 侑我,39.13,1,0.18,-143165576.97066668
20240318,02,3,1,4760,4760,61.01,1,NIGE,2,143165591.39800003,15.197333333333331,6.95,9.0,17.476,68.6,0.0,0.0002,0,0.0,88.0,8.0,0.0,46.81,31.91,1,0.0,山崎 郡,43.4,1,0.13,143165576.2006667
20240318,02,3,2,4262,4262,54.48,3,NIGE,3,143165591.39800003,15.197333333333331,7.0,9.0,15.025999999999998,24.4,6.0,0.02,0,3.0,68.8,8.0,0.0,55.32,38.3,1,2.0,馬場 貴也,34.48,1,0.11,143165576.2006667
20240318,02,3,3,4445,4445,50.99,4,NIGE,1,143165591.39800003,15.197333333333331,6.94,9.0,13.089999999999998,13.3,0.0,0.04,0,0.0,57.7,8.0,3.0,52.48,38.3,1,3.0,宮地 元輝,29.8,1,0.12,143165576.2006667
20240318,02,3,4,4166,4166,46.0,5,NIGE,6,143165591.39800003,15.197333333333331,7.06,9.0,14.090999999999998,23.8,0.0,0.07,0,3.0,76.1,8.0,1.0,49.65,29.79,1,6.0,吉田 拡郎,33.33,1,0.11,143165576.2006667
20240318,02,3,5,4024,4024,57.65,6,NIGE,5,143165591.39800003,15.197333333333331,7.05,9.0,429496747.461,16.2,0.0,0.08,0,3.0,53.4,8.0,4.0,66.42,46.27,1,0.0,井口 佳典,45.29,1,0.15,143165576.2006667
20240318,02,3,6,4544,4544,42.14,2,NIGE,4,143165591.39800003,15.197333333333331,7.03,9.0,12.642,13.6,0.0,0.0004,0,0.0,61.3,8.0,5.0,48.92,32.37,1,0.0,松田 大志郎,27.14,1,0.17,143165576.2006667
20240318,02,4,1,3942,3942,55.33,1,SASHI,2,14.228,14.604666666666665,7.11,11.0,14.926,58.3,0.0,0.0003,0,2.0,76.6,10.0,0.0,43.36,27.97,1,0.0,寺田 祥,34.0,1,0.16,-0.37666666666666515
20240318,02,4,2,4459,4459,45.11,1,SASHI,4,14.228,14.604666666666665,7.15,11.0,14.604999999999999,8.5,3.0,0.0003,0,1.0,70.2,10.0,0.0,51.43,35.71,1,0.0,片岡 雅裕,33.83,1,0.15,-0.37666666666666515
20240318,02,4,3,3415,3415,52.74,2,SASHI,2,14.228,14.604666666666665,7.11,11.0,14.282999999999998,11.6,0.0,0.0006,0,2.0,63.3,10.0,4.0,52.41,35.86,1,1.0,松井 繁,32.19,1,0.17,-0.37666666666666515
20240318,02,4,4,3946,3946,45.68,3,SASHI,1,14.228,14.604666666666665,7.08,11.0,13.180999999999997,3.7,0.0,0.0015,0,0.0,59.2,10.0,1.0,57.89,33.55,1,0.0,赤岩 善生,29.01,1,0.16,-0.37666666666666515
20240318,02,4,5,4190,4190,53.25,4,SASHI,2,14.228,14.604666666666665,7.11,11.0,14.709999999999999,17.6,1.0,0.05,0,0.0,70.5,10.0,3.0,62.59,46.04,1,2.0,長嶋 万記,36.36,1,0.13,-0.37666666666666515
20240318,02,4,6,4362,4362,50.71,5,SASHI,3,14.228,14.604666666666665,7.12,11.0,14.793,6.6,1.0,0.24,0,0.0,20.0,10.0,0.0,58.7,42.03,1,0.0,土屋 智則,36.43,1,0.15,-0.37666666666666515
20240318,02,6,1,3897,3897,44.37,6,NIGE,6,17.384999999999998,143165591.41233334,7.39,14.0,429496742.577,85.3,0.0,0.33,0,3.0,94.3,13.0,0.0,50.69,37.5,1,0.0,白井 英治,27.81,1,0.14,-143165574.02733335
20240318,02,6,2,4266,4266,48.23,5,NIGE,3,17.384999999999998,143165591.41233334,7.29,14.0,13.758,22.7,4.0,0.16,0,2.0,63.6,13.0,0.0,56.2,37.23,1,4.0,長田 頼宗,32.62,1,0.13,-143165574.02733335
20240318,02,6,3,4546,4546,63.92,4,NIGE,4,17.384999999999998,143165591.41233334,7.31,14.0,17.902,21.9,5.0,0.11,0,0.0,73.1,13.0,2.0,49.07,30.56,1,1.0,浜田 亜理沙,44.94,1,0.16,-143165574.02733335
20240318,02,6,4,4013,4013,51.06,1,NIGE,5,17.384999999999998,143165591.41233334,7.36,14.0,16.903,22.5,1.0,0.0003,1,2.0,57.5,13.0,3.0,53.42,30.82,1,3.0,中島 孝平,41.13,1,0.13,-143165574.02733335
20240318,02,6,5,4320,4320,56.69,2,NIGE,1,17.384999999999998,143165591.41233334,7.08,14.0,18.138,26.9,0.0,0.01,0,2.0,69.2,13.0,5.0,47.62,34.01,1,0.0,峰 竜太,42.68,1,0.11,-143165574.02733335
20240318,02,6,6,3874,3874,61.22,3,NIGE,2,17.384999999999998,143165591.41233334,7.17,14.0,17.113999999999997,4.8,0.0,0.08,0,2.0,39.0,13.0,0.0,53.19,38.3,1,0.0,山本 寛久,42.86,1,0.18,-143165574.02733335
20240318,08,10,1,4269,4269,50.77,3,NIGE,4,15.301666666666664,143165590.48266667,6.7,5.0,14.302999999999997,76.5,0.0,0.1,0,2.0,92.1,4.0,0.0,60.69,42.2,0,0.0,杉山 裕也,32.31,0,0.15,-143165575.181
20240318,08,10,2,4866,4866,53.7,5,NIGE,6,15.301666666666664,143165590.48266667,6.76,5.0,13.836,2.7,1.0,0.22,0,0.0,51.3,4.0,0.0,48.57,32.0,0,0.0,橋本 英一,37.04,0,0.14,-143165575.181
20240318,08,10,3,3543,3543,46.27,6,NIGE,1,15.301666666666664,143165590.48266667,6.64,5.0,429496743.309,11.7,0.0,0.32,0,1.0,58.8,4.0,1.0,54.07,34.3,0,2.0,福田 雅一,34.33,0,0.15,-143165575.181
20240318,08,10,4,4329,4329,65.45,2,NIGE,3,15.301666666666664,143165590.48266667,6.69,5.0,18.093,2.6,1.0,0.09,1,0.0,50.0,4.0,0.0,51.92,37.18,0,0.0,小松 卓司,50.91,0,0.16,-143165575.181
20240318,08,10,5,5074,5074,54.24,1,NIGE,2,15.301666666666664,143165590.48266667,6.67,5.0,13.956999999999999,0.0,0.0,0.01,0,0.0,13.3,4.0,0.0,49.1,34.13,0,0.0,大澤 誠也,37.29,0,0.15,-143165575.181
20240318,08,10,6,3412,3412,50.0,4,NIGE,5,15.301666666666664,143165590.48266667,6.72,5.0,13.854999999999999,2.2,0.0,0.11,0,0.0,18.1,4.0,0.0,44.24,30.3,0,1.0,鈴木 博,33.33,0,0.15,-143165575.181
20240318,08,11,1,4294,4294,62.69,5,MAKURI_SASHI,2,13.216,143165591.50333333,6.69,6.0,17.502,60.4,0.0,0.27,0,1.0,91.6,5.0,0.0,45.28,30.82,1,0.0,古賀 繁輝,43.28,0,0.15,-143165578.28733334
20240318,08,11,2,3929,3929,49.18,6,MAKURI_SASHI,1,13.216,143165591.50333333,6.68,6.0,429496742.913,11.1,2.0,0.64,0,0.0,58.3,5.0,0.0,47.83,27.95,1,2.0,杢野 誓良,34.43,0,0.12,-143165578.28733334
20240318,08,11,3,3401,3401,53.73,4,MAKURI_SASHI,4,13.216,143165591.50333333,6.72,6.0,14.094999999999999,0.0,0.0,0.11,0,0.0,35.2,5.0,0.0,49.72,32.6,1,0.0,上田 隆章,37.31,0,0.17,-143165578.28733334
20240318,08,11,4,4369,4369,54.55,2,MAKURI_SASHI,4,13.216,143165591.50333333,6.72,6.0,14.526,9.6,0.0,0.0002,1,1.0,51.9,5.0,4.0,51.7,36.93,1,0.0,丹下 将,36.36,0,0.15,-143165578.28733334
20240318,08,11,5,3902,3902,42.42,1,MAKURI_SASHI,5,13.216,143165591.50333333,6.73,6.0,11.578,2.6,0.0,0.0001,0,0.0,28.9,5.0,1.0,61.63,41.86,1,0.0,蜷川 哲平,25.76,0,0.22,-143165578.28733334
20240318,08,11,6,4925,4925,43.75,3,MAKURI_SASHI,3,13.216,143165591.50333333,6.71,6.0,13.543999999999999,7.3,0.0,0.0011,0,0.0,24.3,5.0,1.0,44.72,31.68,1,2.0,森 悠稀,34.38,0,0.14,-143165578.28733334
20240318,08,2,1,3726,3726,53.73,3,NIGE,1,15.746333333333332,143165589.02,6.73,5.0,13.378999999999998,51.7,0.0,0.05,0,1.0,82.7,4.0,0.0,53.71,33.71,0,0.0,桂林 寛,34.33,0,0.16,-143165573.27366668
20240318,08,2,2,4653,4653,50.0,6,NIGE,2,15.746333333333332,143165589.02,6.74,5.0,429496742.103,21.7,8.0,0.11,0,0.0,76.0,4.0,0.0,47.06,32.35,0,2.0,小野 達哉,28.57,0,0.14,-143165573.27366668
20240318,08,2,3,3902,3902,42.42,1,NIGE,3,15.746333333333332,143165589.02,6.8,5.0,11.578,13.3,0.0,0.02,0,0.0,66.6,4.0,1.0,61.63,41.86,0,3.0,蜷川 哲平,25.76,0,0.19,-143165573.27366668
20240318,08,2,4,3730,3730,58.33,2,NIGE,4,15.746333333333332,143165589.02,6.82,5.0,17.727,8.1,2.0,0.03,0,0.0,27.0,4.0,0.0,59.32,42.94,0,1.0,塩崎 優司,48.61,0,0.16,-143165573.27366668
20240318,08,2,5,3834,3834,60.0,4,NIGE,5,15.746333333333332,143165589.02,6.88,5.0,15.094,3.1,0.0,0.07,0,0.0,25.0,4.0,1.0,51.69,35.39,0,0.0,細川 明人,41.54,0,0.18,-143165573.27366668
20240318,08,2,6,4604,4604,56.67,5,NIGE,2,15.746333333333332,143165589.02,6.74,5.0,14.418,0.0,0.0,0.08,0,0.0,43.9,4.0,0.0,55.49,37.2,0,0.0,岩瀬 裕亮,35.0,0,0.16,-143165573.27366668
20240318,08,3,1,4866,4866,53.7,1,MAKURI_SASHI,3,15.375333333333332,15.666666666666666,6.81,5.0,14.236,42.8,0.0,0.0002,0,0.0,71.4,4.0,0.0,48.57,32.0,0,0.0,橋本 英一,37.04,0,0.14,-0.2913333333333341
20240318,08,3,2,4365,4365,70.69,1,MAKURI_SASHI,2,15.375333333333332,15.666666666666666,6.77,5.0,19.465,18.3,6.0,0.0002,0,0.0,51.0,4.0,0.0,55.75,33.91,0,3.0,盛本 真輔,53.45,0,0.18,-0.2913333333333341
20240318,08,3,3,4983,4983,42.03,2,MAKURI_SASHI,1,15.375333333333332,15.666666666666666,6.74,5.0,13.299,18.7,0.0,0.0004,0,0.0,70.8,4.0,5.0,51.22,37.2,0,4.0,前田 篤哉,28.99,0,0.16,-0.2913333333333341
20240318,08,3,4,4834,4834,42.37,3,MAKURI_SASHI,3,15.375333333333332,15.666666666666666,6.81,5.0,11.735,3.1,0.0,0.05,0,0.0,43.7,4.0,0.0,50.66,26.32,0,1.0,浜本 裕己,30.51,0,0.16,-0.2913333333333341
20240318,08,3,5,5098,5098,66.15,1,MAKURI_SASHI,1,15.375333333333332,15.666666666666666,6.74,5.0,18.331,0.0,0.0,0.0002,0,0.0,35.4,4.0,0.0,56.82,42.61,0,0.0,大江 純,50.77,0,0.15,-0.2913333333333341
20240318,08,3,6,3623,3623,50.7,4,MAKURI_SASHI,3,15.375333333333332,15.666666666666666,6.81,5.0,16.06,0.0,0.0,0.06,0,0.0,0.0,4.0,0.0,50.57,32.39,0,0.0,深川 真二,39.44,0,0.0,-0.2913333333333341
20240318,08,4,1,4369,4369,54.55,1,NIGE,5,143165592.14666668,16.846666666666664,6.82,5.0,14.626,71.1,0.0,0.0005,0,2.0,88.1,4.0,0.0,51.7,36.93,0,0.0,丹下 将,36.36,0,0.13,143165575.3
20240318,08,4,2,4329,4329,65.45,4,NIGE,3,143165592.14666668,16.846666666666664,6.8,5.0,17.893,10.8,4.0,0.0011,0,0.0,64.8,4.0,0.0,51.92,37.18,0,0.0,小松 卓司,50.91,0,0.17,143165575.3
20240318,08,4,3,5039,5039,63.08,5,NIGE,1,143165592.14666668,16.846666666666664,6.77,5.0,18.020999999999997,6.8,0.0,0.0012,0,0.0,45.4,4.0,1.0,48.99,32.89,0,1.0,倉田 茂将,49.23,0,0.14,143165575.3
20240318,08,4,4,4159,4159,58.33,6,NIGE,1,143165592.14666668,16.846666666666664,6.77,5.0,429496745.118,6.8,0.0,0.06,0,0.0,52.2,4.0,2.0,46.88,28.13,0,1.0,向後 龍一,40.0,0,0.18,143165575.3
20240318,08,4,5,4075,4075,62.9,2,NIGE,2,143165592.14666668,16.846666666666664,6.78,5.0,18.693,4.8,0.0,0.0007000000000000001,0,0.0,36.5,4.0,2.0,42.42,28.48,0,0.0,中野 次郎,48.39,0,0.14,143165575.3
20240318,08,4,6,4903,4903,42.19,3,NIGE,4,143165592.14666668,16.846666666666664,6.81,5.0,12.629,3.2,0.0,0.0008,0,0.0,38.7,4.0,1.0,64.61,45.51,0,0.0,吉田 凌太朗,28.13,0,0.2,143165575.3
20240318,08,6,1,3987,3987,43.28,5,NIGE,2,13.108666666666664,13.028666666666666,6.82,5.0,12.531,62.7,0.0,0.03,0,0.0,90.2,4.0,0.0,45.45,31.82,0,0.0,後藤 正宗,29.85,0,0.15,0.0799999999999983
20240318,08,6,2,4925,4925,43.75,1,NIGE,4,13.108666666666664,13.028666666666666,6.84,5.0,13.744,13.1,4.0,0.0,0,1.0,36.8,4.0,0.0,44.72,31.68,0,0.0,森 悠稀,34.38,0,0.15,0.0799999999999983
20240318,08,6,3,3905,3905,56.45,4,NIGE,3,13.108666666666664,13.028666666666666,6.83,5.0,12.810999999999998,4.3,0.0,0.02,0,1.0,60.8,4.0,1.0,52.56,26.28,0,0.0,天野 友和,30.65,0,0.14,0.0799999999999983
20240318,08,6,4,4119,4119,44.83,2,NIGE,5,13.108666666666664,13.028666666666666,6.86,5.0,9.759,10.2,1.0,0.0001,0,0.0,44.9,4.0,1.0,61.96,42.94,0,3.0,泥谷 一毅,22.41,0,0.14,0.0799999999999983
20240318,08,6,5,4269,4269,50.77,2,NIGE,1,13.108666666666664,13.028666666666666,6.75,5.0,14.402999999999999,9.8,0.0,0.0001,0,2.0,62.7,4.0,3.0,60.69,42.2,0,0.0,杉山 裕也,32.31,0,0.16,0.0799999999999983
20240318,08,6,6,4091,4091,57.63,3,NIGE,2,13.108666666666664,13.028666666666666,6.82,5.0,15.163999999999998,3.7,0.0,0.0007000000000000001,0,0.0,18.5,4.0,0.0,52.15,34.36,0,0.0,荒田 泰明,40.68,0,0.2,0.0799999999999983
20240318,08,7,1,3434,3434,52.38,6,MAKURI_SASHI,5,15.43,143165589.67133334,6.96,5.0,429496740.885,52.0,0.0,0.13,0,1.0,84.0,4.0,0.0,53.07,37.99,0,0.0,松尾 宣邦,28.57,0,0.17,-143165574.24133334
20240318,08,7,2,5047,5047,51.79,2,MAKURI_SASHI,1,15.43,143165589.67133334,6.81,5.0,12.069,18.1,1.0,0.01,0,1.0,72.7,4.0,0.0,43.31,30.71,0,2.0,國分 将太郎,28.57,0,0.16,-143165574.24133334
20240318,08,7,3,3623,3623,50.7,4,MAKURI_SASHI,1,15.43,143165589.67133334,6.81,5.0,16.06,5.6,0.0,0.08,0,2.0,58.4,4.0,1.0,50.57,32.39,0,0.0,深川 真二,39.44,0,0.13,-143165574.24133334
20240318,08,7,4,3696,3696,47.76,3,MAKURI_SASHI,3,15.43,143165589.67133334,6.84,5.0,13.565,5.0,0.0,0.07,0,0.0,35.0,4.0,1.0,48.48,32.73,0,1.0,白井 友晴,34.33,0,0.18,-143165574.24133334
20240318,08,7,5,3713,3713,56.52,5,MAKURI_SASHI,2,15.43,143165589.67133334,6.82,5.0,14.898,6.5,0.0,0.09,0,0.0,32.6,4.0,2.0,41.82,29.7,0,1.0,伊藤 誠二,37.68,0,0.12,-143165574.24133334
20240318,08,7,6,3730,3730,58.33,1,MAKURI_SASHI,4,15.43,143165589.67133334,6.9,5.0,17.826999999999998,0.0,0.0,0.0001,0,0.0,0.0,4.0,0.0,59.32,42.94,0,0.0,塩崎 優司,48.61,0,0.19,-143165574.24133334
20240318,08,8,1,4538,4538,47.83,4,SASHI,4,143165591.972,12.711333333333334,6.79,5.0,11.880999999999998,50.0,0.0,0.22,0,1.0,73.0,4.0,0.0,50.59,31.76,0,0.0,笠置 博之,28.99,0,0.15,143165579.26066667
20240318,08,8,2,4604,4604,56.67,5,SASHI,3,143165591.972,12.711333333333334,6.77,5.0,14.418,17.7,6.0,0.23,0,0.0,82.2,4.0,0.0,55.49,37.2,0,1.0,岩瀬 裕亮,35.0,0,0.13,143165579.26066667
20240318,08,8,3,4834,4834,42.37,2,SASHI,3,143165591.972,12.711333333333334,6.77,5.0,11.835,14.6,2.0,0.09,0,0.0,46.3,4.0,4.0,50.66,26.32,0,0.0,浜本 裕己,30.51,0,0.16,143165579.26066667
20240318,08,8,4,5170,5170,60.94,1,SASHI,3,143165591.972,12.711333333333334,6.77,5.0,17.296,8.1,0.0,0.03,1,0.0,43.2,4.0,1.0,46.5,33.12,0,2.0,佐藤 太亮,46.88,0,0.12,143165579.26066667
20240318,08,8,5,4748,4748,31.67,3,SASHI,1,143165591.972,12.711333333333334,6.7,5.0,11.098999999999998,4.0,0.0,0.1,0,0.0,59.1,4.0,2.0,54.19,37.99,0,0.0,渡邉 雄朗,23.33,0,0.16,143165579.26066667
20240318,08,8,6,5039,5039,63.08,6,SASHI,2,143165591.972,12.711333333333334,6.75,5.0,429496747.521,0.0,0.0,0.24,0,0.0,55.5,4.0,0.0,48.99,32.89,0,0.0,倉田 茂将,49.23,0,0.16,143165579.26066667
20240318,08,9,1,4365,4365,70.69,2,MAKURI_SASHI,2,143165590.08133334,16.393,6.75,5.0,19.365000000000002,58.3,0.0,0.07,0,0.0,83.3,4.0,0.0,55.75,33.91,0,0.0,盛本 真輔,53.45,0,0.16,143165573.68833333
20240318,08,9,2,4494,4494,46.27,3,MAKURI_SASHI,1,143165590.08133334,16.393,6.74,5.0,14.095999999999998,25.5,10.0,0.09,0,1.0,74.4,4.0,0.0,54.22,37.95,0,0.0,河合 佑樹,31.34,0,0.15,143165573.68833333
20240318,08,9,3,4159,4159,58.33,4,MAKURI_SASHI,3,143165590.08133334,16.393,6.77,5.0,15.718,23.8,1.0,0.12,0,4.0,76.1,4.0,0.0,46.88,28.13,0,5.0,向後 龍一,40.0,0,0.17,143165573.68833333
20240318,08,9,4,4202,4202,62.03,6,MAKURI_SASHI,3,143165590.08133334,16.393,6.77,5.0,429496745.31,2.6,0.0,0.19,0,0.0,39.4,4.0,1.0,42.18,26.53,0,0.0,浮田 圭浩,44.3,0,0.21,143165573.68833333
20240318,08,9,5,4653,4653,50.0,1,MAKURI_SASHI,1,143165590.08133334,16.393,6.74,5.0,13.003,6.3,0.0,0.04,0,2.0,42.5,4.0,1.0,47.06,32.35,0,0.0,小野 達哉,28.57,0,0.14,143165573.68833333
20240318,08,9,6,4457,4457,51.72,5,MAKURI_SASHI,4,143165590.08133334,16.393,6.82,5.0,11.931,3.3,1.0,0.17,0,0.0,20.0,4.0,0.0,46.05,28.95,0,0.0,神田 達也,29.31,0,0.25,143165573.68833333
20240318,11,1,1,5157,5157,52.29,3,SASHI,1,143165590.28199998,14.603333333333332,6.73,4.0,12.733999999999998,15.3,0.0,0.08,0,0.0,46.1,10.0,0.0,58.6,46.51,0,0.0,市川 健太,33.94,1,0.21,143165575.67866665
20240318,11,1,2,3471,3471,56.0,1,SASHI,5,143165590.28199998,14.603333333333332,6.92,4.0,15.442,2.2,0.0,0.05,0,1.0,40.0,10.0,0.0,38.64,26.14,0,0.0,赤峰 和也,42.5,1,0.2,143165575.67866665
20240318,11,1,3,3435,3435,57.09,4,SASHI,4,143165590.28199998,14.603333333333332,6.91,4.0,15.633999999999999,10.0,0.0,0.09,0,1.0,68.0,10.0,3.0,36.93,27.27,0,1.0,寺田 千恵,38.58,1,0.15,143165575.67866665
20240318,11,1,4,4094,4094,62.31,5,SASHI,6,143165590.28199998,14.603333333333332,6.95,4.0,16.926,8.1,0.0,0.17,0,1.0,40.5,10.0,1.0,54.07,35.89,0,1.0,中島 真二,46.54,1,0.17,143165575.67866665
20240318,11,1,5,3305,3305,45.86,2,SASHI,3,143165590.28199998,14.603333333333332,6.86,4.0,11.571000000000002,3.3,0.0,0.07,0,0.0,13.3,10.0,1.0,56.0,36.5,0,0.0,小野 信樹,29.83,1,0.16,143165575.67866665
20240318,11,1,6,5194,5194,47.4,6,SASHI,2,143165590.28199998,14.603333333333332,6.79,4.0,429496742.349,4.0,0.0,0.2,0,1.0,28.0,10.0,0.0,43.87,25.16,0,0.0,大久保 佑香,33.85,1,0.15,143165575.67866665
20240318,11,2,1,3502,3502,50.24,2,MAKURI,3,143165590.50333333,13.601999999999999,7.13,6.0,14.145,61.5,0.0,0.02,0,0.0,88.4,11.0,0.0,56.28,39.53,1,0.0,渡邉 英児,35.61,0,0.18,143165576.90133333
20240318,11,2,2,4847,4847,51.47,1,MAKURI,2,143165590.50333333,13.601999999999999,7.12,6.0,14.302000000000001,33.3,11.0,0.0003,0,0.0,79.4,11.0,0.0,54.46,38.61,1,1.0,佐藤 隆太郎,32.84,0,0.14,143165576.90133333
20240318,11,2,3,3642,3642,46.15,3,MAKURI,4,143165590.50333333,13.601999999999999,7.28,6.0,12.358999999999998,6.4,0.0,0.04,0,1.0,38.7,11.0,0.0,49.25,31.66,1,1.0,大塚 浩二,33.33,0,0.16,143165576.90133333
20240318,11,2,4,5115,5115,53.78,5,MAKURI,5,143165590.50333333,13.601999999999999,7.29,6.0,15.089999999999998,13.1,0.0,0.18,0,1.0,57.8,11.0,1.0,42.2,26.01,1,3.0,香川 颯太,39.08,0,0.15,143165576.90133333
20240318,11,2,5,4891,4891,50.23,4,MAKURI,6,143165590.50333333,13.601999999999999,7.41,6.0,14.077,0.0,0.0,0.15,0,0.0,48.2,11.0,0.0,51.23,34.98,1,0.0,寺島 美里,36.53,0,0.15,143165576.90133333
20240318,11,2,6,5208,5208,52.02,6,MAKURI,1,143165590.50333333,13.601999999999999,7.11,6.0,429496742.343,0.0,0.0,0.21,0,0.0,3.5,11.0,0.0,48.91,33.15,1,0.0,屋良 龍紀,37.37,0,0.19,143165576.90133333
20240318,11,3,1,4555,4555,49.66,3,MAKURI,1,13.212666666666665,13.327,7.0,4.0,12.100999999999999,41.9,0.0,0.0022,0,0.0,77.4,9.0,0.0,45.51,26.35,0,0.0,富永 大一,29.25,1,0.18,-0.11433333333333451
20240318,11,3,2,3837,3837,49.54,2,MAKURI,3,13.212666666666665,13.327,7.12,4.0,14.469,27.0,12.0,0.0006,0,0.0,81.2,9.0,0.0,53.37,36.06,0,1.0,秋山 広一,35.65,1,0.15,-0.11433333333333451
20240318,11,3,3,4911,4911,53.05,4,MAKURI,6,13.212666666666665,13.327,7.35,4.0,13.411,4.7,0.0,0.04,0,0.0,33.3,9.0,0.0,48.13,30.48,0,2.0,片岡 大地,35.21,1,0.14,-0.11433333333333451
20240318,11,3,4,4440,4440,48.8,4,MAKURI,5,13.212666666666665,13.327,7.26,4.0,12.195999999999998,9.3,0.0,0.04,0,0.0,31.2,9.0,1.0,51.92,38.94,0,2.0,萩原 知哉,32.54,1,0.17,-0.11433333333333451
20240318,11,3,5,3439,3439,60.56,1,MAKURI,2,13.212666666666665,13.327,7.09,4.0,15.016,10.0,0.0,0.0002,0,0.0,38.0,9.0,2.0,47.12,31.41,0,3.0,大平 誉史明,37.56,1,0.16,-0.11433333333333451
20240318,11,3,6,3339,3339,50.72,5,MAKURI,4,13.212666666666665,13.327,7.17,4.0,12.426,9.0,0.0,0.18,0,0.0,40.9,9.0,1.0,43.3,29.9,0,1.0,泉 具巳,31.88,1,0.14,-0.11433333333333451
20240318,11,4,1,3617,3617,49.14,2,SASHI,3,143165590.654,13.009333333333332,7.03,7.0,12.546000000000001,40.9,0.0,0.09,0,1.0,63.6,11.0,0.0,50.51,33.33,1,0.0,竹田 広樹,33.14,1,0.18,143165577.64466667
20240318,11,4,2,3868,3868,61.67,5,SASHI,4,143165590.654,13.009333333333332,7.1,7.0,14.657999999999998,15.0,5.0,0.16,0,0.0,62.5,11.0,0.0,40.78,28.49,1,1.0,尾形 栄治,39.58,1,0.18,143165577.64466667
20240318,11,4,3,5243,5243,46.28,4,SASHI,1,143165590.654,13.009333333333332,6.91,7.0,11.823999999999998,0.0,0.0,0.12,0,0.0,0.0,11.0,0.0,50.0,32.65,1,0.0,三馬 崇史,32.98,1,0.0,143165577.64466667
20240318,11,4,4,4772,4772,53.97,1,SASHI,6,143165590.654,13.009333333333332,7.3,7.0,15.487,21.0,2.0,0.05,1,0.0,63.1,11.0,1.0,58.57,40.48,1,5.0,石丸 海渡,36.51,1,0.11,143165577.64466667
20240318,11,4,5,4715,4715,53.37,3,SASHI,5,143165590.654,13.009333333333332,7.14,7.0,15.178999999999998,10.7,0.0,0.11,0,2.0,46.4,11.0,1.0,53.61,34.02,1,0.0,村上 遼,35.75,1,0.14,143165577.64466667
20240318,11,4,6,5171,5171,52.22,6,SASHI,2,143165590.654,13.009333333333332,7.01,7.0,429496741.296,0.0,0.0,0.24,0,0.0,13.3,11.0,0.0,46.31,33.0,1,0.0,清水 未唯,32.02,1,0.18,143165577.64466667
20240318,11,5,1,3054,3054,45.99,1,NIGE,1,13.692,15.204,,6.0,12.781,75.0,0.0,,0,1.0,87.5,10.0,0.0,57.87,38.43,1,0.0,北川 幸典,29.95,1,0.16,-1.5120000000000005
20240318,11,5,2,4278,4278,55.02,1,NIGE,1,13.692,15.204,,6.0,16.645,22.5,6.0,,0,0.0,72.5,10.0,0.0,56.5,38.0,1,2.0,藤岡 俊介,40.67,1,0.14,-1.5120000000000005
20240318,11,5,3,5044,5044,60.73,1,NIGE,1,13.692,15.204,,6.0,16.186,13.1,0.0,,0,0.0,44.7,10.0,2.0,46.91,30.93,1,3.0,渡邉 健,43.38,1,0.15,-1.5120000000000005
20240318,11,5,4,4942,4942,54.45,1,NIGE,1,13.692,15.204,,6.0,13.108,7.6,0.0,,,0.0,50.0,10.0,1.0,50.5,35.15,1,1.0,柴田 朋哉,32.46,1,0.22,-1.5120000000000005
20240318,11,5,5,3471,3471,56.0,1,NIGE,1,13.692,15.204,,6.0,15.442,0.0,0.0,,0,0.0,12.0,10.0,0.0,38.64,26.14,1,0.0,赤峰 和也,42.5,1,0.2,-1.5120000000000005
20240318,11,5,6,4938,4938,46.92,1,NIGE,1,13.692,15.204,,6.0,12.526000000000002,0.0,0.0,,0,0.0,24.1,10.0,0.0,50.24,34.63,1,0.0,小芦 るり華,29.86,1,0.18,-1.5120000000000005
20240318,11,6,1,3933,3933,52.5,1,MAKURI_SASHI,5,12.792333333333332,13.758333333333333,7.37,6.0,14.427999999999999,42.8,0.0,0.0006,0,1.0,79.3,11.0,0.0,57.81,33.33,1,0.0,山地 正樹,36.0,0,0.18,-0.9660000000000011
20240318,11,6,2,5194,5194,47.4,4,MAKURI_SASHI,6,12.792333333333332,13.758333333333333,7.51,6.0,12.949,9.0,1.0,0.01,0,0.0,39.3,11.0,0.0,43.87,25.16,1,2.0,大久保 佑香,33.85,0,0.18,-0.9660000000000011
20240318,11,6,3,3963,3963,47.0,3,MAKURI_SASHI,4,12.792333333333332,13.758333333333333,7.32,6.0,13.897999999999998,18.1,0.0,0.0008,0,1.0,59.0,11.0,5.0,35.68,24.32,1,2.0,原田 秀弥,33.5,0,0.18,-0.9660000000000011
20240318,11,6,4,4896,4896,51.56,4,MAKURI_SASHI,2,12.792333333333332,13.758333333333333,7.22,6.0,12.402999999999999,10.0,0.0,0.01,0,1.0,30.0,11.0,0.0,60.11,37.77,1,1.0,花本 剛,32.81,0,0.15,-0.9660000000000011
20240318,11,6,5,5295,5295,47.87,5,MAKURI_SASHI,1,12.792333333333332,13.758333333333333,7.18,6.0,11.163,0.0,0.0,0.29,0,0.0,0.0,11.0,0.0,50.26,32.82,1,0.0,田上 凜,34.57,0,0.2,-0.9660000000000011
20240318,11,6,6,4686,4686,50.27,2,MAKURI_SASHI,3,12.792333333333332,13.758333333333333,7.25,6.0,14.811,0.0,0.0,0.0007000000000000001,0,0.0,38.8,11.0,0.0,58.06,42.4,1,0.0,丸野 一樹,33.51,0,0.17,-0.9660000000000011
20240318,12,10,1,3915,3915,0.0,4,NIGE,3,143165579.83333334,3.724,6.96,3.0,3.814,68.9,0.0,0.02,0,1.0,93.1,1.0,0.0,0.0,0.0,0,0.0,繁野谷 圭介,0.0,0,0.16,143165576.10933334
20240318,12,10,2,4123,4123,0.0,3,NIGE,2,143165579.83333334,3.724,6.95,3.0,4.232,26.8,4.0,0.01,0,2.0,90.2,1.0,0.0,0.0,0.0,0,4.0,細川 裕子,0.0,0,0.17,143165576.10933334
20240318,12,10,3,3976,3976,0.0,2,NIGE,5,143165579.83333334,3.724,7.03,3.0,3.1260000000000003,7.3,0.0,0.0006,0,0.0,46.3,1.0,2.0,0.0,0.0,0,1.0,内田 圭,0.0,0,0.16,143165576.10933334
20240318,12,10,4,3333,3333,0.0,1,NIGE,4,143165579.83333334,3.724,6.99,3.0,4.084,18.1,0.0,0.0005,0,1.0,63.6,1.0,1.0,0.0,0.0,0,6.0,丸尾 義孝,0.0,0,0.13,143165576.10933334
20240318,12,10,5,4900,4900,0.0,5,NIGE,1,143165579.83333334,3.724,6.91,3.0,3.102,0.0,0.0,0.04,0,0.0,30.0,1.0,0.0,0.0,0.0,0,0.0,中田 夕貴,0.0,0,0.19,143165576.10933334
20240318,12,10,6,4085,4085,0.0,6,NIGE,3,143165579.83333334,3.724,6.96,3.0,429496732.314,0.0,0.0,0.08,0,0.0,34.2,1.0,0.0,0.0,0.0,0,0.0,荻野 裕介,0.0,0,0.25,143165576.10933334
20240318,12,11,1,4503,4503,0.0,1,NIGE,1,143165579.92466667,4.408666666666667,6.91,4.0,5.314,78.4,0.0,0.02,0,5.0,93.8,2.0,0.0,0.0,0.0,0,0.0,上野 真之介,0.0,0,0.11,143165575.516
20240318,12,11,2,4084,4084,0.0,4,NIGE,4,143165579.92466667,4.408666666666667,6.97,4.0,4.012,28.8,5.0,0.1,0,3.0,73.3,2.0,0.0,0.0,0.0,0,5.0,杉山 正樹,0.0,0,0.16,143165575.516
20240318,12,11,3,4189,4189,0.0,5,NIGE,2,143165579.92466667,4.408666666666667,6.94,4.0,3.9,15.8,0.0,0.18,0,0.0,68.2,2.0,1.0,0.0,0.0,0,9.0,川上 剛,0.0,0,0.16,143165575.516
20240318,12,11,4,3999,3999,0.0,6,NIGE,5,143165579.92466667,4.408666666666667,6.99,4.0,429496733.244,5.7,2.0,0.32,0,0.0,61.5,2.0,0.0,0.0,0.0,0,1.0,大瀧 明日香,0.0,0,0.17,143165575.516
20240318,12,11,5,4966,4966,0.0,3,NIGE,6,143165579.92466667,4.408666666666667,7.01,4.0,3.854,7.8,0.0,0.09,0,2.0,57.8,2.0,1.0,0.0,0.0,0,0.0,田川 大貴,0.0,0,0.14,143165575.516
20240318,12,11,6,4724,4724,0.0,2,NIGE,3,143165579.92466667,4.408666666666667,6.95,4.0,2.676,0.0,0.0,0.03,0,0.0,5.7,2.0,0.0,0.0,0.0,0,0.0,吉田 祐貴,0.0,0,0.16,143165575.516
20240318,12,12,1,4757,4757,0.0,1,NIGE,1,2.682,143165580.55733335,6.91,4.0,4.51,83.0,0.0,0.0,0,1.0,94.3,2.0,0.0,0.0,0.0,0,0.0,山田 祐也,0.0,1,0.14,-143165577.87533334
20240318,12,12,2,4732,4732,0.0,2,NIGE,3,2.682,143165580.55733335,6.95,4.0,3.8999999999999995,19.6,10.0,0.0001,0,0.0,72.5,2.0,0.0,0.0,0.0,0,0.0,堀本 和也,0.0,1,0.13,-143165577.87533334
20240318,12,12,3,3984,3984,0.0,6,NIGE,4,2.682,143165580.55733335,,4.0,429496733.262,20.0,0.0,,0,1.0,71.1,2.0,1.0,0.0,0.0,0,7.0,坂口 周,0.0,1,0.18,-143165577.87533334
20240318,12,12,4,5281,5281,0.0,5,NIGE,1,2.682,143165580.55733335,6.91,4.0,2.016,0.0,0.0,0.14,0,0.0,37.5,2.0,0.0,0.0,0.0,0,0.0,井上 遥妃,0.0,1,0.2,-143165577.87533334
20240318,12,12,5,4046,4046,0.0,3,NIGE,2,2.682,143165580.55733335,6.93,4.0,2.786,5.2,0.0,0.01,0,0.0,18.4,2.0,0.0,0.0,0.0,0,2.0,谷村 啓司,0.0,1,0.19,-143165577.87533334
20240318,12,12,6,4904,4904,0.0,4,NIGE,1,2.682,143165580.55733335,6.91,4.0,3.244,0.0,0.0,0.02,0,0.0,23.2,2.0,0.0,0.0,0.0,0,0.0,松本 一毅,0.0,1,0.19,-143165577.87533334
20240318,12,1,1,3709,3709,0.0,2,SASHI,4,143165578.59533334,2.996,7.22,4.0,2.25,27.2,0.0,0.0015,0,1.0,59.0,2.0,0.0,0.0,0.0,0,0.0,田中 浩之,0.0,0,0.15,143165575.59933335
20240318,12,1,2,4389,4389,0.0,1,SASHI,3,143165578.59533334,2.996,7.16,4.0,3.694,5.0,2.0,0.0005,0,0.0,47.5,2.0,0.0,0.0,0.0,0,0.0,伊藤 喜智,0.0,0,0.18,143165575.59933335
20240318,12,1,3,4382,4382,0.0,3,SASHI,4,143165578.59533334,2.996,7.22,4.0,3.044,2.2,0.0,0.03,0,0.0,35.5,2.0,1.0,0.0,0.0,0,0.0,高山 智至,0.0,0,0.16,143165575.59933335
20240318,12,1,4,3370,3370,0.0,4,SASHI,1,143165578.59533334,2.996,7.12,4.0,2.596,0.0,0.0,0.07,0,0.0,9.5,2.0,0.0,0.0,0.0,0,0.0,坪内 実,0.0,0,0.16,143165575.59933335
20240318,12,1,5,3392,3392,0.0,5,SASHI,5,143165578.59533334,2.996,7.25,4.0,2.598,0.0,0.0,0.1,0,0.0,18.4,2.0,0.0,0.0,0.0,0,0.0,小森 信雄,0.0,0,0.2,143165575.59933335
20240318,12,1,6,5283,5283,0.0,6,SASHI,2,143165578.59533334,2.996,7.14,4.0,429496730.592,0.0,0.0,0.12,0,0.0,0.0,2.0,0.0,0.0,0.0,0,0.0,植木 美帆,0.0,0,0.21,143165575.59933335
20240318,12,2,1,4046,4046,0.0,1,MAKURI,1,3.28,3.5199999999999996,,5.0,2.9859999999999998,24.0,0.0,,0,0.0,52.0,2.0,0.0,0.0,0.0,0,0.0,谷村 啓司,0.0,0,0.16,-0.23999999999999977
20240318,12,2,2,5036,5036,0.0,1,MAKURI,1,3.28,3.5199999999999996,,5.0,3.4299999999999997,10.2,4.0,,0,0.0,61.5,2.0,0.0,0.0,0.0,0,0.0,福田 翔吾,0.0,0,0.17,-0.23999999999999977
20240318,12,2,3,3999,3999,0.0,1,MAKURI,1,3.28,3.5199999999999996,,5.0,4.144,18.8,3.0,,0,0.0,67.9,2.0,2.0,0.0,0.0,0,5.0,大瀧 明日香,0.0,0,0.16,-0.23999999999999977
20240318,12,2,4,2878,2878,0.0,1,MAKURI,1,3.28,3.5199999999999996,,5.0,3.8979999999999997,12.2,1.0,,,0.0,63.4,2.0,2.0,0.0,0.0,0,2.0,富山 弘幸,0.0,0,0.18,-0.23999999999999977
20240318,12,2,5,5202,5202,0.0,1,MAKURI,1,3.28,3.5199999999999996,,5.0,2.7159999999999997,0.0,0.0,,0,0.0,19.4,2.0,0.0,0.0,0.0,0,0.0,宮崎 つぐみ,0.0,0,0.16,-0.23999999999999977
20240318,12,2,6,3976,3976,0.0,1,MAKURI,1,3.28,3.5199999999999996,,5.0,3.226,0.0,0.0,,0,0.0,11.5,2.0,0.0,0.0,0.0,0,0.0,内田 圭,0.0,0,0.22,-0.23999999999999977
20240318,12,3,1,4156,4156,0.0,4,NIGE,2,3.132,3.8666666666666667,7.19,4.0,3.562,58.0,0.0,0.01,0,1.0,90.0,2.0,0.0,0.0,0.0,0,0.0,浜野 孝志,0.0,1,0.15,-0.7346666666666666
20240318,12,3,2,3333,3333,0.0,2,NIGE,3,3.132,3.8666666666666667,7.2,4.0,3.984,15.3,6.0,0.0016,0,1.0,61.5,2.0,0.0,0.0,0.0,0,1.0,丸尾 義孝,0.0,1,0.14,-0.7346666666666666
20240318,12,3,3,4966,4966,0.0,1,NIGE,4,3.132,3.8666666666666667,7.25,4.0,4.054,29.2,0.0,0.0002,0,2.0,73.1,2.0,8.0,0.0,0.0,0,2.0,田川 大貴,0.0,1,0.13,-0.7346666666666666
20240318,12,3,4,5055,5055,0.0,5,NIGE,1,3.132,3.8666666666666667,7.17,4.0,3.126,6.5,1.0,0.03,0,2.0,41.3,2.0,0.0,0.0,0.0,0,0.0,眞鳥 章太,0.0,1,0.16,-0.7346666666666666
20240318,12,3,5,4904,4904,0.0,3,NIGE,3,3.132,3.8666666666666667,7.2,4.0,3.3440000000000003,5.4,0.0,0.002,0,0.0,37.8,2.0,1.0,0.0,0.0,0,1.0,松本 一毅,0.0,1,0.15,-0.7346666666666666
20240318,12,3,6,4461,4461,0.0,1,NIGE,2,3.132,3.8666666666666667,7.19,4.0,2.9259999999999997,0.0,0.0,0.0002,0,0.0,20.0,2.0,0.0,0.0,0.0,0,0.0,安田 吉宏,0.0,1,0.18,-0.7346666666666666
20240318,12,4,1,4092,4092,0.0,1,MAKURI,3,2.818,143165580.40733334,7.09,4.0,3.904,61.1,0.0,0.0006,0,0.0,88.8,2.0,0.0,0.0,0.0,0,0.0,岡部 大輔,0.0,0,0.11,-143165577.58933336
20240318,12,4,2,4391,4391,0.0,6,MAKURI,2,2.818,143165580.40733334,7.08,4.0,429496733.286,23.8,8.0,0.13,0,0.0,76.1,2.0,0.0,0.0,0.0,0,2.0,松田 祐季,0.0,0,0.16,-143165577.58933336
20240318,12,4,3,4123,4123,0.0,5,MAKURI,5,2.818,143165580.40733334,7.14,4.0,4.032,25.0,2.0,0.1,0,0.0,77.5,2.0,7.0,0.0,0.0,0,1.0,細川 裕子,0.0,0,0.18,-143165577.58933336
20240318,12,4,4,4724,4724,0.0,2,MAKURI,1,2.818,143165580.40733334,7.05,4.0,2.676,0.0,0.0,0.0007000000000000001,1,0.0,32.5,2.0,0.0,0.0,0.0,0,0.0,吉田 祐貴,0.0,0,0.17,-143165577.58933336
20240318,12,4,5,3161,3161,0.0,3,MAKURI,4,2.818,143165580.40733334,7.13,4.0,3.662,6.4,0.0,0.07,0,1.0,41.9,2.0,1.0,0.0,0.0,0,0.0,古場 輝義,0.0,0,0.17,-143165577.58933336
20240318,12,4,6,5281,5281,0.0,4,MAKURI,2,2.818,143165580.40733334,7.08,4.0,2.116,0.0,0.0,0.08,0,0.0,13.9,2.0,0.0,0.0,0.0,0,0.0,井上 遥妃,0.0,0,0.17,-143165577.58933336
20240318,12,5,1,4084,4084,0.0,2,NIGE,2,2.9773333333333336,3.7739999999999996,7.07,3.0,4.212,71.8,0.0,0.0004,0,5.0,90.6,1.0,0.0,0.0,0.0,0,0.0,杉山 正樹,0.0,0,0.16,-0.796666666666666
20240318,12,5,2,3548,3548,0.0,2,NIGE,3,2.9773333333333336,3.7739999999999996,7.12,3.0,3.516,13.9,0.0,0.0004,0,0.0,48.8,1.0,0.0,0.0,0.0,0,6.0,室田 泰史,0.0,0,0.11,-0.796666666666666
20240318,12,5,3,4389,4389,0.0,2,NIGE,1,2.9773333333333336,3.7739999999999996,7.06,3.0,3.5940000000000003,13.8,0.0,0.0004,0,1.0,55.5,1.0,1.0,0.0,0.0,0,3.0,伊藤 喜智,0.0,0,0.17,-0.796666666666666
20240318,12,5,4,3974,3974,0.0,3,NIGE,6,2.9773333333333336,3.7739999999999996,7.16,3.0,2.5940000000000003,10.7,0.0,0.09,0,0.0,50.0,1.0,0.0,0.0,0.0,0,3.0,深山 祐二,0.0,0,0.15,-0.796666666666666
20240318,12,5,5,4339,4339,0.0,1,NIGE,4,2.9773333333333336,3.7739999999999996,7.13,3.0,2.524,0.0,0.0,0.0001,0,0.0,12.9,1.0,0.0,0.0,0.0,0,0.0,平瀬 城啓,0.0,0,0.2,-0.796666666666666
20240318,12,5,6,3915,3915,0.0,4,NIGE,5,2.9773333333333336,3.7739999999999996,7.15,3.0,3.814,0.0,0.0,0.13,0,0.0,40.6,1.0,0.0,0.0,0.0,0,0.0,繁野谷 圭介,0.0,0,0.19,-0.796666666666666
20240318,12,6,1,4189,4189,0.0,4,NIGE,1,2.782,3.702666666666666,7.02,5.0,4.0,75.9,0.0,0.08,0,2.0,91.1,2.0,0.0,0.0,0.0,0,0.0,川上 剛,0.0,0,0.15,-0.9206666666666661
20240318,12,6,2,4757,4757,0.0,5,NIGE,3,2.782,3.702666666666666,7.05,5.0,4.109999999999999,17.0,5.0,0.16,0,1.0,60.9,2.0,0.0,0.0,0.0,0,1.0,山田 祐也,0.0,0,0.16,-0.9206666666666661
20240318,12,6,3,3392,3392,0.0,1,NIGE,4,2.782,3.702666666666666,7.08,5.0,2.9979999999999998,9.0,1.0,0.0002,0,0.0,45.4,2.0,2.0,0.0,0.0,0,1.0,小森 信雄,0.0,0,0.15,-0.9206666666666661
20240318,12,6,4,4900,4900,0.0,4,NIGE,2,2.782,3.702666666666666,7.03,5.0,3.202,11.5,1.0,0.08,0,0.0,50.0,2.0,1.0,0.0,0.0,0,1.0,中田 夕貴,0.0,0,0.21,-0.9206666666666661
20240318,12,6,5,4056,4056,0.0,2,NIGE,5,2.782,3.702666666666666,7.09,5.0,2.628,5.8,0.0,0.0004,0,0.0,17.6,2.0,2.0,0.0,0.0,0,0.0,小西 英輝,0.0,0,0.15,-0.9206666666666661
20240318,12,6,6,5202,5202,0.0,3,NIGE,4,2.782,3.702666666666666,7.08,5.0,2.516,0.0,0.0,0.0008,0,0.0,0.0,2.0,0.0,0.0,0.0,0,0.0,宮崎 つぐみ,0.0,0,0.19,-0.9206666666666661
20240318,12,7,1,3896,3896,0.0,1,NIGE,2,143165580.44733334,3.3639999999999994,7.06,2.0,3.82,44.8,0.0,0.0006,0,0.0,86.2,1.0,0.0,0.0,0.0,0,0.0,上田 洋平,0.0,0,0.14,143165577.08333334
20240318,12,7,2,4382,4382,0.0,3,NIGE,4,143165580.44733334,3.3639999999999994,7.14,2.0,3.044,5.4,1.0,0.0009,0,1.0,45.9,1.0,0.0,0.0,0.0,0,0.0,高山 智至,0.0,0,0.16,143165577.08333334
20240318,12,7,3,5057,5057,0.0,2,NIGE,1,143165580.44733334,3.3639999999999994,6.97,2.0,3.2279999999999998,13.7,1.0,0.0008,0,1.0,37.9,1.0,1.0,0.0,0.0,0,1.0,上田 紗奈,0.0,0,0.16,143165577.08333334
20240318,12,7,4,4503,4503,0.0,4,NIGE,3,143165580.44733334,3.3639999999999994,7.07,2.0,5.013999999999999,29.7,2.0,0.0012,0,1.0,72.3,1.0,5.0,0.0,0.0,0,6.0,上野 真之介,0.0,0,0.13,143165577.08333334
20240318,12,7,5,3885,3885,0.0,6,NIGE,5,143165580.44733334,3.3639999999999994,7.2,2.0,429496732.728,0.0,0.0,0.18,0,0.0,25.5,1.0,0.0,0.0,0.0,0,0.0,久田 武,0.0,0,0.19,143165577.08333334
20240318,12,7,6,4732,4732,0.0,5,NIGE,4,143165580.44733334,3.3639999999999994,7.14,2.0,3.5999999999999996,0.0,0.0,0.06,0,0.0,33.3,1.0,0.0,0.0,0.0,0,0.0,堀本 和也,0.0,0,0.11,143165577.08333334
20240318,12,8,1,3161,3161,0.0,3,SASHI,2,2.9226666666666667,3.5666666666666664,7.02,3.0,3.662,45.9,0.0,0.0009,0,1.0,88.5,1.0,0.0,0.0,0.0,0,0.0,古場 輝義,0.0,0,0.15,-0.6439999999999997
20240318,12,8,2,3977,3977,0.0,2,SASHI,1,2.9226666666666667,3.5666666666666664,7.01,3.0,3.5759999999999996,2.4,0.0,0.0004,0,0.0,56.1,1.0,0.0,0.0,0.0,0,0.0,山本 兼士,0.0,0,0.15,-0.6439999999999997
20240318,12,8,3,4156,4156,0.0,5,SASHI,5,2.9226666666666667,3.5666666666666664,7.08,3.0,3.4619999999999997,10.0,0.0,0.05,0,2.0,62.0,1.0,0.0,0.0,0.0,0,3.0,浜野 孝志,0.0,0,0.13,-0.6439999999999997
20240318,12,8,4,3984,3984,0.0,1,SASHI,4,2.9226666666666667,3.5666666666666664,7.04,3.0,4.162,19.1,1.0,0.0001,1,2.0,65.9,1.0,3.0,0.0,0.0,0,3.0,坂口 周,0.0,0,0.15,-0.6439999999999997
20240318,12,8,5,5283,5283,0.0,4,SASHI,3,2.9226666666666667,3.5666666666666664,7.03,3.0,1.1920000000000002,0.0,0.0,0.03,0,0.0,0.0,1.0,0.0,0.0,0.0,0,0.0,植木 美帆,0.0,0,0.24,-0.6439999999999997
20240318,12,8,6,4889,4889,0.0,5,SASHI,1,2.9226666666666667,3.5666666666666664,7.01,3.0,3.414,3.4,1.0,0.05,0,0.0,31.0,1.0,0.0,0.0,0.0,0,0.0,後藤 盛也,0.0,0,0.18,-0.6439999999999997
20240318,12,9,1,2878,2878,0.0,1,NIGE,1,3.9739999999999998,3.2399999999999998,,3.0,3.8979999999999997,46.0,0.0,,0,5.0,88.0,1.0,0.0,0.0,0.0,0,0.0,富山 弘幸,0.0,0,0.16,0.734
20240318,12,9,2,3370,3370,0.0,1,NIGE,1,3.9739999999999998,3.2399999999999998,,3.0,2.896,3.8,0.0,,0,1.0,50.0,1.0,0.0,0.0,0.0,0,0.0,坪内 実,0.0,0,0.17,0.734
20240318,12,9,3,4461,4461,0.0,1,NIGE,1,3.9739999999999998,3.2399999999999998,,3.0,2.9259999999999997,0.0,0.0,,0,0.0,40.7,1.0,0.0,0.0,0.0,0,0.0,安田 吉宏,0.0,0,0.13,0.734
20240318,12,9,4,3684,3684,0.0,1,NIGE,1,3.9739999999999998,3.2399999999999998,,3.0,3.7779999999999996,5.2,1.0,,,1.0,65.7,1.0,0.0,0.0,0.0,0,0.0,清水 攻二,0.0,0,0.18,0.734
20240318,12,9,5,4402,4402,0.0,1,NIGE,1,3.9739999999999998,3.2399999999999998,,3.0,3.9579999999999997,4.4,0.0,,0,0.0,53.3,1.0,2.0,0.0,0.0,0,0.0,乙藤 智史,0.0,0,0.15,0.734
20240318,12,9,6,4391,4391,0.0,1,NIGE,1,3.9739999999999998,3.2399999999999998,,3.0,4.186,0.0,0.0,,0,0.0,34.1,1.0,0.0,0.0,0.0,0,0.0,松田 祐季,0.0,0,0.19,0.734
20240318,15,10,1,4627,4627,63.38,1,NIGE,1,14.143,15.171999999999997,,4.0,17.235999999999997,69.0,0.0,,0,1.0,94.5,4.0,0.0,57.89,43.42,0,0.0,藤原 菜希,43.66,0,0.11,-1.0289999999999964
20240318,15,10,2,4450,4450,56.64,1,NIGE,1,14.143,15.171999999999997,,4.0,14.943999999999999,21.4,3.0,,0,2.0,53.5,4.0,0.0,54.55,33.77,0,1.0,平高 奈菜,36.36,0,0.18,-1.0289999999999964
20240318,15,10,3,3674,3674,49.66,1,NIGE,1,14.143,15.171999999999997,,4.0,13.336,17.8,0.0,,0,1.0,57.1,4.0,0.0,57.89,36.84,0,4.0,岸 恵子,33.1,0,0.17,-1.0289999999999964
20240318,15,10,4,3302,3302,45.45,1,NIGE,1,14.143,15.171999999999997,,4.0,14.071,16.2,0.0,,,0.0,51.3,4.0,1.0,45.7,31.13,0,5.0,谷川 里江,34.85,0,0.17,-1.0289999999999964
20240318,15,10,5,3932,3932,50.35,1,NIGE,1,14.143,15.171999999999997,,4.0,12.961,3.0,0.0,,0,0.0,39.3,4.0,1.0,49.29,30.0,0,0.0,池田 浩美,33.57,0,0.17,-1.0289999999999964
20240318,15,10,6,3357,3357,58.39,1,NIGE,1,14.143,15.171999999999997,,4.0,15.397,0.0,0.0,,0,0.0,16.0,4.0,0.0,52.29,36.6,0,0.0,福島 陽子,41.61,0,0.23,-1.0289999999999964
20240318,15,11,1,4961,4961,57.14,4,MAKURI_SASHI,2,14.663333333333332,14.756,6.65,3.0,16.132,70.0,0.0,0.02,0,1.0,88.0,3.0,0.0,40.67,30.67,0,0.0,西橋 奈未,39.46,0,0.13,-0.09266666666666801
20240318,15,11,2,4443,4443,50.34,5,MAKURI_SASHI,6,14.663333333333332,14.756,6.74,3.0,12.981,25.0,9.0,0.03,0,0.0,75.0,3.0,0.0,53.69,30.2,0,1.0,津田 裕絵,31.97,0,0.18,-0.09266666666666801
20240318,15,11,3,4569,4569,53.49,3,MAKURI_SASHI,4,14.663333333333332,14.756,6.7,3.0,15.155,9.4,1.0,0.0007000000000000001,0,1.0,45.2,3.0,1.0,49.66,28.57,0,2.0,中澤 宏奈,39.53,0,0.19,-0.09266666666666801
20240318,15,11,4,4208,4208,59.44,1,MAKURI_SASHI,3,14.663333333333332,14.756,6.66,3.0,17.427999999999997,17.5,2.0,0.0002,0,1.0,77.5,3.0,1.0,47.37,30.92,0,3.0,三浦 永理,42.66,0,0.16,-0.09266666666666801
20240318,15,11,5,3994,3994,53.96,2,MAKURI_SASHI,1,14.663333333333332,14.756,6.63,3.0,12.831,3.0,0.0,0.0005,0,0.0,24.2,3.0,1.0,58.06,39.35,0,0.0,小野 桜,32.37,0,0.19,-0.09266666666666801
20240318,15,11,6,4399,4399,44.59,2,MAKURI_SASHI,5,14.663333333333332,14.756,6.71,3.0,13.731,0.0,0.0,0.0005,0,0.0,33.3,3.0,0.0,49.32,28.08,0,0.0,松本 晶恵,33.11,0,0.18,-0.09266666666666801
20240318,15,12,1,4482,4482,49.3,6,NIGE,1,14.194,143165591.5233333,6.62,2.0,429496745.604,80.3,0.0,0.09,0,0.0,96.7,2.0,0.0,55.19,39.61,0,0.0,守屋 美穂,39.44,1,0.12,-143165577.3293333
20240318,15,12,2,4738,4738,49.33,5,NIGE,5,14.194,143165591.5233333,6.75,2.0,13.275,32.6,11.0,0.08,0,0.0,69.5,2.0,0.0,51.28,33.33,0,4.0,清埜 翔子,32.67,1,0.16,-143165577.3293333
20240318,15,12,3,4117,4117,53.68,4,NIGE,3,14.194,143165591.5233333,6.73,2.0,15.690999999999999,14.7,1.0,0.07,0,2.0,64.7,2.0,0.0,40.14,24.49,0,1.0,廣中 智紗衣,38.97,1,0.16,-143165577.3293333
20240318,15,12,4,3845,3845,50.74,3,NIGE,2,14.194,143165591.5233333,6.72,2.0,13.879999999999999,25.0,2.0,0.06,0,1.0,70.4,2.0,3.0,46.05,31.58,0,3.0,中谷 朋子,33.82,1,0.21,-143165577.3293333
20240318,15,12,5,4464,4464,57.14,2,NIGE,5,14.194,143165591.5233333,6.75,2.0,14.541000000000002,4.7,0.0,0.05,0,0.0,33.3,2.0,2.0,48.7,37.01,0,0.0,山下 友貴,37.59,1,0.17,-143165577.3293333
20240318,15,12,6,3232,3232,48.67,1,NIGE,4,14.194,143165591.5233333,6.74,2.0,14.161,0.0,0.0,0.0003,0,0.0,37.5,2.0,0.0,49.35,37.66,0,0.0,山川 美由紀,34.67,1,0.16,-143165577.3293333
20240318,15,1,1,3509,3509,53.9,5,NIGE,2,15.475666666666664,14.308,6.64,2.0,13.847999999999999,17.3,0.0,0.14,0,0.0,60.8,2.0,0.0,52.98,34.44,0,0.0,池 千夏,38.3,0,0.14,1.1676666666666637
20240318,15,1,2,3357,3357,58.39,4,NIGE,4,15.475666666666664,14.308,6.75,2.0,15.097,18.1,5.0,0.11,0,0.0,47.7,2.0,0.0,52.29,36.6,0,3.0,福島 陽子,41.61,0,0.21,1.1676666666666637
20240318,15,1,3,3175,3175,50.0,3,NIGE,5,15.475666666666664,14.308,6.76,2.0,13.979,9.3,2.0,0.04,0,0.0,46.8,2.0,1.0,45.1,31.37,0,0.0,渡辺 千草,36.03,0,0.17,1.1676666666666637
20240318,15,1,4,5173,5173,64.66,1,NIGE,3,15.475666666666664,14.308,6.7,2.0,16.407999999999998,6.6,0.0,0.0001,1,0.0,30.0,2.0,0.0,53.59,37.91,0,2.0,谷口 佳蓮,46.62,0,0.16,1.1676666666666637
20240318,15,1,5,5334,5334,52.94,2,NIGE,6,15.475666666666664,14.308,6.77,2.0,13.887,0.0,0.0,0.03,0,0.0,0.0,2.0,0.0,51.32,32.24,0,0.0,樫葉 新心,42.65,0,0.37,1.1676666666666637
20240318,15,1,6,4534,4534,62.5,1,NIGE,1,15.475666666666664,14.308,6.53,2.0,16.131999999999998,0.0,0.0,0.0001,0,0.0,15.0,2.0,0.0,42.18,27.21,0,0.0,坂 咲友理,44.12,0,0.2,1.1676666666666637
20240318,15,2,1,3289,3289,48.82,1,SASHI,2,12.39,13.026333333333334,6.68,1.0,13.813,41.9,0.0,0.04,0,0.0,77.4,1.0,0.0,46.15,24.48,0,0.0,高橋 淳美,34.65,0,0.17,-0.636333333333333
20240318,15,2,2,5153,5153,46.15,2,SASHI,5,12.39,13.026333333333334,6.74,1.0,11.205,2.9,1.0,0.08,0,0.0,17.6,1.0,0.0,54.84,40.0,0,0.0,佐藤 ほのか,29.37,0,0.17,-0.636333333333333
20240318,15,2,3,3232,3232,48.67,2,SASHI,4,12.39,13.026333333333334,6.71,1.0,14.061,13.3,1.0,0.08,0,0.0,53.3,1.0,0.0,49.35,37.66,0,3.0,山川 美由紀,34.67,0,0.15,-0.636333333333333
20240318,15,2,4,4399,4399,44.59,3,SASHI,5,12.39,13.026333333333334,6.74,1.0,13.630999999999998,0.0,0.0,0.12,0,0.0,61.2,1.0,0.0,49.32,28.08,0,0.0,松本 晶恵,33.11,0,0.18,-0.636333333333333
20240318,15,2,5,3674,3674,49.66,4,SASHI,1,12.39,13.026333333333334,6.66,1.0,13.036,12.1,0.0,0.13,0,0.0,33.3,1.0,3.0,57.89,36.84,0,1.0,岸 恵子,33.1,0,0.14,-0.636333333333333
20240318,15,2,6,5326,5326,45.93,5,SASHI,3,12.39,13.026333333333334,6.69,1.0,10.503,0.0,0.0,0.15,0,0.0,0.0,1.0,0.0,48.99,30.2,0,0.0,三嶌 さらら,31.85,0,0.22,-0.636333333333333
20240318,15,3,1,3693,3693,42.14,1,MAKURI,1,14.463999999999999,12.713000000000001,,2.0,12.148,18.7,0.0,,0,0.0,65.6,2.0,0.0,49.34,34.87,0,0.0,栢場 優子,30.0,0,0.18,1.7509999999999977
20240318,15,3,2,3302,3302,45.45,1,MAKURI,1,14.463999999999999,12.713000000000001,,2.0,14.071,15.3,1.0,,0,0.0,53.8,2.0,0.0,45.7,31.13,0,5.0,谷川 里江,34.85,0,0.2,1.7509999999999977
20240318,15,3,3,5241,5241,48.18,1,MAKURI,1,14.463999999999999,12.713000000000001,,2.0,11.92,50.0,0.0,,0,0.0,50.0,2.0,1.0,48.98,31.29,0,0.0,門田 栞,32.12,0,0.23,1.7509999999999977
20240318,15,3,4,5200,5200,56.25,1,MAKURI,1,14.463999999999999,12.713000000000001,,2.0,11.95,0.0,0.0,,,0.0,16.6,2.0,0.0,46.05,32.89,0,0.0,筒井 美琴,35.42,0,0.21,1.7509999999999977
20240318,15,3,5,4208,4208,59.44,1,MAKURI,1,14.463999999999999,12.713000000000001,,2.0,17.427999999999997,12.5,1.0,,0,2.0,60.0,2.0,1.0,47.37,30.92,0,1.0,三浦 永理,42.66,0,0.17,1.7509999999999977
20240318,15,3,6,5056,5056,47.86,1,MAKURI,1,14.463999999999999,12.713000000000001,,2.0,14.014,0.0,0.0,,0,0.0,11.7,2.0,0.0,52.9,34.84,0,0.0,西岡 成美,32.86,0,0.14,1.7509999999999977
20240318,15,4,1,5162,5162,53.85,3,MAKURI_SASHI,2,143165590.04633334,15.073999999999998,6.67,1.0,14.258,20.0,0.0,0.05,0,1.0,40.0,1.0,0.0,49.03,32.9,0,0.0,松尾 怜実,38.46,1,0.18,143165574.97233334
20240318,15,4,2,3871,3871,57.78,2,MAKURI_SASHI,3,143165590.04633334,15.073999999999998,6.68,1.0,16.02,8.3,2.0,0.04,0,0.0,58.3,1.0,0.0,50.0,34.42,0,1.0,池田 紫乃,42.22,1,0.16,143165574.97233334
20240318,15,4,3,4450,4450,56.64,1,MAKURI_SASHI,1,143165590.04633334,15.073999999999998,6.65,1.0,14.943999999999999,7.6,0.0,0.03,0,0.0,61.5,1.0,2.0,54.55,33.77,0,0.0,平高 奈菜,36.36,1,0.18,143165574.97233334
20240318,15,4,4,4569,4569,53.49,6,MAKURI_SASHI,5,143165590.04633334,15.073999999999998,6.74,1.0,429496744.455,7.6,0.0,0.28,0,0.0,46.1,1.0,1.0,49.66,28.57,0,2.0,中澤 宏奈,39.53,1,0.17,143165574.97233334
20240318,15,4,5,5265,5265,53.42,4,MAKURI_SASHI,6,143165590.04633334,15.073999999999998,6.79,1.0,12.003999999999998,0.0,0.0,0.11,0,0.0,14.2,1.0,0.0,57.05,36.54,0,0.0,大廣 咲季,36.3,1,0.23,143165574.97233334
20240318,15,4,6,3845,3845,50.74,5,MAKURI_SASHI,4,143165590.04633334,15.073999999999998,6.69,1.0,13.68,10.0,0.0,0.15,0,1.0,30.0,1.0,0.0,46.05,31.58,0,0.0,中谷 朋子,33.82,1,0.2,143165574.97233334
20240318,15,5,1,3993,3993,64.18,3,SASHI,1,143165589.79033333,14.752,6.61,2.0,16.505,47.8,0.0,0.13,0,0.0,78.2,2.0,0.0,41.33,25.33,0,0.0,永井 聖美,46.27,0,0.17,143165575.03833333
20240318,15,5,2,4961,4961,57.14,4,SASHI,2,143165589.79033333,14.752,6.69,2.0,16.132,34.3,5.0,0.16,0,1.0,65.6,2.0,0.0,40.67,30.67,0,5.0,西橋 奈未,39.46,0,0.15,143165575.03833333
20240318,15,5,3,3334,3334,51.85,5,SASHI,5,143165589.79033333,14.752,6.77,2.0,11.619,12.1,1.0,0.18,0,0.0,57.5,2.0,2.0,48.68,35.53,0,1.0,角 ひとみ,29.63,0,0.21,143165575.03833333
20240318,15,5,4,4464,4464,57.14,2,SASHI,4,143165589.79033333,14.752,6.73,2.0,14.541000000000002,2.6,1.0,0.09,1,0.0,28.9,2.0,0.0,48.7,37.01,0,0.0,山下 友貴,37.59,0,0.18,143165575.03833333
20240318,15,5,5,5118,5118,52.38,1,SASHI,3,143165589.79033333,14.752,6.7,2.0,11.743,0.0,0.0,0.05,0,0.0,34.7,2.0,0.0,42.11,31.58,0,0.0,野田 なづき,27.89,0,0.19,143165575.03833333
20240318,15,5,6,5334,5334,52.94,6,SASHI,4,143165589.79033333,14.752,6.73,2.0,429496743.087,0.0,0.0,0.28,0,0.0,0.0,2.0,0.0,51.32,32.24,0,0.0,樫葉 新心,42.65,0,0.26,143165575.03833333
20240318,15,6,1,3932,3932,50.35,5,SASHI,2,143165588.98599997,13.340333333333334,6.73,2.0,12.561,48.6,0.0,0.28,0,0.0,78.3,2.0,0.0,49.29,30.0,0,0.0,池田 浩美,33.57,0,0.16,143165575.64566663
20240318,15,6,2,3175,3175,50.0,2,SASHI,3,143165588.98599997,13.340333333333334,6.77,2.0,14.079,6.2,2.0,0.03,0,0.0,59.3,2.0,0.0,45.1,31.37,0,0.0,渡辺 千草,36.03,0,0.19,143165575.64566663
20240318,15,6,3,4443,4443,50.34,1,SASHI,6,143165588.98599997,13.340333333333334,6.83,2.0,13.381,9.7,0.0,0.0002,0,1.0,63.4,2.0,2.0,53.69,30.2,0,1.0,津田 裕絵,31.97,0,0.16,143165575.64566663
20240318,15,6,4,4738,4738,49.33,3,SASHI,4,143165588.98599997,13.340333333333334,6.78,2.0,13.475,15.2,1.0,0.07,0,1.0,67.3,2.0,0.0,51.28,33.33,0,5.0,清埜 翔子,32.67,0,0.16,143165575.64566663
20240318,15,6,5,4224,4224,52.03,4,SASHI,1,143165588.98599997,13.340333333333334,6.68,2.0,12.703,3.0,0.0,0.11,0,0.0,30.3,2.0,1.0,46.75,32.47,0,0.0,大橋 栄里佳,32.43,0,0.2,143165575.64566663
20240318,15,6,6,5314,5314,60.0,6,SASHI,5,143165588.98599997,13.340333333333334,6.82,2.0,429496740.78,0.0,0.0,0.34,0,0.0,0.0,2.0,0.0,57.52,33.33,0,0.0,中曽 瑠華,35.38,0,0.23,143165575.64566663
20240318,15,7,1,3994,3994,53.96,1,SASHI,2,13.347999999999999,143165591.51433334,6.63,2.0,12.931,20.6,0.0,0.05,0,0.0,65.5,2.0,0.0,58.06,39.35,0,0.0,小野 桜,32.37,1,0.23,-143165578.16633335
20240318,15,7,2,5173,5173,64.66,6,SASHI,4,13.347999999999999,143165591.51433334,6.69,2.0,429496745.508,13.7,2.0,0.27,0,0.0,37.9,2.0,0.0,53.59,37.91,0,2.0,谷口 佳蓮,46.62,1,0.19,-143165578.16633335
20240318,15,7,3,4482,4482,49.3,5,SASHI,3,13.347999999999999,143165591.51433334,6.66,2.0,16.104,15.2,2.0,0.24,0,0.0,56.5,2.0,3.0,55.19,39.61,0,2.0,守屋 美穂,39.44,1,0.15,-143165578.16633335
20240318,15,7,4,4929,4929,64.39,2,SASHI,1,13.347999999999999,143165591.51433334,6.59,2.0,15.855,6.6,1.0,0.06,1,0.0,6.6,2.0,0.0,53.21,37.82,0,0.0,梅内 夕貴奈,46.21,1,0.18,-143165578.16633335
20240318,15,7,5,5200,5200,56.25,4,SASHI,6,13.347999999999999,143165591.51433334,6.71,2.0,11.649999999999999,0.0,0.0,0.14,0,0.0,4.7,2.0,0.0,46.05,32.89,0,0.0,筒井 美琴,35.42,1,0.22,-143165578.16633335
20240318,15,7,6,4720,4720,48.32,3,SASHI,5,13.347999999999999,143165591.51433334,6.7,2.0,12.539,0.0,0.0,0.08,0,0.0,16.6,2.0,0.0,53.9,40.26,0,0.0,西澤 日花里,32.21,1,0.19,-143165578.16633335
20240318,15,8,1,4117,4117,53.68,6,NIGE,4,14.301999999999998,143165590.84733334,6.76,2.0,429496745.091,42.5,0.0,0.08,0,1.0,80.8,2.0,0.0,40.14,24.49,0,0.0,廣中 智紗衣,38.97,1,0.18,-143165576.54533336
20240318,15,8,2,5056,5056,47.86,2,NIGE,2,14.301999999999998,143165590.84733334,6.71,2.0,13.914,19.4,5.0,0.01,0,0.0,66.6,2.0,0.0,52.9,34.84,0,2.0,西岡 成美,32.86,1,0.15,-143165576.54533336
20240318,15,8,3,4853,4853,52.05,4,NIGE,5,14.301999999999998,143165590.84733334,6.78,2.0,13.536999999999999,12.5,0.0,0.03,0,1.0,25.0,2.0,0.0,41.45,30.26,0,0.0,前原 哉,36.99,1,0.24,-143165576.54533336
20240318,15,8,4,4240,4240,51.41,3,NIGE,3,14.301999999999998,143165590.84733334,6.73,2.0,14.87,21.0,0.0,0.02,0,0.0,36.8,2.0,6.0,50.0,32.24,0,1.0,今井 裕梨,37.32,1,0.13,-143165576.54533336
20240318,15,8,5,4534,4534,62.5,1,NIGE,1,14.301999999999998,143165590.84733334,6.69,2.0,16.131999999999998,0.0,0.0,0.0002,0,0.0,16.0,2.0,0.0,42.18,27.21,0,0.0,坂 咲友理,44.12,1,0.2,-143165576.54533336
20240318,15,8,6,5265,5265,53.42,5,NIGE,6,14.301999999999998,143165590.84733334,6.81,2.0,11.903999999999998,0.7,1.0,0.07,0,0.0,5.6,2.0,0.0,57.05,36.54,0,0.0,大廣 咲季,36.3,1,0.18,-143165576.54533336
20240318,15,9,1,3579,3579,53.33,3,NIGE,2,12.814999999999998,13.789000000000001,6.7,3.0,13.900999999999998,51.0,0.0,0.13,0,1.0,83.6,3.0,0.0,42.28,28.86,0,0.0,中里 優子,35.33,0,0.16,-0.9740000000000038
20240318,15,9,2,4414,4414,53.28,2,NIGE,5,12.814999999999998,13.789000000000001,6.76,3.0,13.059000000000001,8.3,1.0,0.05,0,0.0,50.0,3.0,0.0,53.59,36.6,0,1.0,大澤 真菜,34.31,0,0.19,-0.9740000000000038
20240318,15,9,3,4387,4387,49.28,1,NIGE,4,12.814999999999998,13.789000000000001,6.74,3.0,14.407,25.6,3.0,0.01,0,0.0,69.2,3.0,2.0,53.25,34.42,0,4.0,平山 智加,32.61,0,0.15,-0.9740000000000038
20240318,15,9,4,5153,5153,46.15,4,NIGE,3,12.814999999999998,13.789000000000001,6.72,3.0,11.004999999999999,2.7,0.0,0.14,0,1.0,21.6,3.0,0.0,54.84,40.0,0,0.0,佐藤 ほのか,29.37,0,0.15,-0.9740000000000038
20240318,15,9,5,5241,5241,48.18,3,NIGE,1,12.814999999999998,13.789000000000001,6.68,3.0,11.719999999999999,0.0,0.0,0.13,0,0.0,18.9,3.0,0.0,48.98,31.29,0,0.0,門田 栞,32.12,0,0.19,-0.9740000000000038
20240318,15,9,6,3871,3871,57.78,5,NIGE,6,12.814999999999998,13.789000000000001,6.79,3.0,15.719999999999999,0.0,0.0,0.17,0,0.0,0.0,3.0,0.0,50.0,34.42,0,0.0,池田 紫乃,42.22,0,0.2,-0.9740000000000038
20240318,17,10,1,4442,4442,54.08,1,NIGE,1,14.047999999999996,11.423,,2.0,10.386999999999999,70.7,0.0,,0,1.0,90.2,2.0,0.0,48.74,38.66,0,0.0,松竹 大輔,22.45,0,0.16,2.6249999999999964
20240318,17,10,2,4395,4395,32.61,1,NIGE,1,14.047999999999996,11.423,,2.0,9.559,5.4,1.0,,0,0.0,43.2,2.0,0.0,31.15,19.67,0,1.0,下河 雅史,20.65,0,0.14,2.6249999999999964
20240318,17,10,3,4788,4788,41.44,1,NIGE,1,14.047999999999996,11.423,,2.0,14.322999999999999,15.2,3.0,,0,0.0,63.0,2.0,1.0,50.39,30.23,0,3.0,小池 哲也,33.33,0,0.15,2.6249999999999964
20240318,17,10,4,3805,3805,50.0,1,NIGE,1,14.047999999999996,11.423,,2.0,14.028999999999998,23.0,1.0,,,0.0,69.2,2.0,2.0,44.83,31.03,0,6.0,高橋 英之,33.33,0,0.12,2.6249999999999964
20240318,17,10,5,4057,4057,41.23,1,NIGE,1,14.047999999999996,11.423,,2.0,11.716,2.8,1.0,,0,0.0,40.0,2.0,0.0,42.17,22.89,0,0.0,松井 賢治,25.44,0,0.15,2.6249999999999964
20240318,17,10,6,3788,3788,58.77,1,NIGE,1,14.047999999999996,11.423,,2.0,16.398999999999997,11.1,0.0,,0,0.0,29.6,2.0,3.0,40.28,25.0,0,0.0,一宮 稔弘,41.23,0,0.13,2.6249999999999964
20240318,17,11,1,4535,4535,38.54,1,NIGE,1,143165591.8166667,13.004666666666665,6.72,2.0,12.339999999999998,84.7,0.0,0.08,0,4.0,93.4,2.0,0.0,43.64,27.27,0,0.0,北山 康介,27.08,0,0.15,143165578.81200004
20240318,17,11,2,4000,4000,53.04,4,NIGE,2,143165591.8166667,13.004666666666665,6.73,2.0,13.995999999999999,22.4,8.0,0.24,0,0.0,79.5,2.0,0.0,46.28,33.88,0,3.0,松本 博昭,34.78,0,0.17,143165578.81200004
20240318,17,11,3,3955,3955,50.0,2,NIGE,1,143165591.8166667,13.004666666666665,6.72,2.0,12.677999999999999,13.1,0.0,0.16,0,0.0,55.2,2.0,0.0,49.04,34.62,0,5.0,眞田 英二,30.56,0,0.17,143165578.81200004
20240318,17,11,4,4122,4122,63.71,3,NIGE,4,143165591.8166667,13.004666666666665,6.77,2.0,15.62,17.0,3.0,0.19,0,0.0,58.5,2.0,2.0,47.11,30.58,0,1.0,安東 幸治,39.52,0,0.16,143165578.81200004
20240318,17,11,5,3304,3304,50.0,6,NIGE,3,143165591.8166667,13.004666666666665,6.76,2.0,429496744.401,4.8,0.0,0.29,0,0.0,36.5,2.0,2.0,66.67,42.16,0,0.0,烏野 賢太,37.07,0,0.17,143165578.81200004
20240318,17,11,6,4260,4260,50.89,5,NIGE,4,143165591.8166667,13.004666666666665,6.77,2.0,15.428999999999998,3.2,0.0,0.27,0,0.0,41.9,2.0,1.0,56.14,37.72,0,0.0,中越 博紀,39.29,0,0.2,143165578.81200004
20240318,17,12,1,4448,4448,45.0,1,MAKURI,1,14.374,14.055666666666667,6.7,2.0,12.868,84.9,0.0,0.0003,0,1.0,100.0,2.0,0.0,60.0,43.2,0,0.0,青木 玄太,27.0,0,0.13,0.31833333333333336
20240318,17,12,2,3966,3966,60.0,4,MAKURI,6,14.374,14.055666666666667,6.86,2.0,16.264000000000003,17.6,8.0,0.0008,0,0.0,66.6,2.0,0.0,59.13,38.26,0,1.0,作間 章,41.74,0,0.19,0.31833333333333336
20240318,17,12,3,4227,4227,44.35,2,MAKURI,3,14.374,14.055666666666667,6.79,2.0,13.035,21.7,1.0,0.0005,0,0.0,54.3,2.0,3.0,59.68,38.71,0,5.0,安達 裕樹,29.57,0,0.15,0.31833333333333336
20240318,17,12,4,4364,4364,66.95,5,MAKURI,2,14.374,14.055666666666667,6.76,2.0,17.535,21.2,1.0,0.0009,0,1.0,70.2,2.0,3.0,45.63,32.04,0,5.0,池永 太,44.07,0,0.14,0.31833333333333336
20240318,17,12,5,4739,4739,31.76,4,MAKURI,4,14.374,14.055666666666667,6.81,2.0,9.741999999999999,0.0,0.0,0.0008,0,0.0,45.4,2.0,0.0,44.27,29.01,0,0.0,中村 晃朋,18.82,0,0.16,0.31833333333333336
20240318,17,12,6,4808,4808,61.47,3,MAKURI,5,14.374,14.055666666666667,6.82,2.0,15.844999999999999,5.4,1.0,0.0006,0,0.0,45.9,2.0,0.0,52.21,35.4,0,1.0,松尾 拓,40.37,0,0.16,0.31833333333333336
20240318,17,1,1,4788,4788,41.44,6,MAKURI,4,14.342999999999998,143165590.28533334,6.78,3.0,429496743.423,54.1,0.0,0.19,0,2.0,91.6,3.0,0.0,50.39,30.23,0,0.0,小池 哲也,33.33,1,0.16,-143165575.94233334
20240318,17,1,2,4406,4406,57.0,5,MAKURI,4,14.342999999999998,143165590.28533334,6.78,3.0,14.807999999999998,4.8,0.0,0.15,0,1.0,56.1,3.0,0.0,51.52,37.37,0,1.0,幸野 史明,41.0,1,0.18,-143165575.94233334
20240318,17,1,3,5222,5222,41.44,4,MAKURI,3,14.342999999999998,143165590.28533334,6.75,3.0,12.625,11.1,0.0,0.14,0,0.0,70.3,3.0,2.0,52.21,34.51,0,1.0,津田 陸翔,30.63,1,0.14,-143165575.94233334
20240318,17,1,4,4034,4034,59.17,2,MAKURI,5,14.342999999999998,143165590.28533334,6.84,3.0,15.237,0.0,0.0,0.01,1,0.0,33.3,3.0,0.0,62.1,40.32,0,0.0,西原 明生,40.83,1,0.19,-143165575.94233334
20240318,17,1,5,3614,3614,62.1,1,MAKURI,2,14.342999999999998,143165590.28533334,6.74,3.0,15.796,2.1,0.0,0.0001,0,0.0,28.2,3.0,0.0,49.57,31.3,0,1.0,谷 勝幸,41.94,1,0.18,-143165575.94233334
20240318,17,1,6,4204,4204,55.37,3,MAKURI,1,14.342999999999998,143165590.28533334,6.7,3.0,11.995999999999999,2.3,0.0,0.03,0,0.0,21.4,3.0,0.0,49.49,31.31,0,1.0,柴田 大輔,31.4,1,0.22,-143165575.94233334
20240318,17,4,1,4873,4873,50.49,4,MAKURI,3,143165588.6643333,11.708999999999998,6.81,6.0,11.655999999999999,33.3,0.0,0.1,0,0.0,66.6,5.0,0.0,36.26,25.27,1,0.0,蒲原 健太,30.1,1,0.18,143165576.95533332
20240318,17,4,2,4739,4739,31.76,5,MAKURI,5,143165588.6643333,11.708999999999998,6.89,6.0,9.642,26.0,11.0,0.16,0,0.0,73.9,5.0,0.0,44.27,29.01,1,1.0,中村 晃朋,18.82,1,0.17,143165576.95533332
20240318,17,4,3,3805,3805,50.0,3,MAKURI,2,143165588.6643333,11.708999999999998,6.79,6.0,13.828999999999997,20.0,0.0,0.07,0,2.0,62.5,5.0,5.0,44.83,31.03,1,1.0,高橋 英之,33.33,1,0.13,143165576.95533332
20240318,17,4,4,4684,4684,33.71,6,MAKURI,3,143165588.6643333,11.708999999999998,6.81,6.0,429496739.739,12.2,1.0,0.19,0,0.0,34.1,5.0,0.0,55.28,44.72,1,4.0,楠原 翔太,22.47,1,0.15,143165576.95533332
20240318,17,4,5,3955,3955,50.0,2,MAKURI,4,143165588.6643333,11.708999999999998,6.88,6.0,12.677999999999999,3.4,0.0,0.0008,0,0.0,37.9,5.0,1.0,49.04,34.62,1,0.0,眞田 英二,30.56,1,0.21,143165576.95533332
20240318,17,4,6,5134,5134,55.65,1,MAKURI,1,143165588.6643333,11.708999999999998,6.77,6.0,13.575999999999999,2.1,0.0,0.0005,0,0.0,19.5,5.0,1.0,34.38,21.88,1,0.0,大原 祥昌,34.78,1,0.15,143165576.95533332
20240318,17,5,1,4364,4364,66.95,2,NIGE,1,12.610999999999999,14.421666666666667,6.8,5.0,17.835,68.1,0.0,0.15,0,0.0,92.7,5.0,0.0,45.63,32.04,0,0.0,池永 太,44.07,1,0.14,-1.810666666666668
20240318,17,5,2,4449,4449,43.93,3,NIGE,1,12.610999999999999,14.421666666666667,6.8,5.0,11.233999999999998,9.7,2.0,0.22,0,0.0,41.4,5.0,0.0,50.41,39.67,0,2.0,中嶋 達也,28.04,1,0.18,-1.810666666666668
20240318,17,5,3,4000,4000,53.04,2,NIGE,1,12.610999999999999,14.421666666666667,6.8,5.0,14.196,17.7,1.0,0.15,0,1.0,62.2,5.0,1.0,46.28,33.88,0,5.0,松本 博昭,34.78,1,0.18,-1.810666666666668
20240318,17,5,4,4053,4053,47.62,3,NIGE,2,12.610999999999999,14.421666666666667,6.84,5.0,12.209,10.0,0.0,0.22,0,0.0,40.0,5.0,2.0,50.0,31.73,0,2.0,芦澤 望,28.57,1,0.16,-1.810666666666668
20240318,17,5,5,4442,4442,54.08,2,NIGE,3,12.610999999999999,14.421666666666667,6.85,5.0,10.286999999999999,3.1,0.0,0.15,0,0.0,59.3,5.0,1.0,48.74,38.66,0,0.0,松竹 大輔,22.45,1,0.17,-1.810666666666668
20240318,17,5,6,4034,4034,59.17,1,NIGE,4,12.610999999999999,14.421666666666667,6.86,5.0,15.337,7.4,0.0,0.02,0,0.0,22.2,5.0,0.0,62.1,40.32,0,2.0,西原 明生,40.83,1,0.22,-1.810666666666668
20240318,17,6,1,3912,3912,35.71,4,NIGE,3,143165590.81800002,11.202333333333334,6.81,4.0,8.77,54.8,0.0,0.08,0,0.0,77.4,4.0,0.0,54.13,32.11,0,0.0,川原 正明,17.86,1,0.16,143165579.6156667
20240318,17,6,2,4227,4227,44.35,1,NIGE,1,143165590.81800002,11.202333333333334,6.79,4.0,13.135,25.6,5.0,0.0,0,0.0,74.3,4.0,0.0,59.68,38.71,0,4.0,安達 裕樹,29.57,1,0.14,143165579.6156667
20240318,17,6,3,4951,4951,42.61,3,NIGE,2,143165590.81800002,11.202333333333334,6.8,4.0,11.701999999999998,22.7,1.0,0.0009,0,0.0,68.1,4.0,1.0,59.22,45.63,0,3.0,新田 洋一,28.7,1,0.12,143165579.6156667
20240318,17,6,4,3788,3788,58.77,2,NIGE,4,143165590.81800002,11.202333333333334,6.85,4.0,16.299,18.3,0.0,0.0002,0,0.0,59.1,4.0,4.0,40.28,25.0,0,5.0,一宮 稔弘,41.23,1,0.13,143165579.6156667
20240318,17,6,5,4429,4429,43.24,6,NIGE,4,143165590.81800002,11.202333333333334,6.85,4.0,429496740.735,0.0,0.0,0.13,0,0.0,11.9,4.0,0.0,47.37,27.37,0,0.0,豊田 泰洋,29.73,1,0.2,143165579.6156667
20240318,17,6,6,4122,4122,63.71,5,NIGE,5,143165590.81800002,11.202333333333334,6.87,4.0,15.42,4.5,0.0,0.12,0,0.0,27.2,4.0,1.0,47.11,30.58,0,1.0,安東 幸治,39.52,1,0.18,143165579.6156667
20240318,17,7,1,3542,3542,45.54,1,MAKURI,3,11.097333333333333,143165588.166,6.86,4.0,11.998,17.6,0.0,0.001,0,0.0,55.8,4.0,0.0,47.46,29.66,0,0.0,清水 紀克,29.46,0,0.15,-143165577.06866667
20240318,17,7,2,4448,4448,45.0,6,MAKURI,2,11.097333333333333,143165588.166,6.79,4.0,429496741.968,23.3,5.0,0.22,0,1.0,83.3,4.0,0.0,60.0,43.2,0,1.0,青木 玄太,27.0,0,0.16,-143165577.06866667
20240318,17,7,3,4359,4359,37.5,3,MAKURI,5,11.097333333333333,143165588.166,6.96,4.0,10.532,13.5,0.0,0.04,0,1.0,51.3,4.0,3.0,39.19,20.27,0,1.0,横川 聖志,23.96,0,0.12,-143165577.06866667
20240318,17,7,4,4204,4204,55.37,2,MAKURI,1,11.097333333333333,143165588.166,6.77,4.0,12.096,12.9,1.0,0.03,0,0.0,35.4,4.0,3.0,49.49,31.31,0,0.0,柴田 大輔,31.4,0,0.22,-143165577.06866667
20240318,17,7,5,4531,4531,37.21,4,MAKURI,4,11.097333333333333,143165588.166,6.89,4.0,10.462,4.0,0.0,0.06,0,0.0,46.0,4.0,2.0,50.44,31.86,0,0.0,武富 智亮,23.26,0,0.16,-143165577.06866667
20240318,17,7,6,3327,3327,44.83,5,MAKURI,4,11.097333333333333,143165588.166,6.89,4.0,10.734,0.0,0.0,0.21,0,0.0,35.2,4.0,0.0,49.21,35.71,0,0.0,野長瀬 正孝,24.14,0,0.27,-143165577.06866667
20240318,17,9,1,3951,3951,32.5,5,MAKURI_SASHI,5,12.659999999999998,143165585.75333336,6.9,3.0,9.267,48.8,0.0,0.04,0,1.0,86.0,3.0,0.0,59.5,36.36,0,0.0,石川 吉鎬,18.75,0,0.17,-143165573.09333336
20240318,17,9,2,3338,3338,47.52,4,MAKURI_SASHI,4,12.659999999999998,143165585.75333336,6.88,3.0,8.254,0.0,0.0,0.0009,0,0.0,44.4,3.0,0.0,57.8,36.7,0,0.0,出本 正博,21.78,0,0.17,-143165573.09333336
20240318,17,9,3,4684,4684,33.71,6,MAKURI_SASHI,1,12.659999999999998,143165585.75333336,6.82,3.0,429496739.739,18.8,0.0,0.15,0,0.0,60.3,3.0,7.0,55.28,44.72,0,3.0,楠原 翔太,22.47,0,0.14,-143165573.09333336
20240318,17,9,4,4323,4323,43.36,2,MAKURI_SASHI,2,12.659999999999998,143165585.75333336,6.83,3.0,13.014,20.6,1.0,0.0001,1,1.0,68.9,3.0,0.0,43.24,28.83,0,4.0,山田 佑樹,31.86,0,0.14,-143165573.09333336
20240318,17,9,5,4406,4406,57.0,3,MAKURI_SASHI,3,12.659999999999998,143165585.75333336,6.86,3.0,15.007999999999997,4.1,0.0,0.0007000000000000001,0,0.0,27.0,3.0,2.0,51.52,37.37,0,0.0,幸野 史明,41.0,0,0.17,-143165573.09333336
20240318,17,9,6,5236,5236,45.37,1,MAKURI_SASHI,3,12.659999999999998,143165585.75333336,6.86,3.0,9.958,0.6,0.0,0.0,0,1.0,3.7,3.0,0.0,37.36,24.18,0,0.0,小宮 涼雅,27.78,0,0.2,-143165573.09333336
20240318,22,10,1,5087,5087,28.57,5,NIGE,1,11.871,143165586.37533334,6.89,3.0,11.732999999999999,64.0,0.0,0.17,0,1.0,76.0,3.0,0.0,52.94,29.41,0,0.0,佐藤 航,28.57,0,0.15,-143165574.50433335
20240318,22,10,2,5242,5242,41.18,6,NIGE,5,11.871,143165586.37533334,6.97,3.0,429496734.042,0.0,0.0,0.37,0,0.0,0.0,3.0,0.0,94.74,84.21,0,0.0,高山 弘斗,11.76,0,0.0,-143165574.50433335
20240318,22,10,3,4711,4711,44.44,1,NIGE,2,11.871,143165586.37533334,6.93,3.0,13.350999999999999,6.0,0.0,0.0004,0,0.0,75.7,3.0,0.0,42.11,31.58,0,2.0,前出 達吉,33.33,0,0.14,-143165574.50433335
20240318,22,10,4,3381,3381,23.53,4,NIGE,4,11.871,143165586.37533334,6.95,3.0,8.478999999999997,18.6,0.0,0.16,0,0.0,51.1,3.0,2.0,73.68,47.37,0,6.0,滝沢 芳行,17.65,0,0.14,-143165574.50433335
20240318,22,10,5,4570,4570,47.06,2,NIGE,3,11.871,143165586.37533334,6.94,3.0,11.373000000000001,13.6,1.0,0.12,0,0.0,54.5,3.0,4.0,70.59,29.41,0,1.0,前田 聖文,23.53,0,0.14,-143165574.50433335
20240318,22,10,6,4734,4734,50.0,3,NIGE,1,11.871,143165586.37533334,6.89,3.0,15.761,0.0,0.0,0.14,0,0.0,20.6,3.0,0.0,63.16,52.63,0,0.0,安河内 将,38.89,0,0.18,-143165574.50433335
20240318,22,11,1,5015,5015,55.56,1,NIGE,1,19.501999999999995,8.845,,3.0,9.343000000000002,81.6,0.0,,0,0.0,90.0,3.0,0.0,33.33,33.33,0,0.0,高橋 竜矢,16.67,0,0.12,10.656999999999995
20240318,22,11,2,4828,4828,30.0,1,NIGE,1,19.501999999999995,8.845,,3.0,4.132,13.9,4.0,,0,1.0,74.4,3.0,0.0,50.0,0.0,0,1.0,松山 将吾,0.0,0,0.13,10.656999999999995
20240318,22,11,3,4131,4131,60.0,1,NIGE,1,19.501999999999995,8.845,,3.0,13.06,22.2,1.0,,0,1.0,86.1,3.0,3.0,23.53,0.0,0,3.0,原 豊土,30.0,0,0.14,10.656999999999995
20240318,22,11,4,4877,4877,52.94,1,NIGE,1,19.501999999999995,8.845,,3.0,16.618,18.4,0.0,,,0.0,65.7,3.0,1.0,88.89,66.67,0,6.0,鈴谷 一平,41.18,0,0.14,10.656999999999995
20240318,22,11,5,4638,4638,89.47,1,NIGE,1,19.501999999999995,8.845,,3.0,22.293999999999997,4.6,0.0,,0,1.0,32.5,3.0,1.0,35.29,29.41,0,0.0,小林 遼太,63.16,0,0.19,10.656999999999995
20240318,22,11,6,5029,5029,72.22,1,NIGE,1,19.501999999999995,8.845,,3.0,19.593999999999998,0.0,0.0,,0,0.0,17.7,3.0,0.0,36.84,26.32,0,0.0,中 亮太,50.0,0,0.15,10.656999999999995
20240318,22,12,1,3257,3257,50.0,1,NIGE,1,10.572,17.468,,2.0,14.286999999999999,68.2,0.0,,0,0.0,87.8,2.0,0.0,50.0,35.71,0,0.0,田頭 実,33.33,0,0.13,-6.896000000000001
20240318,22,12,2,3721,3721,55.56,1,NIGE,1,10.572,17.468,,2.0,16.807,28.5,6.0,,0,0.0,77.1,2.0,0.0,0.0,0.0,0,4.0,守田 俊介,38.89,0,0.15,-6.896000000000001
20240318,22,12,3,4371,4371,88.89,1,NIGE,1,10.572,17.468,,2.0,21.31,9.2,0.0,,0,1.0,66.6,2.0,2.0,42.11,15.79,0,2.0,西山 貴浩,55.56,0,0.13,-6.896000000000001
20240318,22,12,4,3716,3716,11.76,1,NIGE,1,10.572,17.468,,2.0,6.37,24.4,0.0,,,0.0,64.4,2.0,3.0,68.42,47.37,0,8.0,石渡 鉄兵,5.88,0,0.1,-6.896000000000001
20240318,22,12,5,4205,4205,35.29,1,NIGE,1,10.572,17.468,,2.0,8.626,18.7,0.0,,0,1.0,68.7,2.0,2.0,83.33,50.0,0,0.0,山口 剛,11.76,0,0.11,-6.896000000000001
20240318,22,12,6,4500,4500,50.0,1,NIGE,1,10.572,17.468,,2.0,16.72,0.0,0.0,,0,0.0,23.5,2.0,0.0,0.0,0.0,0,0.0,山田 康二,40.0,0,0.16,-6.896000000000001
20240318,22,1,1,4877,4877,52.94,2,NIGE,3,13.851666666666667,12.986666666666666,6.85,3.0,16.518,75.0,0.0,0.06,0,0.0,88.6,3.0,0.0,88.89,66.67,0,0.0,鈴谷 一平,41.18,0,0.13,0.8650000000000002
20240318,22,1,2,4936,4936,46.67,5,NIGE,2,13.851666666666667,12.986666666666666,6.84,3.0,13.119,23.0,3.0,0.2,0,0.0,46.1,3.0,0.0,66.67,44.44,0,3.0,戸敷 晃美,33.33,0,0.15,0.8650000000000002
20240318,22,1,3,3882,3882,47.37,3,NIGE,4,13.851666666666667,12.986666666666666,6.86,3.0,9.323,14.2,0.0,0.11,0,1.0,50.0,3.0,3.0,50.0,33.33,0,1.0,新田 智彰,21.05,0,0.17,0.8650000000000002
20240318,22,1,4,5242,5242,41.18,4,NIGE,5,13.851666666666667,12.986666666666666,6.88,3.0,4.6419999999999995,13.3,0.0,0.19,0,1.0,13.3,3.0,0.0,94.74,84.21,0,1.0,高山 弘斗,11.76,0,0.12,0.8650000000000002
20240318,22,1,5,4138,4138,63.16,2,NIGE,1,13.851666666666667,12.986666666666666,6.82,3.0,18.765,5.7,1.0,0.06,0,0.0,37.1,3.0,1.0,44.44,27.78,0,0.0,中井 俊祐,52.63,0,0.16,0.8650000000000002
20240318,22,1,6,5085,5085,61.11,1,NIGE,1,13.851666666666667,12.986666666666666,6.82,3.0,18.148,0.0,0.0,0.04,0,0.0,13.7,3.0,0.0,38.89,27.78,0,0.0,中村 栄治,50.0,0,0.19,0.8650000000000002
20240318,22,3,1,4638,4638,89.47,2,NIGE,2,14.333,17.930999999999997,6.86,4.0,22.194,54.8,0.0,0.08,0,1.0,74.1,4.0,0.0,35.29,29.41,0,0.0,小林 遼太,63.16,0,0.16,-3.597999999999997
20240318,22,3,2,3537,3537,57.89,3,NIGE,5,14.333,17.930999999999997,6.93,4.0,14.878999999999998,0.0,0.0,0.11,0,0.0,31.8,4.0,0.0,37.5,37.5,0,0.0,田山 和広,42.11,0,0.18,-3.597999999999997
20240318,22,3,3,4500,4500,50.0,1,NIGE,4,14.333,17.930999999999997,6.92,4.0,16.72,26.0,0.0,0.01,0,3.0,68.0,4.0,6.0,0.0,0.0,0,3.0,山田 康二,40.0,0,0.14,-3.597999999999997
20240318,22,3,4,4893,4893,57.89,5,NIGE,3,14.333,17.930999999999997,6.9,4.0,20.409000000000002,14.2,0.0,0.28,0,0.0,42.8,4.0,1.0,62.5,62.5,0,3.0,渡邉 真奈美,57.89,0,0.13,-3.597999999999997
20240318,22,3,5,3752,3752,77.78,3,NIGE,1,14.333,17.930999999999997,6.84,4.0,19.508,2.6,0.0,0.11,0,0.0,31.5,4.0,1.0,38.89,27.78,0,0.0,宇土 泰就,55.56,0,0.19,-3.597999999999997
20240318,22,3,6,4744,4744,7.69,4,NIGE,4,14.333,17.930999999999997,6.92,4.0,3.082,0.0,0.0,0.12,0,0.0,27.2,4.0,0.0,76.47,58.82,0,0.0,伊藤 玲奈,0.0,0,0.19,-3.597999999999997
20240318,22,4,1,3286,3286,68.42,4,MAKURI,2,12.694333333333333,19.06,6.86,4.0,18.553,38.4,0.0,0.46,0,1.0,92.3,4.0,0.0,47.06,11.76,0,0.0,坂東 満,52.63,0,0.14,-6.365666666666666
20240318,22,4,2,5060,5060,57.89,3,MAKURI,2,12.694333333333333,19.06,6.86,4.0,17.488999999999997,13.5,3.0,0.43,0,1.0,62.1,4.0,0.0,63.16,31.58,0,1.0,数原 魁,47.37,0,0.17,-6.365666666666666
20240318,22,4,3,5079,5079,68.42,5,MAKURI,4,12.694333333333333,19.06,6.93,4.0,21.137999999999998,8.5,1.0,0.52,0,0.0,31.4,4.0,0.0,36.84,26.32,0,2.0,大石 真央,63.16,0,0.18,-6.365666666666666
20240318,22,4,4,5015,5015,55.56,1,MAKURI,3,12.694333333333333,19.06,6.92,4.0,9.343000000000002,22.0,2.0,0.18,0,1.0,62.0,4.0,0.0,33.33,33.33,0,8.0,高橋 竜矢,16.67,0,0.13,-6.365666666666666
20240318,22,4,5,5087,5087,28.57,2,MAKURI,1,12.694333333333333,19.06,6.83,4.0,12.033,16.6,0.0,0.19,0,1.0,53.3,4.0,2.0,52.94,29.41,0,2.0,佐藤 航,28.57,0,0.18,-6.365666666666666
20240318,22,4,6,3721,3721,55.56,2,MAKURI,5,12.694333333333333,19.06,6.97,4.0,16.707,0.0,0.0,0.19,0,0.0,33.3,4.0,0.0,0.0,0.0,0,0.0,守田 俊介,38.89,0,0.15,-6.365666666666666
20240318,22,5,1,3882,3882,47.37,4,MAKURI,4,11.667,11.911333333333333,6.93,4.0,9.223,45.2,0.0,0.09,0,0.0,80.9,4.0,0.0,50.0,33.33,0,0.0,新田 智彰,21.05,0,0.17,-0.2443333333333335
20240318,22,5,2,4145,4145,26.32,3,MAKURI,6,11.667,11.911333333333333,6.98,4.0,10.549999999999999,7.5,3.0,0.06,0,0.0,42.5,4.0,0.0,55.0,40.0,0,0.0,小澤 学,26.32,0,0.27,-0.2443333333333335
20240318,22,5,3,4734,4734,50.0,1,MAKURI,2,11.667,11.911333333333333,6.87,4.0,15.961,29.7,1.0,0.02,0,0.0,74.4,4.0,9.0,63.16,52.63,0,4.0,安河内 将,38.89,0,0.15,-0.2443333333333335
20240318,22,5,4,5117,5117,58.82,2,MAKURI,1,11.667,11.911333333333333,6.86,4.0,17.082,8.0,0.0,0.05,0,0.0,44.0,4.0,1.0,55.56,22.22,0,1.0,冨名腰 桃奈,47.06,0,0.18,-0.2443333333333335
20240318,22,5,5,3257,3257,50.0,2,MAKURI,3,11.667,11.911333333333333,6.88,4.0,14.187,0.0,0.0,0.05,0,0.0,0.0,4.0,0.0,50.0,35.71,0,0.0,田頭 実,33.33,0,0.2,-0.2443333333333335
20240318,22,5,6,4828,4828,30.0,5,MAKURI,5,11.667,11.911333333333333,6.97,4.0,3.7319999999999998,2.4,1.0,0.11,0,0.0,31.7,4.0,0.0,50.0,0.0,0,0.0,松山 将吾,0.0,0,0.18,-0.2443333333333335
20240318,22,6,1,3615,3615,47.06,2,NIGE,2,17.492,13.966,6.88,4.0,13.725000000000001,54.0,0.0,0.09,0,2.0,94.5,4.0,0.0,66.67,55.56,0,0.0,横田 茂,35.29,0,0.12,3.5260000000000016
20240318,22,6,2,3381,3381,23.53,2,NIGE,5,17.492,13.966,6.92,4.0,8.678999999999998,15.5,1.0,0.09,0,1.0,64.4,4.0,0.0,73.68,47.37,0,5.0,滝沢 芳行,17.65,0,0.13,3.5260000000000016
20240318,22,6,3,5029,5029,72.22,2,NIGE,1,17.492,13.966,6.87,4.0,19.494,22.8,0.0,0.09,0,1.0,70.1,4.0,7.0,36.84,26.32,0,5.0,中 亮太,50.0,0,0.13,3.5260000000000016
20240318,22,6,4,4371,4371,88.89,3,NIGE,6,17.492,13.966,6.93,4.0,21.11,16.0,1.0,0.41,0,2.0,53.5,4.0,2.0,42.11,15.79,0,4.0,西山 貴浩,55.56,0,0.14,3.5260000000000016
20240318,22,6,5,4383,4383,52.63,2,NIGE,4,17.492,13.966,6.91,4.0,13.152,3.1,1.0,0.09,0,0.0,31.2,4.0,0.0,57.89,42.11,0,0.0,竹田 吉行,31.58,0,0.21,3.5260000000000016
20240318,22,6,6,4436,4436,64.71,1,NIGE,3,17.492,13.966,6.89,4.0,18.214,4.7,0.0,0.01,0,0.0,38.1,4.0,2.0,83.33,66.67,0,0.0,渋谷 明憲,47.06,0,0.18,3.5260000000000016
20240318,22,7,1,4205,4205,35.29,3,NIGE,1,14.113666666666665,143165589.68466666,6.83,3.0,8.425999999999998,79.6,0.0,0.0007000000000000001,0,0.0,92.1,3.0,0.0,83.33,50.0,0,0.0,山口 剛,11.76,0,0.12,-143165575.571
20240318,22,7,2,4076,4076,64.71,2,NIGE,2,14.113666666666665,143165589.68466666,6.9,3.0,21.228,11.3,2.0,0.0004,0,1.0,54.5,3.0,0.0,57.89,47.37,0,2.0,杉田 篤光,58.82,0,0.18,-143165575.571
20240318,22,7,3,3945,3945,30.77,6,NIGE,5,14.113666666666665,143165589.68466666,6.98,3.0,429496739.4,6.6,0.0,0.17,0,1.0,46.6,3.0,0.0,13.33,13.33,0,1.0,橋口 真樹,23.08,0,0.2,-143165575.571
20240318,22,7,4,4327,4327,57.89,1,NIGE,2,14.113666666666665,143165589.68466666,6.9,3.0,10.702,5.7,1.0,0.0003,1,0.0,34.2,3.0,1.0,61.9,38.1,0,0.0,加藤 翔,26.32,0,0.19,-143165575.571
20240318,22,7,5,3072,3072,52.94,4,NIGE,4,14.113666666666665,143165589.68466666,6.92,3.0,10.405,0.0,0.0,0.0008,0,0.0,0.0,3.0,0.0,75.0,55.0,0,0.0,西田 靖,23.53,0,0.0,-143165575.571
20240318,22,7,6,4116,4116,85.0,5,NIGE,3,14.113666666666665,143165589.68466666,6.91,3.0,21.233999999999998,3.2,1.0,0.04,0,0.0,32.2,3.0,0.0,45.45,18.18,0,0.0,川田 正人,60.0,0,0.19,-143165575.571
20240318,22,8,1,3444,3444,47.37,1,SASHI,1,13.027000000000001,10.747,,3.0,10.792,20.0,0.0,,0,0.0,60.0,3.0,0.0,47.37,31.58,0,0.0,香月 大介,26.32,0,0.13,2.280000000000001
20240318,22,8,2,3716,3716,11.76,1,SASHI,1,13.027000000000001,10.747,,3.0,6.37,30.0,11.0,,0,3.0,72.0,3.0,0.0,68.42,47.37,0,1.0,石渡 鉄兵,5.88,0,0.13,2.280000000000001
20240318,22,8,3,3537,3537,57.89,1,SASHI,1,13.027000000000001,10.747,,3.0,15.078999999999999,0.0,0.0,,0,0.0,23.8,3.0,0.0,37.5,37.5,0,0.0,田山 和広,42.11,0,0.17,2.280000000000001
20240318,22,8,4,5060,5060,57.89,1,SASHI,1,13.027000000000001,10.747,,3.0,17.688999999999997,9.0,0.0,,,1.0,48.4,3.0,0.0,63.16,31.58,0,2.0,数原 魁,47.37,0,0.16,2.280000000000001
20240318,22,8,5,5212,5212,58.33,1,SASHI,1,13.027000000000001,10.747,,3.0,15.055,0.0,0.0,,0,0.0,18.0,3.0,0.0,56.25,37.5,0,0.0,西川 拓利,41.67,0,0.16,2.280000000000001
20240318,22,8,6,4818,4818,8.33,1,SASHI,1,13.027000000000001,10.747,,3.0,6.337000000000001,3.0,0.0,,0,0.0,30.3,3.0,0.0,44.44,33.33,0,1.0,伏見 俊介,8.33,0,0.15,2.280000000000001
20240318,23,10,1,5142,5142,52.82,6,SASHI,1,12.171333333333335,143165590.178,6.61,6.0,429496743.564,58.3,0.0,0.19,0,2.0,87.5,6.0,0.0,0.0,0.0,1,0.0,常住 蓮,33.8,1,0.17,-143165578.00666666
20240318,23,10,2,3898,3898,57.26,3,SASHI,2,12.171333333333335,143165590.178,6.75,6.0,15.637999999999998,15.1,3.0,0.09,0,2.0,57.5,6.0,0.0,0.0,0.0,1,0.0,平田 忠則,37.9,1,0.16,-143165578.00666666
20240318,23,10,3,4839,4839,44.8,4,SASHI,5,12.171333333333335,143165590.178,6.84,6.0,11.331999999999999,20.0,1.0,0.1,0,0.0,57.1,6.0,5.0,0.0,0.0,1,1.0,四宮 与寛,25.6,1,0.14,-143165578.00666666
20240318,23,10,4,4377,4377,42.74,5,SASHI,6,12.171333333333335,143165590.178,6.86,6.0,10.896,15.3,2.0,0.16,0,0.0,79.4,6.0,3.0,0.0,0.0,1,1.0,濱本 優一,25.64,1,0.16,-143165578.00666666
20240318,23,10,5,4111,4111,52.63,1,SASHI,3,12.171333333333335,143165590.178,6.79,6.0,13.669,2.6,0.0,0.07,0,1.0,39.4,6.0,0.0,0.0,0.0,1,0.0,奥田 誠,34.59,1,0.22,-143165578.00666666
20240318,23,10,6,4346,4346,40.16,2,SASHI,4,12.171333333333335,143165590.178,6.81,6.0,11.949,0.0,0.0,0.08,0,0.0,14.7,6.0,0.0,0.0,0.0,1,0.0,前田 健太郎,30.71,1,0.16,-143165578.00666666
20240318,23,11,1,4384,4384,51.56,1,NIGE,4,12.969666666666667,14.287666666666667,6.82,6.0,12.979000000000001,73.0,0.0,0.0001,0,5.0,90.4,6.0,0.0,0.0,0.0,1,0.0,鶴本 崇文,30.47,1,0.15,-1.3179999999999996
20240318,23,11,2,4236,4236,49.6,4,NIGE,1,12.969666666666667,14.287666666666667,6.76,6.0,15.345999999999998,23.0,7.0,0.1,0,0.0,76.9,6.0,0.0,0.0,0.0,1,2.0,松村 敏,36.8,1,0.11,-1.3179999999999996
20240318,23,11,3,4214,4214,59.2,5,NIGE,3,12.969666666666667,14.287666666666667,6.8,6.0,14.537999999999998,11.1,2.0,0.13,0,1.0,57.4,6.0,3.0,0.0,0.0,1,0.0,林 祐介,36.8,1,0.16,-1.3179999999999996
20240318,23,11,4,4121,4121,56.56,3,NIGE,1,12.969666666666667,14.287666666666667,6.76,6.0,15.082999999999998,2.9,0.0,0.0005,1,1.0,38.2,6.0,0.0,0.0,0.0,1,0.0,富永 修一,36.89,1,0.15,-1.3179999999999996
20240318,23,11,5,4425,4425,52.03,2,NIGE,2,12.969666666666667,14.287666666666667,6.78,6.0,13.971,2.7,0.0,0.0003,0,0.0,38.8,6.0,1.0,0.0,0.0,1,0.0,大井 清貴,35.77,1,0.2,-1.3179999999999996
20240318,23,11,6,4348,4348,41.67,2,NIGE,4,12.969666666666667,14.287666666666667,6.82,6.0,9.855,0.0,0.0,0.0003,0,0.0,25.8,6.0,0.0,0.0,0.0,1,0.0,宮崎 奨,19.17,1,0.18,-1.3179999999999996
20240318,23,12,1,4069,4069,50.38,4,SASHI,4,12.633000000000001,143165591.53933334,6.82,6.0,15.033999999999999,59.5,0.0,0.0009,0,1.0,91.4,6.0,0.0,0.0,0.0,1,0.0,山本 修一,36.64,1,0.14,-143165578.90633336
20240318,23,12,2,4218,4218,46.02,6,SASHI,6,12.633000000000001,143165591.53933334,6.9,6.0,429496743.549,18.8,3.0,0.11,0,2.0,75.4,6.0,0.0,0.0,0.0,1,5.0,吉川 喜継,33.63,1,0.17,-143165578.90633336
20240318,23,12,3,4064,4064,59.7,2,SASHI,2,12.633000000000001,143165591.53933334,6.79,6.0,16.035,14.5,1.0,0.0006,0,4.0,68.7,6.0,0.0,0.0,0.0,1,2.0,原田 篤志,39.55,1,0.16,-143165578.90633336
20240318,23,12,4,4600,4600,42.06,5,SASHI,5,12.633000000000001,143165591.53933334,6.83,6.0,11.052,14.0,0.0,0.04,0,1.0,64.0,6.0,3.0,0.0,0.0,1,2.0,井内 将太郎,24.6,1,0.14,-143165578.90633336
20240318,23,12,5,4330,4330,35.83,3,SASHI,3,12.633000000000001,143165591.53933334,6.81,6.0,10.828999999999999,8.8,1.0,0.0008,0,0.0,44.1,6.0,2.0,0.0,0.0,1,0.0,奈須 啓太,24.17,1,0.13,-143165578.90633336
20240318,23,12,6,3747,3747,63.2,1,SASHI,1,12.633000000000001,143165591.53933334,6.73,6.0,16.018,4.4,1.0,0.0003,0,0.0,33.3,6.0,0.0,0.0,0.0,1,1.0,國崎 良春,40.0,1,0.16,-143165578.90633336
20240318,23,1,1,4839,4839,44.8,2,MAKURI,4,14.236333333333333,10.771333333333331,6.79,5.0,11.532,54.2,0.0,0.16,0,1.0,80.0,5.0,0.0,0.0,0.0,0,0.0,四宮 与寛,25.6,0,0.16,3.4650000000000016
20240318,23,1,2,3591,3591,49.61,1,MAKURI,1,14.236333333333333,10.771333333333331,6.72,5.0,12.838,0.0,0.0,0.15,0,0.0,41.6,5.0,0.0,0.0,0.0,0,0.0,後藤 孝義,33.86,0,0.18,3.4650000000000016
20240318,23,1,3,5244,5244,33.33,5,MAKURI,2,14.236333333333333,10.771333333333331,6.73,5.0,7.943999999999999,25.0,0.0,0.41,0,0.0,75.0,5.0,1.0,0.0,0.0,0,0.0,黒田 剛,22.22,0,0.16,3.4650000000000016
20240318,23,1,4,4981,4981,51.97,3,MAKURI,3,14.236333333333333,10.771333333333331,6.77,5.0,12.646999999999998,5.1,0.0,0.17,0,0.0,51.2,5.0,1.0,0.0,0.0,0,1.0,牧山 敦也,30.71,0,0.17,3.4650000000000016
20240318,23,1,5,4753,4753,58.52,1,MAKURI,5,14.236333333333333,10.771333333333331,6.8,5.0,15.597999999999999,3.2,1.0,0.15,0,0.0,25.8,5.0,0.0,0.0,0.0,0,0.0,森 照夫,41.48,0,0.19,3.4650000000000016
20240318,23,1,6,3212,3212,60.58,4,MAKURI,6,14.236333333333333,10.771333333333331,6.85,5.0,14.464,0.0,0.0,0.2,0,0.0,25.0,5.0,0.0,0.0,0.0,0,0.0,亀本 勇樹,37.96,0,0.24,3.4650000000000016
20240318,23,3,1,4377,4377,42.74,1,NIGE,1,11.360999999999999,14.607999999999999,,6.0,11.296000000000001,66.6,0.0,,0,3.0,87.5,6.0,0.0,0.0,0.0,1,0.0,濱本 優一,25.64,1,0.13,-3.247
20240318,23,3,2,5124,5124,62.31,1,NIGE,1,11.360999999999999,14.607999999999999,,6.0,16.509999999999998,6.6,2.0,,0,0.0,43.3,6.0,0.0,0.0,0.0,1,0.0,上瀧 絢也,45.38,1,0.17,-3.247
20240318,23,3,3,3747,3747,63.2,1,NIGE,1,11.360999999999999,14.607999999999999,,6.0,16.018,20.5,0.0,,0,0.0,64.1,6.0,4.0,0.0,0.0,1,4.0,國崎 良春,40.0,1,0.16,-3.247
20240318,23,3,4,5199,5199,46.92,1,NIGE,1,11.360999999999999,14.607999999999999,,6.0,13.399,13.7,0.0,,,0.0,41.3,6.0,0.0,0.0,0.0,1,4.0,垂水 悠,33.85,1,0.12,-3.247
20240318,23,3,5,3211,3211,42.5,1,NIGE,1,11.360999999999999,14.607999999999999,,6.0,10.624,0.0,0.0,,0,0.0,26.6,6.0,0.0,0.0,0.0,1,0.0,北川 敏弘,25.0,1,0.17,-3.247
20240318,23,3,6,4880,4880,40.71,1,NIGE,1,11.360999999999999,14.607999999999999,,6.0,10.06,3.1,0.0,,0,0.0,34.3,6.0,0.0,0.0,0.0,1,1.0,澤崎 雄哉,22.12,1,0.16,-3.247
20240318,23,4,1,4331,4331,54.48,3,MAKURI_SASHI,5,143165588.77533334,13.656999999999998,6.82,6.0,15.943999999999997,47.0,0.0,0.001,0,1.0,85.2,6.0,0.0,0.0,0.0,1,0.0,三好 勇人,40.3,1,0.12,143165575.11833334
20240318,23,4,2,4355,4355,48.78,2,MAKURI_SASHI,4,143165588.77533334,13.656999999999998,6.8,6.0,12.348,0.0,0.0,0.0009,0,0.0,40.0,6.0,0.0,0.0,0.0,1,0.0,小川 広大,32.52,1,0.18,143165575.11833334
20240318,23,4,3,4384,4384,51.56,4,MAKURI_SASHI,3,143165588.77533334,13.656999999999998,6.77,6.0,12.679,17.3,0.0,0.0015,0,1.0,65.2,6.0,6.0,0.0,0.0,1,1.0,鶴本 崇文,30.47,1,0.16,143165575.11833334
20240318,23,4,4,5307,5307,50.36,5,MAKURI_SASHI,2,143165588.77533334,13.656999999999998,6.75,6.0,11.583,0.0,0.0,0.0016,0,0.0,0.0,6.0,0.0,0.0,0.0,1,0.0,富永 夏哉人,34.31,1,0.12,143165575.11833334
20240318,23,4,5,5142,5142,52.82,6,MAKURI_SASHI,1,143165588.77533334,13.656999999999998,6.66,6.0,429496743.564,4.6,0.0,0.04,0,0.0,44.1,6.0,2.0,0.0,0.0,1,0.0,常住 蓮,33.8,1,0.15,143165575.11833334
20240318,23,4,6,4301,4301,43.9,1,MAKURI_SASHI,6,143165588.77533334,13.656999999999998,6.89,6.0,11.179,0.0,0.0,0.0008,0,0.0,0.0,6.0,0.0,0.0,0.0,1,0.0,関 裕也,26.83,1,0.15,143165575.11833334
20240318,23,5,1,4111,4111,52.63,2,NIGE,2,13.452333333333334,143165589.331,6.79,5.0,13.569,50.0,0.0,0.01,0,2.0,83.3,5.0,0.0,0.0,0.0,0,0.0,奥田 誠,34.59,1,0.17,-143165575.87866667
20240318,23,5,2,4376,4376,54.33,5,NIGE,5,13.452333333333334,143165589.331,6.86,5.0,13.95,16.0,7.0,0.09,0,0.0,66.0,5.0,0.0,0.0,0.0,0,1.0,藤田 靖弘,33.86,1,0.15,-143165575.87866667
20240318,23,5,3,4557,4557,44.85,6,NIGE,1,13.452333333333334,143165589.331,6.77,5.0,429496740.474,5.8,0.0,0.19,0,0.0,38.2,5.0,2.0,0.0,0.0,0,0.0,松尾 光広,27.94,1,0.16,-143165575.87866667
20240318,23,5,4,4776,4776,50.38,3,NIGE,4,13.452333333333334,143165589.331,6.83,5.0,14.716999999999999,14.2,0.0,0.05,1,1.0,68.5,5.0,1.0,0.0,0.0,0,3.0,竹田 和哉,35.11,1,0.16,-143165575.87866667
20240318,23,5,5,4218,4218,46.02,4,NIGE,5,13.452333333333334,143165589.331,6.86,5.0,14.149,2.5,0.0,0.08,0,0.0,48.7,5.0,1.0,0.0,0.0,0,0.0,吉川 喜継,33.63,1,0.17,-143165575.87866667
20240318,23,5,6,4899,4899,45.74,1,NIGE,3,13.452333333333334,143165589.331,6.81,5.0,11.491,15.3,0.0,0.0004,0,0.0,23.0,5.0,1.0,0.0,0.0,0,1.0,占部 一真,30.23,1,0.15,-143165575.87866667
20240318,23,7,1,3461,3461,50.76,1,MAKURI,1,11.296999999999999,10.895000000000001,,6.0,12.106,24.2,0.0,,0,0.0,69.7,6.0,0.0,0.0,0.0,1,0.0,渡邊 哲也,30.3,1,0.14,0.40199999999999747
20240318,23,7,2,4348,4348,41.67,1,MAKURI,1,11.296999999999999,10.895000000000001,,6.0,9.955,14.2,3.0,,0,0.0,57.1,6.0,0.0,0.0,0.0,1,2.0,宮崎 奨,19.17,1,0.17,0.40199999999999747
20240318,23,7,3,3211,3211,42.5,1,MAKURI,1,11.296999999999999,10.895000000000001,,6.0,10.624,2.7,0.0,,0,0.0,36.1,6.0,0.0,0.0,0.0,1,1.0,北川 敏弘,25.0,1,0.16,0.40199999999999747
20240318,23,7,4,3792,3792,46.83,1,MAKURI,1,11.296999999999999,10.895000000000001,,6.0,14.094999999999999,7.5,1.0,,,0.0,65.0,6.0,0.0,0.0,0.0,1,2.0,田中 豪,33.33,1,0.17,0.40199999999999747
20240318,23,7,5,4600,4600,42.06,1,MAKURI,1,11.296999999999999,10.895000000000001,,6.0,11.452,4.7,0.0,,0,0.0,33.3,6.0,1.0,0.0,0.0,1,1.0,井内 将太郎,24.6,1,0.14,0.40199999999999747
20240318,23,7,6,5244,5244,33.33,1,MAKURI,1,11.296999999999999,10.895000000000001,,6.0,8.344,0.0,0.0,,0,0.0,3.2,6.0,0.0,0.0,0.0,1,0.0,黒田 剛,22.22,1,0.16,0.40199999999999747
20240318,23,9,1,4981,4981,51.97,5,MAKURI_SASHI,4,14.693999999999997,143165590.08633333,6.82,6.0,12.447,51.6,0.0,0.09,0,0.0,80.6,6.0,0.0,0.0,0.0,1,0.0,牧山 敦也,30.71,1,0.14,-143165575.39233333
20240318,23,9,2,3661,3661,50.0,1,MAKURI_SASHI,2,14.693999999999997,143165590.08633333,6.77,6.0,14.074,6.0,0.0,0.0001,0,1.0,50.0,6.0,0.0,0.0,0.0,1,1.0,柳瀬 興志,34.62,1,0.19,-143165575.39233333
20240318,23,9,3,3587,3587,53.91,6,MAKURI_SASHI,3,14.693999999999997,143165590.08633333,6.81,6.0,429496743.738,3.7,0.0,0.31,0,0.0,29.6,6.0,0.0,0.0,0.0,1,1.0,武田 信一,39.84,1,0.16,-143165575.39233333
20240318,23,9,4,4063,4063,52.71,3,MAKURI_SASHI,1,14.693999999999997,143165590.08633333,6.76,6.0,13.988,13.6,0.0,0.0009,1,0.0,63.6,6.0,5.0,0.0,0.0,1,0.0,市橋 卓士,32.56,1,0.13,-143165575.39233333
20240318,23,9,5,4331,4331,54.48,2,MAKURI_SASHI,1,14.693999999999997,143165590.08633333,6.76,6.0,16.043999999999997,4.5,0.0,0.0005,0,0.0,29.5,6.0,2.0,0.0,0.0,1,0.0,三好 勇人,40.3,1,0.17,-143165575.39233333
20240318,23,9,6,4376,4376,54.33,4,MAKURI_SASHI,5,14.693999999999997,143165590.08633333,6.92,6.0,14.049999999999999,0.0,0.0,0.02,0,0.0,21.9,6.0,0.0,0.0,0.0,1,0.0,藤田 靖弘,33.86,1,0.2,-143165575.39233333
20240318,24,10,1,4276,4276,60.77,6,NIGE,1,14.546333333333335,143165590.683,6.83,0.0,429496745.985,69.8,0.0,0.04,0,3.0,84.9,1.0,0.0,51.1,34.62,0,0.0,鈴木 勝博,41.99,0,0.15,-143165576.13666666
20240318,24,10,2,4150,4150,54.4,1,NIGE,6,14.546333333333335,143165590.683,6.96,0.0,15.094,19.4,7.0,0.0002,0,0.0,66.6,1.0,0.0,53.3,35.16,0,0.0,山田 雄太,34.62,0,0.13,-143165576.13666666
20240318,24,10,3,4259,4259,37.71,3,NIGE,4,14.546333333333335,143165590.683,6.92,0.0,10.969999999999999,10.8,1.0,0.0007000000000000001,0,1.0,50.0,1.0,1.0,34.09,21.59,0,2.0,真庭 明志,24.0,0,0.15,-143165576.13666666
20240318,24,10,4,4077,4077,47.19,2,NIGE,2,14.546333333333335,143165590.683,6.87,0.0,12.552,8.1,1.0,0.0004,0,0.0,37.8,1.0,0.0,50.84,31.84,0,2.0,品田 直樹,32.02,0,0.18,-143165576.13666666
20240318,24,10,5,4191,4191,57.87,4,NIGE,5,14.546333333333335,143165590.683,6.94,0.0,16.708000000000002,10.5,1.0,0.0024,0,0.0,50.0,1.0,3.0,51.91,32.79,0,0.0,赤羽 克也,42.7,0,0.16,-143165576.13666666
20240318,24,10,6,4700,4700,52.72,5,NIGE,3,14.546333333333335,143165590.683,6.89,0.0,14.379,3.1,0.0,0.0028000000000000004,0,1.0,34.3,1.0,0.0,41.76,27.47,0,0.0,金子 和之,35.87,0,0.19,-143165576.13666666
20240318,24,11,1,4437,4437,39.89,6,NIGE,3,16.733,143165589.76033333,6.88,1.0,429496740.432,65.9,0.0,0.27,0,0.0,84.0,1.0,0.0,60.77,41.44,0,0.0,中田 元泰,23.94,0,0.15,-143165573.02733332
20240318,24,11,2,4594,4594,58.99,1,NIGE,2,16.733,143165589.76033333,6.86,1.0,17.307999999999996,14.5,3.0,0.03,0,0.0,58.3,1.0,0.0,41.76,30.77,0,4.0,谷川 祐一,43.82,0,0.15,-143165573.02733332
20240318,24,11,3,4174,4174,43.09,5,NIGE,4,16.733,143165589.76033333,6.9,1.0,11.541,11.5,1.0,0.14,0,0.0,67.3,1.0,1.0,50.29,31.21,0,4.0,赤坂 俊輔,24.31,0,0.15,-143165573.02733332
20240318,24,11,4,4887,4887,61.33,4,NIGE,3,16.733,143165589.76033333,6.88,1.0,16.729,19.0,1.0,0.13,0,1.0,47.6,1.0,1.0,53.04,32.04,0,5.0,富澤 祐作,44.75,0,0.13,-143165573.02733332
20240318,24,11,5,3849,3849,55.68,3,NIGE,5,16.733,143165589.76033333,6.92,1.0,15.254,7.6,0.0,0.07,0,0.0,34.6,1.0,2.0,59.89,35.16,0,0.0,中岡 正彦,37.5,0,0.13,-143165573.02733332
20240318,24,11,6,3841,3841,68.72,2,NIGE,1,16.733,143165589.76033333,6.81,1.0,18.216,0.0,0.0,0.04,0,0.0,30.7,1.0,0.0,50.28,35.91,0,0.0,佐々木 和伸,48.6,0,0.19,-143165573.02733332
20240318,24,12,1,4566,4566,43.18,2,NIGE,3,143165590.47933334,15.153,6.89,2.0,12.780000000000001,76.7,0.0,0.03,0,0.0,90.4,1.0,0.0,43.33,31.11,0,0.0,塩田 北斗,26.7,0,0.14,143165575.32633334
20240318,24,12,2,4335,4335,57.87,4,NIGE,1,143165590.47933334,15.153,6.85,2.0,17.122,18.1,4.0,0.06,0,2.0,78.7,1.0,0.0,46.71,28.14,0,0.0,若林 将,44.38,0,0.12,143165575.32633334
20240318,24,12,3,4016,4016,55.37,3,NIGE,1,143165590.47933334,15.153,6.85,2.0,15.556999999999999,14.2,1.0,0.04,0,0.0,45.7,1.0,3.0,46.41,31.49,0,1.0,西川 新太郎,40.11,0,0.15,143165575.32633334
20240318,24,12,4,4136,4136,51.89,6,NIGE,2,143165590.47933334,15.153,6.87,2.0,429496744.146,2.5,1.0,0.12,0,0.0,62.5,1.0,0.0,54.8,34.46,0,0.0,江夏 満,36.22,0,0.14,143165575.32633334
20240318,24,12,5,4624,4624,53.51,1,NIGE,2,143165590.47933334,15.153,6.87,2.0,15.418,12.7,0.0,0.01,0,0.0,46.8,1.0,5.0,51.67,31.67,0,1.0,高田 明,37.3,0,0.16,143165575.32633334
20240318,24,12,6,4438,4438,45.36,5,NIGE,4,143165590.47933334,15.153,6.9,2.0,11.874,0.0,0.0,0.07,0,0.0,29.4,1.0,0.0,51.91,33.33,0,0.0,森作 雄大,28.96,0,0.17,143165575.32633334
20240318,24,1,1,3501,3501,48.63,2,NIGE,3,143165588.26933333,12.743,6.83,4.0,12.864,55.8,0.0,0.09,0,0.0,79.4,3.0,0.0,48.9,28.57,0,0.0,川上 昇平,32.24,0,0.16,143165575.52633333
20240318,24,1,2,3773,3773,46.33,1,NIGE,4,143165588.26933333,12.743,6.84,4.0,12.898,5.0,1.0,0.03,0,0.0,35.0,3.0,0.0,51.38,30.94,0,1.0,津留 浩一郎,31.64,0,0.19,143165575.52633333
20240318,24,1,3,3664,3664,49.72,3,NIGE,6,143165588.26933333,12.743,6.86,4.0,12.466999999999999,10.8,0.0,0.13,0,0.0,43.2,3.0,1.0,59.89,37.29,0,3.0,鈴木 賢一,30.73,0,0.16,143165575.52633333
20240318,24,1,4,4129,4129,51.1,4,NIGE,2,143165588.26933333,12.743,6.81,4.0,11.626,6.2,1.0,0.16,0,0.0,31.2,3.0,1.0,58.24,39.01,0,0.0,宇野 博之,29.12,0,0.18,143165575.52633333
20240318,24,1,5,3953,3953,54.05,5,NIGE,1,143165588.26933333,12.743,6.8,4.0,13.367999999999999,0.0,0.0,0.24,0,0.0,9.3,3.0,0.0,59.78,43.02,0,0.0,志道 吉和,36.76,0,0.17,143165575.52633333
20240318,24,1,6,4803,4803,46.45,6,NIGE,5,143165588.26933333,12.743,6.85,4.0,429496739.814,0.0,0.0,0.29,0,0.0,20.0,3.0,0.0,50.84,39.11,0,0.0,飯田 庄吾,25.14,0,0.22,143165575.52633333
20240318,24,2,1,5065,5065,55.31,3,MAKURI_SASHI,3,143165590.44666666,15.515666666666666,6.79,3.0,14.989999999999997,40.7,0.0,0.12,0,0.0,70.3,2.0,0.0,51.38,31.49,0,0.0,伊久間 陽優,39.66,0,0.13,143165574.931
20240318,24,2,2,3718,3718,53.8,5,MAKURI_SASHI,4,143165590.44666666,15.515666666666666,6.82,3.0,13.340999999999998,6.2,1.0,0.17,0,0.0,50.0,2.0,0.0,52.46,36.07,0,1.0,伊達 正利,36.41,0,0.19,143165574.931
20240318,24,2,3,3841,3841,68.72,2,MAKURI_SASHI,2,143165590.44666666,15.515666666666666,6.78,3.0,18.216,20.4,2.0,0.08,0,1.0,65.9,2.0,2.0,50.28,35.91,0,4.0,佐々木 和伸,48.6,0,0.16,143165574.931
20240318,24,2,4,4410,4410,53.26,1,MAKURI_SASHI,4,143165590.44666666,15.515666666666666,6.82,3.0,14.491,17.5,0.0,0.04,1,1.0,55.0,2.0,2.0,44.2,32.04,0,4.0,井上 大輔,35.87,0,0.14,143165574.931
20240318,24,2,5,5268,5268,65.54,6,MAKURI_SASHI,1,143165590.44666666,15.515666666666666,6.77,3.0,429496745.979,0.0,0.0,0.27,0,0.0,20.0,2.0,0.0,46.45,29.51,0,0.0,山本 幸也,51.41,0,0.16,143165574.931
20240318,24,2,6,4259,4259,37.71,4,MAKURI_SASHI,5,143165590.44666666,15.515666666666666,6.86,3.0,10.87,2.7,1.0,0.16,0,0.0,22.2,2.0,0.0,34.09,21.59,0,0.0,真庭 明志,24.0,0,0.15,143165574.931
20240318,24,3,1,4817,4817,50.85,1,NIGE,1,11.245,13.379,,3.0,13.848999999999998,57.5,0.0,,0,0.0,87.5,2.0,0.0,58.24,38.46,0,0.0,渡邉 翼,33.33,0,0.14,-2.1340000000000003
20240318,24,3,2,4438,4438,45.36,1,NIGE,1,11.245,13.379,,3.0,12.274000000000001,11.1,1.0,,0,0.0,62.2,2.0,0.0,51.91,33.33,0,4.0,森作 雄大,28.96,0,0.14,-2.1340000000000003
20240318,24,3,3,4241,4241,47.85,1,NIGE,1,11.245,13.379,,3.0,14.014000000000001,7.6,0.0,,0,1.0,56.4,2.0,1.0,51.37,36.07,0,1.0,大串 重幸,36.02,0,0.16,-2.1340000000000003
20240318,24,3,4,4740,4740,45.51,1,NIGE,1,11.245,13.379,,3.0,12.586,3.2,1.0,,,0.0,25.8,2.0,0.0,48.63,25.68,0,0.0,齋藤 達希,31.46,0,0.18,-2.1340000000000003
20240318,24,3,5,4437,4437,39.89,1,NIGE,1,11.245,13.379,,3.0,11.332,8.8,1.0,,0,0.0,60.0,2.0,1.0,60.77,41.44,0,2.0,中田 元泰,23.94,0,0.15,-2.1340000000000003
20240318,24,3,6,5328,5328,43.43,1,NIGE,1,11.245,13.379,,3.0,9.817,0.0,0.0,,0,0.0,0.0,2.0,0.0,54.75,34.08,0,0.0,井上 慧人,28.57,0,0.22,-2.1340000000000003
20240318,24,4,1,3860,3860,42.46,3,NIGE,1,13.379333333333335,12.065999999999997,6.89,3.0,10.291999999999998,22.2,0.0,0.11,0,0.0,74.0,2.0,0.0,55.19,36.07,0,0.0,松本 浩貴,25.14,0,0.19,1.313333333333338
20240318,24,4,2,3505,3505,44.13,5,NIGE,4,13.379333333333335,12.065999999999997,6.94,3.0,10.788,7.3,2.0,0.26,0,0.0,68.2,2.0,0.0,51.43,30.86,0,1.0,山田 竜一,25.14,0,0.18,1.313333333333338
20240318,24,4,3,4624,4624,53.51,4,NIGE,1,13.379333333333335,12.065999999999997,6.89,3.0,15.117999999999999,25.0,0.0,0.17,0,1.0,62.5,2.0,6.0,51.67,31.67,0,5.0,高田 明,37.3,0,0.15,1.313333333333338
20240318,24,4,4,4752,4752,50.0,2,NIGE,2,13.379333333333335,12.065999999999997,6.9,3.0,12.699000000000002,0.0,0.0,0.0001,1,0.0,35.0,2.0,0.0,48.62,35.36,0,0.0,西尾 亮輔,32.53,0,0.14,1.313333333333338
20240318,24,4,5,4174,4174,43.09,1,NIGE,3,13.379333333333335,12.065999999999997,6.92,3.0,11.941,2.5,0.0,0.0,0,0.0,52.5,2.0,0.0,50.29,31.21,0,1.0,赤坂 俊輔,24.31,0,0.16,1.313333333333338
20240318,24,4,6,3950,3950,62.71,2,NIGE,4,13.379333333333335,12.065999999999997,6.94,3.0,15.498000000000001,0.0,0.0,0.0001,0,0.0,16.0,2.0,0.0,52.46,32.24,0,0.0,石川 哲秀,42.94,0,0.17,1.313333333333338
20240318,24,5,1,4691,4691,49.46,1,NIGE,1,14.148000000000001,14.121,,3.0,13.549000000000001,44.1,0.0,,0,0.0,73.5,2.0,0.0,57.22,42.22,0,0.0,水原 慎,34.95,0,0.12,0.027000000000001023
20240318,24,5,2,3953,3953,54.05,1,NIGE,1,14.148000000000001,14.121,,3.0,13.767999999999999,3.0,1.0,,0,0.0,27.2,2.0,0.0,59.78,43.02,0,0.0,志道 吉和,36.76,0,0.2,0.027000000000001023
20240318,24,5,3,4136,4136,51.89,1,NIGE,1,14.148000000000001,14.121,,3.0,15.046,18.4,2.0,,0,0.0,68.4,2.0,4.0,54.8,34.46,0,1.0,江夏 満,36.22,0,0.13,0.027000000000001023
20240318,24,5,4,3849,3849,55.68,1,NIGE,1,14.148000000000001,14.121,,3.0,15.454,27.5,2.0,,,0.0,67.5,2.0,1.0,59.89,35.16,0,7.0,中岡 正彦,37.5,0,0.11,0.027000000000001023
20240318,24,5,5,5048,5048,55.62,1,NIGE,1,14.148000000000001,14.121,,3.0,14.338000000000001,2.7,1.0,,0,0.0,38.8,2.0,0.0,47.8,33.52,0,0.0,眞鳥 康太,36.52,0,0.2,0.027000000000001023
20240318,24,5,6,4077,4077,47.19,1,NIGE,1,14.148000000000001,14.121,,3.0,12.652,0.0,0.0,,0,0.0,34.3,2.0,0.0,50.84,31.84,0,0.0,品田 直樹,32.02,0,0.2,0.027000000000001023
20240318,24,6,1,4919,4919,46.74,3,NIGE,1,14.411333333333332,143165591.618,6.85,3.0,11.623999999999999,58.3,0.0,0.01,0,0.0,87.5,2.0,0.0,47.22,36.67,0,0.0,吉田 翔悟,27.72,0,0.14,-143165577.20666668
20240318,24,6,2,4191,4191,57.87,4,NIGE,3,14.411333333333332,143165591.618,6.9,3.0,16.708000000000002,26.0,4.0,0.08,0,1.0,76.0,2.0,0.0,51.91,32.79,0,7.0,赤羽 克也,42.7,0,0.14,-143165577.20666668
20240318,24,6,3,4335,4335,57.87,6,NIGE,2,14.411333333333332,143165591.618,6.86,3.0,429496746.522,13.8,0.0,0.12,0,1.0,66.6,2.0,3.0,46.71,28.14,0,1.0,若林 将,44.38,0,0.11,-143165577.20666668
20240318,24,6,4,3501,3501,48.63,5,NIGE,4,14.411333333333332,143165591.618,6.92,3.0,12.564,6.9,0.0,0.09,1,0.0,62.0,2.0,0.0,48.9,28.57,0,1.0,川上 昇平,32.24,0,0.15,-143165577.20666668
20240318,24,6,5,4887,4887,61.33,2,NIGE,5,14.411333333333332,143165591.618,6.93,3.0,16.929,14.6,0.0,0.0012,0,0.0,53.6,2.0,5.0,53.04,32.04,0,1.0,富澤 祐作,44.75,0,0.12,-143165577.20666668
20240318,24,6,6,3718,3718,53.8,1,NIGE,3,14.411333333333332,143165591.618,6.9,3.0,13.740999999999998,0.0,0.0,0.0008,0,0.0,15.6,2.0,0.0,52.46,36.07,0,0.0,伊達 正利,36.41,0,0.21,-143165577.20666668
20240318,24,7,1,3664,3664,49.72,1,MAKURI_SASHI,1,14.591,15.137,,3.0,12.667,59.4,0.0,,0,1.0,81.0,2.0,0.0,59.89,37.29,0,0.0,鈴木 賢一,30.73,0,0.14,-0.5460000000000012
20240318,24,7,2,3922,3922,53.37,1,MAKURI_SASHI,1,14.591,15.137,,3.0,15.436000000000002,8.1,3.0,,0,0.0,35.1,2.0,0.0,55.8,37.02,0,0.0,菅沼 佳昭,42.7,0,0.17,-0.5460000000000012
20240318,24,7,3,4594,4594,58.99,1,MAKURI_SASHI,1,14.591,15.137,,3.0,17.307999999999996,11.3,2.0,,0,0.0,56.6,2.0,3.0,41.76,30.77,0,1.0,谷川 祐一,43.82,0,0.15,-0.5460000000000012
20240318,24,7,4,4566,4566,43.18,1,MAKURI_SASHI,1,14.591,15.137,,3.0,12.88,15.2,1.0,,,0.0,63.0,2.0,3.0,43.33,31.11,0,3.0,塩田 北斗,26.7,0,0.14,-0.5460000000000012
20240318,24,7,5,4241,4241,47.85,1,MAKURI_SASHI,1,14.591,15.137,,3.0,14.014000000000001,0.0,0.0,,0,0.0,28.5,2.0,0.0,51.37,36.07,0,0.0,大串 重幸,36.02,0,0.17,-0.5460000000000012
20240318,24,7,6,5268,5268,65.54,1,MAKURI_SASHI,1,14.591,15.137,,3.0,16.878999999999998,0.0,0.0,,0,0.0,2.4,2.0,0.0,46.45,29.51,0,0.0,山本 幸也,51.41,0,0.2,-0.5460000000000012
20240318,24,8,1,4016,4016,55.37,6,MAKURI,1,11.632999999999997,143165591.36433333,6.81,2.0,429496744.857,47.0,0.0,0.11,0,0.0,85.2,1.0,0.0,46.41,31.49,0,0.0,西川 新太郎,40.11,0,0.15,-143165579.73133335
20240318,24,8,2,4410,4410,53.26,2,MAKURI,4,11.632999999999997,143165591.36433333,6.84,2.0,14.391,20.6,3.0,0.0002,0,0.0,51.7,1.0,0.0,44.2,32.04,0,3.0,井上 大輔,35.87,0,0.18,-143165579.73133335
20240318,24,8,3,4452,4452,52.46,4,MAKURI,5,11.632999999999997,143165591.36433333,6.85,2.0,14.844999999999999,13.6,0.0,0.0006,0,0.0,75.0,1.0,1.0,39.33,20.22,0,5.0,松尾 祭,36.07,0,0.15,-143165579.73133335
20240318,24,8,4,4254,4254,44.57,3,MAKURI,2,11.632999999999997,143165591.36433333,6.82,2.0,11.113999999999997,0.0,0.0,0.0004,0,0.0,60.4,1.0,0.0,41.44,28.18,0,0.0,川島 圭司,25.54,0,0.13,-143165579.73133335
20240318,24,8,5,3790,3790,37.57,1,MAKURI,6,11.632999999999997,143165591.36433333,6.88,2.0,10.540000000000001,8.8,0.0,0.0001,0,0.0,35.2,1.0,3.0,52.49,36.46,0,0.0,佐口 達也,23.76,0,0.18,-143165579.73133335
20240318,24,8,6,4949,4949,46.7,5,MAKURI,3,11.632999999999997,143165591.36433333,6.83,2.0,13.245,0.0,0.0,0.01,0,0.0,30.7,1.0,0.0,45.61,26.9,0,0.0,横田 貴満,32.97,0,0.2,-143165579.73133335
20240318,24,9,1,4553,4553,49.18,2,NIGE,1,12.196333333333333,13.134333333333336,6.8,1.0,13.155000000000001,58.8,0.0,0.0006,0,0.0,91.1,1.0,0.0,46.67,32.78,0,0.0,坪口 竜也,31.69,0,0.16,-0.9380000000000024
20240318,24,9,2,4740,4740,45.51,4,NIGE,4,12.196333333333333,13.134333333333336,6.87,1.0,12.286,3.5,0.0,0.14,0,0.0,53.5,1.0,0.0,48.63,25.68,0,1.0,齋藤 達希,31.46,0,0.16,-0.9380000000000024
20240318,24,9,3,4832,4832,52.69,2,NIGE,4,12.196333333333333,13.134333333333336,6.87,1.0,13.962,17.7,0.0,0.0006,0,1.0,66.6,1.0,4.0,60.44,46.7,0,3.0,権藤 俊光,31.72,0,0.16,-0.9380000000000024
20240318,24,9,4,3746,3746,48.09,1,NIGE,2,12.196333333333333,13.134333333333336,6.82,1.0,12.649000000000001,3.8,0.0,0.0001,0,1.0,59.6,1.0,0.0,48.6,31.84,0,1.0,岡瀬 正人,30.05,0,0.18,-0.9380000000000024
20240318,24,9,5,3860,3860,42.46,4,NIGE,5,12.196333333333333,13.134333333333336,6.91,1.0,10.191999999999998,2.8,1.0,0.14,0,0.0,20.0,1.0,0.0,55.19,36.07,0,0.0,松本 浩貴,25.14,0,0.21,-0.9380000000000024
20240318,24,9,6,4593,4593,54.7,3,NIGE,3,12.196333333333333,13.134333333333336,6.85,1.0,13.748000000000001,3.4,0.0,0.13,0,0.0,20.6,1.0,0.0,61.11,43.89,0,1.0,小坂 宗司,33.7,0,0.16,-0.9380000000000024
